source_run,source_artifact,model_identifier,family,split,plan_id,edit_method,case_id,status,target_layer,edit_success,candidate_version,selected_layer,score,margin,localized_layer,presence_peak_layer,B0,B1,B2
rome-math-n50-deepseek-7b-base-v1,analysis_out/rome-math-n50-deepseek-7b-base-v1/plans/deepseek-7b-base/cases0-49_r01/methods/rome/captures/rome-math-ablation.json,deepseek-7b-base,deepseek,development,cases0-49_r01,rome,0,complete,5,True,M0,5,0.08669508248567581,0.041992709040641785,5,5,True,not_evaluated_uncalibrated,True
rome-math-n50-deepseek-7b-base-v1,analysis_out/rome-math-n50-deepseek-7b-base-v1/plans/deepseek-7b-base/cases0-49_r01/methods/rome/captures/rome-math-ablation.json,deepseek-7b-base,deepseek,development,cases0-49_r01,rome,0,complete,5,True,M1,5,0.08594760298728943,0.04295220971107483,5,5,True,not_evaluated_uncalibrated,True
rome-math-n50-deepseek-7b-base-v1,analysis_out/rome-math-n50-deepseek-7b-base-v1/plans/deepseek-7b-base/cases0-49_r01/methods/rome/captures/rome-math-ablation.json,deepseek-7b-base,deepseek,development,cases0-49_r01,rome,0,complete,5,True,M2,5,182.10560361426667,178.92154067122388,5,5,True,not_evaluated_uncalibrated,True
rome-math-n50-deepseek-7b-base-v1,analysis_out/rome-math-n50-deepseek-7b-base-v1/plans/deepseek-7b-base/cases0-49_r01/methods/rome/captures/rome-math-ablation.json,deepseek-7b-base,deepseek,development,cases0-49_r01,rome,0,complete,5,True,M3,5,321.3453369140625,316.8118815422058,5,5,True,not_evaluated_uncalibrated,True
rome-math-n50-deepseek-7b-base-v1,analysis_out/rome-math-n50-deepseek-7b-base-v1/plans/deepseek-7b-base/cases0-49_r01/methods/rome/captures/rome-math-ablation.json,deepseek-7b-base,deepseek,development,cases0-49_r01,rome,0,complete,5,True,M0_raw,5,4380.2294921875,2130.197265625,5,5,True,not_evaluated_uncalibrated,True
rome-math-n50-deepseek-7b-base-v1,analysis_out/rome-math-n50-deepseek-7b-base-v1/plans/deepseek-7b-base/cases0-49_r01/methods/rome/captures/rome-math-ablation.json,deepseek-7b-base,deepseek,development,cases0-49_r01,rome,0,complete,5,True,M1_raw,5,4345.19921875,2171.745361328125,5,5,True,not_evaluated_uncalibrated,True
rome-math-n50-deepseek-7b-base-v1,analysis_out/rome-math-n50-deepseek-7b-base-v1/plans/deepseek-7b-base/cases0-49_r01/methods/rome/captures/rome-math-ablation.json,deepseek-7b-base,deepseek,development,cases0-49_r01,rome,1,complete,5,True,M0,5,0.055662695318460464,0.025774434208869934,5,5,True,not_evaluated_uncalibrated,True
rome-math-n50-deepseek-7b-base-v1,analysis_out/rome-math-n50-deepseek-7b-base-v1/plans/deepseek-7b-base/cases0-49_r01/methods/rome/captures/rome-math-ablation.json,deepseek-7b-base,deepseek,development,cases0-49_r01,rome,1,complete,5,True,M1,5,0.05445395037531853,0.02718907594680786,5,5,True,not_evaluated_uncalibrated,True
rome-math-n50-deepseek-7b-base-v1,analysis_out/rome-math-n50-deepseek-7b-base-v1/plans/deepseek-7b-base/cases0-49_r01/methods/rome/captures/rome-math-ablation.json,deepseek-7b-base,deepseek,development,cases0-49_r01,rome,1,complete,5,True,M2,5,111.46205690963144,108.27799396658865,5,5,True,not_evaluated_uncalibrated,True
rome-math-n50-deepseek-7b-base-v1,analysis_out/rome-math-n50-deepseek-7b-base-v1/plans/deepseek-7b-base/cases0-49_r01/methods/rome/captures/rome-math-ablation.json,deepseek-7b-base,deepseek,development,cases0-49_r01,rome,1,complete,5,True,M3,5,204.02244567871094,199.48899030685425,5,5,True,not_evaluated_uncalibrated,True
rome-math-n50-deepseek-7b-base-v1,analysis_out/rome-math-n50-deepseek-7b-base-v1/plans/deepseek-7b-base/cases0-49_r01/methods/rome/captures/rome-math-ablation.json,deepseek-7b-base,deepseek,development,cases0-49_r01,rome,1,complete,5,True,M0_raw,5,2718.034423828125,1264.530029296875,5,5,True,not_evaluated_uncalibrated,True
rome-math-n50-deepseek-7b-base-v1,analysis_out/rome-math-n50-deepseek-7b-base-v1/plans/deepseek-7b-base/cases0-49_r01/methods/rome/captures/rome-math-ablation.json,deepseek-7b-base,deepseek,development,cases0-49_r01,rome,1,complete,5,True,M1_raw,5,2661.210693359375,1329.122314453125,5,5,True,not_evaluated_uncalibrated,True
rome-math-n50-deepseek-7b-base-v1,analysis_out/rome-math-n50-deepseek-7b-base-v1/plans/deepseek-7b-base/cases0-49_r01/methods/rome/captures/rome-math-ablation.json,deepseek-7b-base,deepseek,development,cases0-49_r01,rome,2,complete,5,True,M0,5,0.03341703861951828,0.013476839289069176,5,5,True,not_evaluated_uncalibrated,True
rome-math-n50-deepseek-7b-base-v1,analysis_out/rome-math-n50-deepseek-7b-base-v1/plans/deepseek-7b-base/cases0-49_r01/methods/rome/captures/rome-math-ablation.json,deepseek-7b-base,deepseek,development,cases0-49_r01,rome,2,complete,5,True,M1,5,0.03130677342414856,0.01560216024518013,5,5,True,not_evaluated_uncalibrated,True
rome-math-n50-deepseek-7b-base-v1,analysis_out/rome-math-n50-deepseek-7b-base-v1/plans/deepseek-7b-base/cases0-49_r01/methods/rome/captures/rome-math-ablation.json,deepseek-7b-base,deepseek,development,cases0-49_r01,rome,2,complete,5,True,M2,5,60.53387104543676,57.349808102393965,5,5,True,not_evaluated_uncalibrated,True
rome-math-n50-deepseek-7b-base-v1,analysis_out/rome-math-n50-deepseek-7b-base-v1/plans/deepseek-7b-base/cases0-49_r01/methods/rome/captures/rome-math-ablation.json,deepseek-7b-base,deepseek,development,cases0-49_r01,rome,2,complete,5,True,M3,5,105.98851013183594,101.45505475997925,5,5,True,not_evaluated_uncalibrated,True
rome-math-n50-deepseek-7b-base-v1,analysis_out/rome-math-n50-deepseek-7b-base-v1/plans/deepseek-7b-base/cases0-49_r01/methods/rome/captures/rome-math-ablation.json,deepseek-7b-base,deepseek,development,cases0-49_r01,rome,2,complete,5,True,M0_raw,5,1592.4168701171875,643.86376953125,5,5,True,not_evaluated_uncalibrated,True
rome-math-n50-deepseek-7b-base-v1,analysis_out/rome-math-n50-deepseek-7b-base-v1/plans/deepseek-7b-base/cases0-49_r01/methods/rome/captures/rome-math-ablation.json,deepseek-7b-base,deepseek,development,cases0-49_r01,rome,2,complete,5,True,M1_raw,5,1493.3829345703125,744.3577270507812,5,5,True,not_evaluated_uncalibrated,True
rome-math-n50-deepseek-7b-base-v1,analysis_out/rome-math-n50-deepseek-7b-base-v1/plans/deepseek-7b-base/cases0-49_r01/methods/rome/captures/rome-math-ablation.json,deepseek-7b-base,deepseek,development,cases0-49_r01,rome,3,complete,5,True,M0,5,0.5889832973480225,0.29428091645240784,5,5,True,not_evaluated_uncalibrated,True
rome-math-n50-deepseek-7b-base-v1,analysis_out/rome-math-n50-deepseek-7b-base-v1/plans/deepseek-7b-base/cases0-49_r01/methods/rome/captures/rome-math-ablation.json,deepseek-7b-base,deepseek,development,cases0-49_r01,rome,3,complete,5,True,M1,5,0.5888347029685974,0.29441696405410767,5,5,True,not_evaluated_uncalibrated,True
rome-math-n50-deepseek-7b-base-v1,analysis_out/rome-math-n50-deepseek-7b-base-v1/plans/deepseek-7b-base/cases0-49_r01/methods/rome/captures/rome-math-ablation.json,deepseek-7b-base,deepseek,development,cases0-49_r01,rome,3,complete,5,True,M2,5,227.2069500001572,224.02288705711442,5,5,True,not_evaluated_uncalibrated,True
rome-math-n50-deepseek-7b-base-v1,analysis_out/rome-math-n50-deepseek-7b-base-v1/plans/deepseek-7b-base/cases0-49_r01/methods/rome/captures/rome-math-ablation.json,deepseek-7b-base,deepseek,development,cases0-49_r01,rome,3,complete,5,True,M3,5,2100.099853515625,2095.5663981437683,5,5,True,not_evaluated_uncalibrated,True
rome-math-n50-deepseek-7b-base-v1,analysis_out/rome-math-n50-deepseek-7b-base-v1/plans/deepseek-7b-base/cases0-49_r01/methods/rome/captures/rome-math-ablation.json,deepseek-7b-base,deepseek,development,cases0-49_r01,rome,3,complete,5,True,M0_raw,5,66209.4921875,33100.890625,5,5,True,not_evaluated_uncalibrated,True
rome-math-n50-deepseek-7b-base-v1,analysis_out/rome-math-n50-deepseek-7b-base-v1/plans/deepseek-7b-base/cases0-49_r01/methods/rome/captures/rome-math-ablation.json,deepseek-7b-base,deepseek,development,cases0-49_r01,rome,3,complete,5,True,M1_raw,5,66207.1953125,33103.7109375,5,5,True,not_evaluated_uncalibrated,True
rome-math-n50-deepseek-7b-base-v1,analysis_out/rome-math-n50-deepseek-7b-base-v1/plans/deepseek-7b-base/cases0-49_r01/methods/rome/captures/rome-math-ablation.json,deepseek-7b-base,deepseek,development,cases0-49_r01,rome,4,complete,5,True,M0,5,0.5435534119606018,0.271548330783844,5,5,True,not_evaluated_uncalibrated,True
rome-math-n50-deepseek-7b-base-v1,analysis_out/rome-math-n50-deepseek-7b-base-v1/plans/deepseek-7b-base/cases0-49_r01/methods/rome/captures/rome-math-ablation.json,deepseek-7b-base,deepseek,development,cases0-49_r01,rome,4,complete,5,True,M1,5,0.5434042811393738,0.2717006206512451,5,5,True,not_evaluated_uncalibrated,True
rome-math-n50-deepseek-7b-base-v1,analysis_out/rome-math-n50-deepseek-7b-base-v1/plans/deepseek-7b-base/cases0-49_r01/methods/rome/captures/rome-math-ablation.json,deepseek-7b-base,deepseek,development,cases0-49_r01,rome,4,complete,5,True,M2,5,212.91558550971902,209.73152256667623,5,5,True,not_evaluated_uncalibrated,True
rome-math-n50-deepseek-7b-base-v1,analysis_out/rome-math-n50-deepseek-7b-base-v1/plans/deepseek-7b-base/cases0-49_r01/methods/rome/captures/rome-math-ablation.json,deepseek-7b-base,deepseek,development,cases0-49_r01,rome,4,complete,5,True,M3,5,2086.2158203125,2081.6823649406433,5,5,True,not_evaluated_uncalibrated,True
rome-math-n50-deepseek-7b-base-v1,analysis_out/rome-math-n50-deepseek-7b-base-v1/plans/deepseek-7b-base/cases0-49_r01/methods/rome/captures/rome-math-ablation.json,deepseek-7b-base,deepseek,development,cases0-49_r01,rome,4,complete,5,True,M0_raw,5,55015.828125,27503.203125,5,5,True,not_evaluated_uncalibrated,True
rome-math-n50-deepseek-7b-base-v1,analysis_out/rome-math-n50-deepseek-7b-base-v1/plans/deepseek-7b-base/cases0-49_r01/methods/rome/captures/rome-math-ablation.json,deepseek-7b-base,deepseek,development,cases0-49_r01,rome,4,complete,5,True,M1_raw,5,55013.05859375,27506.59375,5,5,True,not_evaluated_uncalibrated,True
rome-math-n50-deepseek-7b-base-v1,analysis_out/rome-math-n50-deepseek-7b-base-v1/plans/deepseek-7b-base/cases0-49_r01/methods/rome/captures/rome-math-ablation.json,deepseek-7b-base,deepseek,development,cases0-49_r01,rome,5,complete,5,True,M0,5,0.05569769814610481,0.02578926272690296,5,5,True,not_evaluated_uncalibrated,True
rome-math-n50-deepseek-7b-base-v1,analysis_out/rome-math-n50-deepseek-7b-base-v1/plans/deepseek-7b-base/cases0-49_r01/methods/rome/captures/rome-math-ablation.json,deepseek-7b-base,deepseek,development,cases0-49_r01,rome,5,complete,5,True,M1,5,0.05448990315198898,0.02721068635582924,5,5,True,not_evaluated_uncalibrated,True
rome-math-n50-deepseek-7b-base-v1,analysis_out/rome-math-n50-deepseek-7b-base-v1/plans/deepseek-7b-base/cases0-49_r01/methods/rome/captures/rome-math-ablation.json,deepseek-7b-base,deepseek,development,cases0-49_r01,rome,5,complete,5,True,M2,5,110.23616176805677,107.05209882501399,5,5,True,not_evaluated_uncalibrated,True
rome-math-n50-deepseek-7b-base-v1,analysis_out/rome-math-n50-deepseek-7b-base-v1/plans/deepseek-7b-base/cases0-49_r01/methods/rome/captures/rome-math-ablation.json,deepseek-7b-base,deepseek,development,cases0-49_r01,rome,5,complete,5,True,M3,5,197.00660705566406,192.47315168380737,5,5,True,not_evaluated_uncalibrated,True
rome-math-n50-deepseek-7b-base-v1,analysis_out/rome-math-n50-deepseek-7b-base-v1/plans/deepseek-7b-base/cases0-49_r01/methods/rome/captures/rome-math-ablation.json,deepseek-7b-base,deepseek,development,cases0-49_r01,rome,5,complete,5,True,M0_raw,5,2719.853515625,1265.318603515625,5,5,True,not_evaluated_uncalibrated,True
rome-math-n50-deepseek-7b-base-v1,analysis_out/rome-math-n50-deepseek-7b-base-v1/plans/deepseek-7b-base/cases0-49_r01/methods/rome/captures/rome-math-ablation.json,deepseek-7b-base,deepseek,development,cases0-49_r01,rome,5,complete,5,True,M1_raw,5,2663.07470703125,1330.0504150390625,5,5,True,not_evaluated_uncalibrated,True
rome-math-n50-deepseek-7b-base-v1,analysis_out/rome-math-n50-deepseek-7b-base-v1/plans/deepseek-7b-base/cases0-49_r01/methods/rome/captures/rome-math-ablation.json,deepseek-7b-base,deepseek,development,cases0-49_r01,rome,6,complete,5,True,M0,5,0.06954909861087799,0.03310173377394676,5,5,True,not_evaluated_uncalibrated,True
rome-math-n50-deepseek-7b-base-v1,analysis_out/rome-math-n50-deepseek-7b-base-v1/plans/deepseek-7b-base/cases0-49_r01/methods/rome/captures/rome-math-ablation.json,deepseek-7b-base,deepseek,development,cases0-49_r01,rome,6,complete,5,True,M1,5,0.06859960407018661,0.034272413700819016,5,5,True,not_evaluated_uncalibrated,True
rome-math-n50-deepseek-7b-base-v1,analysis_out/rome-math-n50-deepseek-7b-base-v1/plans/deepseek-7b-base/cases0-49_r01/methods/rome/captures/rome-math-ablation.json,deepseek-7b-base,deepseek,development,cases0-49_r01,rome,6,complete,5,True,M2,5,141.73130832537458,138.5472453823318,5,5,True,not_evaluated_uncalibrated,True
rome-math-n50-deepseek-7b-base-v1,analysis_out/rome-math-n50-deepseek-7b-base-v1/plans/deepseek-7b-base/cases0-49_r01/methods/rome/captures/rome-math-ablation.json,deepseek-7b-base,deepseek,development,cases0-49_r01,rome,6,complete,5,True,M3,5,251.48451232910156,246.95105695724487,5,5,True,not_evaluated_uncalibrated,True
rome-math-n50-deepseek-7b-base-v1,analysis_out/rome-math-n50-deepseek-7b-base-v1/plans/deepseek-7b-base/cases0-49_r01/methods/rome/captures/rome-math-ablation.json,deepseek-7b-base,deepseek,development,cases0-49_r01,rome,6,complete,5,True,M0_raw,5,3448.14306640625,1648.5115966796875,5,5,True,not_evaluated_uncalibrated,True
rome-math-n50-deepseek-7b-base-v1,analysis_out/rome-math-n50-deepseek-7b-base-v1/plans/deepseek-7b-base/cases0-49_r01/methods/rome/captures/rome-math-ablation.json,deepseek-7b-base,deepseek,development,cases0-49_r01,rome,6,complete,5,True,M1_raw,5,3403.532958984375,1700.6181640625,5,5,True,not_evaluated_uncalibrated,True
rome-math-n50-deepseek-7b-base-v1,analysis_out/rome-math-n50-deepseek-7b-base-v1/plans/deepseek-7b-base/cases0-49_r01/methods/rome/captures/rome-math-ablation.json,deepseek-7b-base,deepseek,development,cases0-49_r01,rome,7,complete,5,True,M0,5,0.14642508327960968,0.07240293174982071,5,5,True,not_evaluated_uncalibrated,True
rome-math-n50-deepseek-7b-base-v1,analysis_out/rome-math-n50-deepseek-7b-base-v1/plans/deepseek-7b-base/cases0-49_r01/methods/rome/captures/rome-math-ablation.json,deepseek-7b-base,deepseek,development,cases0-49_r01,rome,7,complete,5,True,M1,5,0.14600232243537903,0.07299380749464035,5,5,True,not_evaluated_uncalibrated,True
rome-math-n50-deepseek-7b-base-v1,analysis_out/rome-math-n50-deepseek-7b-base-v1/plans/deepseek-7b-base/cases0-49_r01/methods/rome/captures/rome-math-ablation.json,deepseek-7b-base,deepseek,development,cases0-49_r01,rome,7,complete,5,True,M2,5,322.03805614794567,318.85399320490285,5,5,True,not_evaluated_uncalibrated,True
rome-math-n50-deepseek-7b-base-v1,analysis_out/rome-math-n50-deepseek-7b-base-v1/plans/deepseek-7b-base/cases0-49_r01/methods/rome/captures/rome-math-ablation.json,deepseek-7b-base,deepseek,development,cases0-49_r01,rome,7,complete,5,True,M3,5,520.179931640625,515.6464762687683,5,5,True,not_evaluated_uncalibrated,True
rome-math-n50-deepseek-7b-base-v1,analysis_out/rome-math-n50-deepseek-7b-base-v1/plans/deepseek-7b-base/cases0-49_r01/methods/rome/captures/rome-math-ablation.json,deepseek-7b-base,deepseek,development,cases0-49_r01,rome,7,complete,5,True,M0_raw,5,7920.02294921875,3926.86572265625,5,5,True,not_evaluated_uncalibrated,True
rome-math-n50-deepseek-7b-base-v1,analysis_out/rome-math-n50-deepseek-7b-base-v1/plans/deepseek-7b-base/cases0-49_r01/methods/rome/captures/rome-math-ablation.json,deepseek-7b-base,deepseek,development,cases0-49_r01,rome,7,complete,5,True,M1_raw,5,7900.7041015625,3950.192138671875,5,5,True,not_evaluated_uncalibrated,True
rome-math-n50-deepseek-7b-base-v1,analysis_out/rome-math-n50-deepseek-7b-base-v1/plans/deepseek-7b-base/cases0-49_r01/methods/rome/captures/rome-math-ablation.json,deepseek-7b-base,deepseek,development,cases0-49_r01,rome,8,complete,5,True,M0,5,0.05940710008144379,0.027764730155467987,5,5,True,not_evaluated_uncalibrated,True
rome-math-n50-deepseek-7b-base-v1,analysis_out/rome-math-n50-deepseek-7b-base-v1/plans/deepseek-7b-base/cases0-49_r01/methods/rome/captures/rome-math-ablation.json,deepseek-7b-base,deepseek,development,cases0-49_r01,rome,8,complete,5,True,M1,5,0.05828080326318741,0.029109645634889603,5,5,True,not_evaluated_uncalibrated,True
rome-math-n50-deepseek-7b-base-v1,analysis_out/rome-math-n50-deepseek-7b-base-v1/plans/deepseek-7b-base/cases0-49_r01/methods/rome/captures/rome-math-ablation.json,deepseek-7b-base,deepseek,development,cases0-49_r01,rome,8,complete,5,True,M2,5,118.06152341216705,114.87746046912426,5,5,True,not_evaluated_uncalibrated,True
rome-math-n50-deepseek-7b-base-v1,analysis_out/rome-math-n50-deepseek-7b-base-v1/plans/deepseek-7b-base/cases0-49_r01/methods/rome/captures/rome-math-ablation.json,deepseek-7b-base,deepseek,development,cases0-49_r01,rome,8,complete,5,True,M3,5,206.1396026611328,201.60614728927612,5,5,True,not_evaluated_uncalibrated,True
rome-math-n50-deepseek-7b-base-v1,analysis_out/rome-math-n50-deepseek-7b-base-v1/plans/deepseek-7b-base/cases0-49_r01/methods/rome/captures/rome-math-ablation.json,deepseek-7b-base,deepseek,development,cases0-49_r01,rome,8,complete,5,True,M0_raw,5,2912.77880859375,1367.7384033203125,5,5,True,not_evaluated_uncalibrated,True
rome-math-n50-deepseek-7b-base-v1,analysis_out/rome-math-n50-deepseek-7b-base-v1/plans/deepseek-7b-base/cases0-49_r01/methods/rome/captures/rome-math-ablation.json,deepseek-7b-base,deepseek,development,cases0-49_r01,rome,8,complete,5,True,M1_raw,5,2859.832763671875,1428.609130859375,5,5,True,not_evaluated_uncalibrated,True
rome-math-n50-deepseek-7b-base-v1,analysis_out/rome-math-n50-deepseek-7b-base-v1/plans/deepseek-7b-base/cases0-49_r01/methods/rome/captures/rome-math-ablation.json,deepseek-7b-base,deepseek,development,cases0-49_r01,rome,9,complete,5,True,M0,5,0.12623557448387146,0.06217566877603531,5,5,True,not_evaluated_uncalibrated,True
rome-math-n50-deepseek-7b-base-v1,analysis_out/rome-math-n50-deepseek-7b-base-v1/plans/deepseek-7b-base/cases0-49_r01/methods/rome/captures/rome-math-ablation.json,deepseek-7b-base,deepseek,development,cases0-49_r01,rome,9,complete,5,True,M1,5,0.12573905289173126,0.06285423040390015,5,5,True,not_evaluated_uncalibrated,True
rome-math-n50-deepseek-7b-base-v1,analysis_out/rome-math-n50-deepseek-7b-base-v1/plans/deepseek-7b-base/cases0-49_r01/methods/rome/captures/rome-math-ablation.json,deepseek-7b-base,deepseek,development,cases0-49_r01,rome,9,complete,5,True,M2,5,271.0959096497979,267.91184670675506,5,5,True,not_evaluated_uncalibrated,True
rome-math-n50-deepseek-7b-base-v1,analysis_out/rome-math-n50-deepseek-7b-base-v1/plans/deepseek-7b-base/cases0-49_r01/methods/rome/captures/rome-math-ablation.json,deepseek-7b-base,deepseek,development,cases0-49_r01,rome,9,complete,5,True,M3,5,448.3434143066406,443.80995893478394,5,5,True,not_evaluated_uncalibrated,True
rome-math-n50-deepseek-7b-base-v1,analysis_out/rome-math-n50-deepseek-7b-base-v1/plans/deepseek-7b-base/cases0-49_r01/methods/rome/captures/rome-math-ablation.json,deepseek-7b-base,deepseek,development,cases0-49_r01,rome,9,complete,5,True,M0_raw,5,6669.38427734375,3295.049072265625,5,5,True,not_evaluated_uncalibrated,True
rome-math-n50-deepseek-7b-base-v1,analysis_out/rome-math-n50-deepseek-7b-base-v1/plans/deepseek-7b-base/cases0-49_r01/methods/rome/captures/rome-math-ablation.json,deepseek-7b-base,deepseek,development,cases0-49_r01,rome,9,complete,5,True,M1_raw,5,6646.431640625,3322.6650390625,5,5,True,not_evaluated_uncalibrated,True
rome-math-n50-deepseek-7b-base-v1,analysis_out/rome-math-n50-deepseek-7b-base-v1/plans/deepseek-7b-base/cases0-49_r01/methods/rome/captures/rome-math-ablation.json,deepseek-7b-base,deepseek,development,cases0-49_r01,rome,10,complete,5,True,M0,5,0.5762581825256348,0.2879151701927185,5,5,True,not_evaluated_uncalibrated,True
rome-math-n50-deepseek-7b-base-v1,analysis_out/rome-math-n50-deepseek-7b-base-v1/plans/deepseek-7b-base/cases0-49_r01/methods/rome/captures/rome-math-ablation.json,deepseek-7b-base,deepseek,development,cases0-49_r01,rome,10,complete,5,True,M1,5,0.5761096477508545,0.2880556285381317,5,5,True,not_evaluated_uncalibrated,True
rome-math-n50-deepseek-7b-base-v1,analysis_out/rome-math-n50-deepseek-7b-base-v1/plans/deepseek-7b-base/cases0-49_r01/methods/rome/captures/rome-math-ablation.json,deepseek-7b-base,deepseek,development,cases0-49_r01,rome,10,complete,5,True,M2,5,223.28081247564154,220.09674953259875,5,5,True,not_evaluated_uncalibrated,True
rome-math-n50-deepseek-7b-base-v1,analysis_out/rome-math-n50-deepseek-7b-base-v1/plans/deepseek-7b-base/cases0-49_r01/methods/rome/captures/rome-math-ablation.json,deepseek-7b-base,deepseek,development,cases0-49_r01,rome,10,complete,5,True,M3,5,2206.2529296875,2201.7194743156433,5,5,True,not_evaluated_uncalibrated,True
rome-math-n50-deepseek-7b-base-v1,analysis_out/rome-math-n50-deepseek-7b-base-v1/plans/deepseek-7b-base/cases0-49_r01/methods/rome/captures/rome-math-ablation.json,deepseek-7b-base,deepseek,development,cases0-49_r01,rome,10,complete,5,True,M0_raw,5,62829.328125,31410.654296875,5,5,True,not_evaluated_uncalibrated,True
rome-math-n50-deepseek-7b-base-v1,analysis_out/rome-math-n50-deepseek-7b-base-v1/plans/deepseek-7b-base/cases0-49_r01/methods/rome/captures/rome-math-ablation.json,deepseek-7b-base,deepseek,development,cases0-49_r01,rome,10,complete,5,True,M1_raw,5,62826.89453125,31413.609375,5,5,True,not_evaluated_uncalibrated,True
rome-math-n50-deepseek-7b-base-v1,analysis_out/rome-math-n50-deepseek-7b-base-v1/plans/deepseek-7b-base/cases0-49_r01/methods/rome/captures/rome-math-ablation.json,deepseek-7b-base,deepseek,development,cases0-49_r01,rome,11,complete,5,True,M0,5,0.49117401242256165,0.24534647166728973,5,5,True,not_evaluated_uncalibrated,True
rome-math-n50-deepseek-7b-base-v1,analysis_out/rome-math-n50-deepseek-7b-base-v1/plans/deepseek-7b-base/cases0-49_r01/methods/rome/captures/rome-math-ablation.json,deepseek-7b-base,deepseek,development,cases0-49_r01,rome,11,complete,5,True,M1,5,0.4910218119621277,0.24550990760326385,5,5,True,not_evaluated_uncalibrated,True
rome-math-n50-deepseek-7b-base-v1,analysis_out/rome-math-n50-deepseek-7b-base-v1/plans/deepseek-7b-base/cases0-49_r01/methods/rome/captures/rome-math-ablation.json,deepseek-7b-base,deepseek,development,cases0-49_r01,rome,11,complete,5,True,M2,5,196.23649742622018,193.0524344831774,5,5,True,not_evaluated_uncalibrated,True
rome-math-n50-deepseek-7b-base-v1,analysis_out/rome-math-n50-deepseek-7b-base-v1/plans/deepseek-7b-base/cases0-49_r01/methods/rome/captures/rome-math-ablation.json,deepseek-7b-base,deepseek,development,cases0-49_r01,rome,11,complete,5,True,M3,5,1694.9344482421875,1690.4009928703308,5,5,True,not_evaluated_uncalibrated,True
rome-math-n50-deepseek-7b-base-v1,analysis_out/rome-math-n50-deepseek-7b-base-v1/plans/deepseek-7b-base/cases0-49_r01/methods/rome/captures/rome-math-ablation.json,deepseek-7b-base,deepseek,development,cases0-49_r01,rome,11,complete,5,True,M0_raw,5,44598.21875,22293.791015625,5,5,True,not_evaluated_uncalibrated,True
rome-math-n50-deepseek-7b-base-v1,analysis_out/rome-math-n50-deepseek-7b-base-v1/plans/deepseek-7b-base/cases0-49_r01/methods/rome/captures/rome-math-ablation.json,deepseek-7b-base,deepseek,development,cases0-49_r01,rome,11,complete,5,True,M1_raw,5,44594.79296875,22297.5859375,5,5,True,not_evaluated_uncalibrated,True
rome-math-n50-deepseek-7b-base-v1,analysis_out/rome-math-n50-deepseek-7b-base-v1/plans/deepseek-7b-base/cases0-49_r01/methods/rome/captures/rome-math-ablation.json,deepseek-7b-base,deepseek,development,cases0-49_r01,rome,12,complete,5,True,M0,5,0.09249681979417801,0.04497905820608139,5,5,True,not_evaluated_uncalibrated,True
rome-math-n50-deepseek-7b-base-v1,analysis_out/rome-math-n50-deepseek-7b-base-v1/plans/deepseek-7b-base/cases0-49_r01/methods/rome/captures/rome-math-ablation.json,deepseek-7b-base,deepseek,development,cases0-49_r01,rome,12,complete,5,True,M1,5,0.09180030226707458,0.04588368162512779,5,5,True,not_evaluated_uncalibrated,True
rome-math-n50-deepseek-7b-base-v1,analysis_out/rome-math-n50-deepseek-7b-base-v1/plans/deepseek-7b-base/cases0-49_r01/methods/rome/captures/rome-math-ablation.json,deepseek-7b-base,deepseek,development,cases0-49_r01,rome,12,complete,5,True,M2,5,188.31071203562902,185.12664909258623,5,5,True,not_evaluated_uncalibrated,True
rome-math-n50-deepseek-7b-base-v1,analysis_out/rome-math-n50-deepseek-7b-base-v1/plans/deepseek-7b-base/cases0-49_r01/methods/rome/captures/rome-math-ablation.json,deepseek-7b-base,deepseek,development,cases0-49_r01,rome,12,complete,5,True,M3,5,306.4510498046875,301.9175944328308,5,5,True,not_evaluated_uncalibrated,True
rome-math-n50-deepseek-7b-base-v1,analysis_out/rome-math-n50-deepseek-7b-base-v1/plans/deepseek-7b-base/cases0-49_r01/methods/rome/captures/rome-math-ablation.json,deepseek-7b-base,deepseek,development,cases0-49_r01,rome,12,complete,5,True,M0_raw,5,4703.7841796875,2296.178466796875,5,5,True,not_evaluated_uncalibrated,True
rome-math-n50-deepseek-7b-base-v1,analysis_out/rome-math-n50-deepseek-7b-base-v1/plans/deepseek-7b-base/cases0-49_r01/methods/rome/captures/rome-math-ablation.json,deepseek-7b-base,deepseek,development,cases0-49_r01,rome,12,complete,5,True,M1_raw,5,4671.18505859375,2334.97998046875,5,5,True,not_evaluated_uncalibrated,True
rome-math-n50-deepseek-7b-base-v1,analysis_out/rome-math-n50-deepseek-7b-base-v1/plans/deepseek-7b-base/cases0-49_r01/methods/rome/captures/rome-math-ablation.json,deepseek-7b-base,deepseek,development,cases0-49_r01,rome,14,complete,5,True,M0,5,0.02128051593899727,0.0060575734823942184,5,5,True,not_evaluated_uncalibrated,True
rome-math-n50-deepseek-7b-base-v1,analysis_out/rome-math-n50-deepseek-7b-base-v1/plans/deepseek-7b-base/cases0-49_r01/methods/rome/captures/rome-math-ablation.json,deepseek-7b-base,deepseek,development,cases0-49_r01,rome,14,complete,5,True,M1,5,0.017719808965921402,0.008756780996918678,5,5,True,not_evaluated_uncalibrated,True
rome-math-n50-deepseek-7b-base-v1,analysis_out/rome-math-n50-deepseek-7b-base-v1/plans/deepseek-7b-base/cases0-49_r01/methods/rome/captures/rome-math-ablation.json,deepseek-7b-base,deepseek,development,cases0-49_r01,rome,14,complete,5,True,M2,5,33.786698657173396,30.6026357141306,5,5,True,not_evaluated_uncalibrated,True
rome-math-n50-deepseek-7b-base-v1,analysis_out/rome-math-n50-deepseek-7b-base-v1/plans/deepseek-7b-base/cases0-49_r01/methods/rome/captures/rome-math-ablation.json,deepseek-7b-base,deepseek,development,cases0-49_r01,rome,14,complete,5,True,M3,5,59.71890640258789,55.1854510307312,5,5,True,not_evaluated_uncalibrated,True
rome-math-n50-deepseek-7b-base-v1,analysis_out/rome-math-n50-deepseek-7b-base-v1/plans/deepseek-7b-base/cases0-49_r01/methods/rome/captures/rome-math-ablation.json,deepseek-7b-base,deepseek,development,cases0-49_r01,rome,14,complete,5,True,M0_raw,5,1000.1458740234375,281.47381591796875,5,5,True,not_evaluated_uncalibrated,True
rome-math-n50-deepseek-7b-base-v1,analysis_out/rome-math-n50-deepseek-7b-base-v1/plans/deepseek-7b-base/cases0-49_r01/methods/rome/captures/rome-math-ablation.json,deepseek-7b-base,deepseek,development,cases0-49_r01,rome,14,complete,5,True,M1_raw,5,833.47119140625,411.85821533203125,5,5,True,not_evaluated_uncalibrated,True
rome-math-n50-deepseek-7b-base-v1,analysis_out/rome-math-n50-deepseek-7b-base-v1/plans/deepseek-7b-base/cases0-49_r01/methods/rome/captures/rome-math-ablation.json,deepseek-7b-base,deepseek,development,cases0-49_r01,rome,15,complete,5,True,M0,5,0.08631953597068787,0.04179451987147331,5,5,True,not_evaluated_uncalibrated,True
rome-math-n50-deepseek-7b-base-v1,analysis_out/rome-math-n50-deepseek-7b-base-v1/plans/deepseek-7b-base/cases0-49_r01/methods/rome/captures/rome-math-ablation.json,deepseek-7b-base,deepseek,development,cases0-49_r01,rome,15,complete,5,True,M1,5,0.08556852489709854,0.04275787994265556,5,5,True,not_evaluated_uncalibrated,True
rome-math-n50-deepseek-7b-base-v1,analysis_out/rome-math-n50-deepseek-7b-base-v1/plans/deepseek-7b-base/cases0-49_r01/methods/rome/captures/rome-math-ablation.json,deepseek-7b-base,deepseek,development,cases0-49_r01,rome,15,complete,5,True,M2,5,179.9982745310274,176.8142115879846,5,5,True,not_evaluated_uncalibrated,True
rome-math-n50-deepseek-7b-base-v1,analysis_out/rome-math-n50-deepseek-7b-base-v1/plans/deepseek-7b-base/cases0-49_r01/methods/rome/captures/rome-math-ablation.json,deepseek-7b-base,deepseek,development,cases0-49_r01,rome,15,complete,5,True,M3,5,318.67462158203125,314.14116621017456,5,5,True,not_evaluated_uncalibrated,True
rome-math-n50-deepseek-7b-base-v1,analysis_out/rome-math-n50-deepseek-7b-base-v1/plans/deepseek-7b-base/cases0-49_r01/methods/rome/captures/rome-math-ablation.json,deepseek-7b-base,deepseek,development,cases0-49_r01,rome,15,complete,5,True,M0_raw,5,4359.46435546875,2119.31298828125,5,5,True,not_evaluated_uncalibrated,True
rome-math-n50-deepseek-7b-base-v1,analysis_out/rome-math-n50-deepseek-7b-base-v1/plans/deepseek-7b-base/cases0-49_r01/methods/rome/captures/rome-math-ablation.json,deepseek-7b-base,deepseek,development,cases0-49_r01,rome,15,complete,5,True,M1_raw,5,4324.26513671875,2161.045166015625,5,5,True,not_evaluated_uncalibrated,True
rome-math-n50-deepseek-7b-base-v1,analysis_out/rome-math-n50-deepseek-7b-base-v1/plans/deepseek-7b-base/cases0-49_r01/methods/rome/captures/rome-math-ablation.json,deepseek-7b-base,deepseek,development,cases0-49_r01,rome,16,complete,5,True,M0,5,0.11852854490280151,0.05826447904109955,5,5,True,not_evaluated_uncalibrated,True
rome-math-n50-deepseek-7b-base-v1,analysis_out/rome-math-n50-deepseek-7b-base-v1/plans/deepseek-7b-base/cases0-49_r01/methods/rome/captures/rome-math-ablation.json,deepseek-7b-base,deepseek,development,cases0-49_r01,rome,16,complete,5,True,M1,5,0.11799680441617966,0.05898411571979523,5,5,True,not_evaluated_uncalibrated,True
rome-math-n50-deepseek-7b-base-v1,analysis_out/rome-math-n50-deepseek-7b-base-v1/plans/deepseek-7b-base/cases0-49_r01/methods/rome/captures/rome-math-ablation.json,deepseek-7b-base,deepseek,development,cases0-49_r01,rome,16,complete,5,True,M2,5,253.5575339809954,250.3734710379526,5,5,True,not_evaluated_uncalibrated,True
rome-math-n50-deepseek-7b-base-v1,analysis_out/rome-math-n50-deepseek-7b-base-v1/plans/deepseek-7b-base/cases0-49_r01/methods/rome/captures/rome-math-ablation.json,deepseek-7b-base,deepseek,development,cases0-49_r01,rome,16,complete,5,True,M3,5,426.9159240722656,422.38246870040894,5,5,True,not_evaluated_uncalibrated,True
rome-math-n50-deepseek-7b-base-v1,analysis_out/rome-math-n50-deepseek-7b-base-v1/plans/deepseek-7b-base/cases0-49_r01/methods/rome/captures/rome-math-ablation.json,deepseek-7b-base,deepseek,development,cases0-49_r01,rome,16,complete,5,True,M0_raw,5,6207.13916015625,3061.09375,5,5,True,not_evaluated_uncalibrated,True
rome-math-n50-deepseek-7b-base-v1,analysis_out/rome-math-n50-deepseek-7b-base-v1/plans/deepseek-7b-base/cases0-49_r01/methods/rome/captures/rome-math-ablation.json,deepseek-7b-base,deepseek,development,cases0-49_r01,rome,16,complete,5,True,M1_raw,5,6182.47021484375,3090.73095703125,5,5,True,not_evaluated_uncalibrated,True
rome-math-n50-deepseek-7b-base-v1,analysis_out/rome-math-n50-deepseek-7b-base-v1/plans/deepseek-7b-base/cases0-49_r01/methods/rome/captures/rome-math-ablation.json,deepseek-7b-base,deepseek,development,cases0-49_r01,rome,17,complete,5,True,M0,5,0.05538785830140114,0.02562517672777176,5,5,True,not_evaluated_uncalibrated,True
rome-math-n50-deepseek-7b-base-v1,analysis_out/rome-math-n50-deepseek-7b-base-v1/plans/deepseek-7b-base/cases0-49_r01/methods/rome/captures/rome-math-ablation.json,deepseek-7b-base,deepseek,development,cases0-49_r01,rome,17,complete,5,True,M1,5,0.05417266860604286,0.0270535908639431,5,5,True,not_evaluated_uncalibrated,True
rome-math-n50-deepseek-7b-base-v1,analysis_out/rome-math-n50-deepseek-7b-base-v1/plans/deepseek-7b-base/cases0-49_r01/methods/rome/captures/rome-math-ablation.json,deepseek-7b-base,deepseek,development,cases0-49_r01,rome,17,complete,5,True,M2,5,110.53781588059611,107.35375293755332,5,5,True,not_evaluated_uncalibrated,True
rome-math-n50-deepseek-7b-base-v1,analysis_out/rome-math-n50-deepseek-7b-base-v1/plans/deepseek-7b-base/cases0-49_r01/methods/rome/captures/rome-math-ablation.json,deepseek-7b-base,deepseek,development,cases0-49_r01,rome,17,complete,5,True,M3,5,202.56854248046875,198.03508710861206,5,5,True,not_evaluated_uncalibrated,True
rome-math-n50-deepseek-7b-base-v1,analysis_out/rome-math-n50-deepseek-7b-base-v1/plans/deepseek-7b-base/cases0-49_r01/methods/rome/captures/rome-math-ablation.json,deepseek-7b-base,deepseek,development,cases0-49_r01,rome,17,complete,5,True,M0_raw,5,2703.833740234375,1256.8544921875,5,5,True,not_evaluated_uncalibrated,True
rome-math-n50-deepseek-7b-base-v1,analysis_out/rome-math-n50-deepseek-7b-base-v1/plans/deepseek-7b-base/cases0-49_r01/methods/rome/captures/rome-math-ablation.json,deepseek-7b-base,deepseek,development,cases0-49_r01,rome,17,complete,5,True,M1_raw,5,2646.70556640625,1321.9400634765625,5,5,True,not_evaluated_uncalibrated,True
rome-math-n50-deepseek-7b-base-v1,analysis_out/rome-math-n50-deepseek-7b-base-v1/plans/deepseek-7b-base/cases0-49_r01/methods/rome/captures/rome-math-ablation.json,deepseek-7b-base,deepseek,development,cases0-49_r01,rome,19,complete,5,True,M0,5,0.05644281953573227,0.026187999173998833,5,5,True,not_evaluated_uncalibrated,True
rome-math-n50-deepseek-7b-base-v1,analysis_out/rome-math-n50-deepseek-7b-base-v1/plans/deepseek-7b-base/cases0-49_r01/methods/rome/captures/rome-math-ablation.json,deepseek-7b-base,deepseek,development,cases0-49_r01,rome,19,complete,5,True,M1,5,0.05525228753685951,0.027593612670898438,5,5,True,not_evaluated_uncalibrated,True
rome-math-n50-deepseek-7b-base-v1,analysis_out/rome-math-n50-deepseek-7b-base-v1/plans/deepseek-7b-base/cases0-49_r01/methods/rome/captures/rome-math-ablation.json,deepseek-7b-base,deepseek,development,cases0-49_r01,rome,19,complete,5,True,M2,5,112.2867948740394,109.10273193099661,5,5,True,not_evaluated_uncalibrated,True
rome-math-n50-deepseek-7b-base-v1,analysis_out/rome-math-n50-deepseek-7b-base-v1/plans/deepseek-7b-base/cases0-49_r01/methods/rome/captures/rome-math-ablation.json,deepseek-7b-base,deepseek,development,cases0-49_r01,rome,19,complete,5,True,M3,5,205.76318359375,201.2297282218933,5,5,True,not_evaluated_uncalibrated,True
rome-math-n50-deepseek-7b-base-v1,analysis_out/rome-math-n50-deepseek-7b-base-v1/plans/deepseek-7b-base/cases0-49_r01/methods/rome/captures/rome-math-ablation.json,deepseek-7b-base,deepseek,development,cases0-49_r01,rome,19,complete,5,True,M0_raw,5,2758.516357421875,1285.94482421875,5,5,True,not_evaluated_uncalibrated,True
rome-math-n50-deepseek-7b-base-v1,analysis_out/rome-math-n50-deepseek-7b-base-v1/plans/deepseek-7b-base/cases0-49_r01/methods/rome/captures/rome-math-ablation.json,deepseek-7b-base,deepseek,development,cases0-49_r01,rome,19,complete,5,True,M1_raw,5,2702.548828125,1349.877685546875,5,5,True,not_evaluated_uncalibrated,True
rome-math-n50-deepseek-7b-base-v1,analysis_out/rome-math-n50-deepseek-7b-base-v1/plans/deepseek-7b-base/cases0-49_r01/methods/rome/captures/rome-math-ablation.json,deepseek-7b-base,deepseek,development,cases0-49_r01,rome,20,complete,5,True,M0,5,0.03435651957988739,0.014021903276443481,5,5,True,not_evaluated_uncalibrated,True
rome-math-n50-deepseek-7b-base-v1,analysis_out/rome-math-n50-deepseek-7b-base-v1/plans/deepseek-7b-base/cases0-49_r01/methods/rome/captures/rome-math-ablation.json,deepseek-7b-base,deepseek,development,cases0-49_r01,rome,20,complete,5,True,M1,5,0.03230999782681465,0.016107074916362762,5,5,True,not_evaluated_uncalibrated,True
rome-math-n50-deepseek-7b-base-v1,analysis_out/rome-math-n50-deepseek-7b-base-v1/plans/deepseek-7b-base/cases0-49_r01/methods/rome/captures/rome-math-ablation.json,deepseek-7b-base,deepseek,development,cases0-49_r01,rome,20,complete,5,True,M2,5,63.22528702613508,60.04122408309228,5,5,True,not_evaluated_uncalibrated,True
rome-math-n50-deepseek-7b-base-v1,analysis_out/rome-math-n50-deepseek-7b-base-v1/plans/deepseek-7b-base/cases0-49_r01/methods/rome/captures/rome-math-ablation.json,deepseek-7b-base,deepseek,development,cases0-49_r01,rome,20,complete,5,True,M3,5,112.79508972167969,108.261634349823,5,5,True,not_evaluated_uncalibrated,True
rome-math-n50-deepseek-7b-base-v1,analysis_out/rome-math-n50-deepseek-7b-base-v1/plans/deepseek-7b-base/cases0-49_r01/methods/rome/captures/rome-math-ablation.json,deepseek-7b-base,deepseek,development,cases0-49_r01,rome,20,complete,5,True,M0_raw,5,1638.892578125,670.8087768554688,5,5,True,not_evaluated_uncalibrated,True
rome-math-n50-deepseek-7b-base-v1,analysis_out/rome-math-n50-deepseek-7b-base-v1/plans/deepseek-7b-base/cases0-49_r01/methods/rome/captures/rome-math-ablation.json,deepseek-7b-base,deepseek,development,cases0-49_r01,rome,20,complete,5,True,M1_raw,5,1542.8358154296875,769.24755859375,5,5,True,not_evaluated_uncalibrated,True
rome-math-n50-deepseek-7b-base-v1,analysis_out/rome-math-n50-deepseek-7b-base-v1/plans/deepseek-7b-base/cases0-49_r01/methods/rome/captures/rome-math-ablation.json,deepseek-7b-base,deepseek,development,cases0-49_r01,rome,21,complete,5,True,M0,5,0.05446546524763107,0.02513354830443859,5,5,True,not_evaluated_uncalibrated,True
rome-math-n50-deepseek-7b-base-v1,analysis_out/rome-math-n50-deepseek-7b-base-v1/plans/deepseek-7b-base/cases0-49_r01/methods/rome/captures/rome-math-ablation.json,deepseek-7b-base,deepseek,development,cases0-49_r01,rome,21,complete,5,True,M1,5,0.05322796106338501,0.02658282220363617,5,5,True,not_evaluated_uncalibrated,True
rome-math-n50-deepseek-7b-base-v1,analysis_out/rome-math-n50-deepseek-7b-base-v1/plans/deepseek-7b-base/cases0-49_r01/methods/rome/captures/rome-math-ablation.json,deepseek-7b-base,deepseek,development,cases0-49_r01,rome,21,complete,5,True,M2,5,108.43233423815218,105.24827129510939,5,5,True,not_evaluated_uncalibrated,True
rome-math-n50-deepseek-7b-base-v1,analysis_out/rome-math-n50-deepseek-7b-base-v1/plans/deepseek-7b-base/cases0-49_r01/methods/rome/captures/rome-math-ablation.json,deepseek-7b-base,deepseek,development,cases0-49_r01,rome,21,complete,5,True,M3,5,196.75267028808594,192.21921491622925,5,5,True,not_evaluated_uncalibrated,True
rome-math-n50-deepseek-7b-base-v1,analysis_out/rome-math-n50-deepseek-7b-base-v1/plans/deepseek-7b-base/cases0-49_r01/methods/rome/captures/rome-math-ablation.json,deepseek-7b-base,deepseek,development,cases0-49_r01,rome,21,complete,5,True,M0_raw,5,2656.130859375,1231.5052490234375,5,5,True,not_evaluated_uncalibrated,True
rome-math-n50-deepseek-7b-base-v1,analysis_out/rome-math-n50-deepseek-7b-base-v1/plans/deepseek-7b-base/cases0-49_r01/methods/rome/captures/rome-math-ablation.json,deepseek-7b-base,deepseek,development,cases0-49_r01,rome,21,complete,5,True,M1_raw,5,2597.953857421875,1297.6380615234375,5,5,True,not_evaluated_uncalibrated,True
rome-math-n50-deepseek-7b-base-v1,analysis_out/rome-math-n50-deepseek-7b-base-v1/plans/deepseek-7b-base/cases0-49_r01/methods/rome/captures/rome-math-ablation.json,deepseek-7b-base,deepseek,development,cases0-49_r01,rome,22,complete,5,True,M0,5,0.0937780886888504,0.04564197361469269,5,5,True,not_evaluated_uncalibrated,True
rome-math-n50-deepseek-7b-base-v1,analysis_out/rome-math-n50-deepseek-7b-base-v1/plans/deepseek-7b-base/cases0-49_r01/methods/rome/captures/rome-math-ablation.json,deepseek-7b-base,deepseek,development,cases0-49_r01,rome,22,complete,5,True,M1,5,0.09309190511703491,0.04653047025203705,5,5,True,not_evaluated_uncalibrated,True
rome-math-n50-deepseek-7b-base-v1,analysis_out/rome-math-n50-deepseek-7b-base-v1/plans/deepseek-7b-base/cases0-49_r01/methods/rome/captures/rome-math-ablation.json,deepseek-7b-base,deepseek,development,cases0-49_r01,rome,22,complete,5,True,M2,5,190.4679055226889,187.28384257964612,5,5,True,not_evaluated_uncalibrated,True
rome-math-n50-deepseek-7b-base-v1,analysis_out/rome-math-n50-deepseek-7b-base-v1/plans/deepseek-7b-base/cases0-49_r01/methods/rome/captures/rome-math-ablation.json,deepseek-7b-base,deepseek,development,cases0-49_r01,rome,22,complete,5,True,M3,5,315.5979309082031,311.06447553634644,5,5,True,not_evaluated_uncalibrated,True
rome-math-n50-deepseek-7b-base-v1,analysis_out/rome-math-n50-deepseek-7b-base-v1/plans/deepseek-7b-base/cases0-49_r01/methods/rome/captures/rome-math-ablation.json,deepseek-7b-base,deepseek,development,cases0-49_r01,rome,22,complete,5,True,M0_raw,5,4775.70068359375,2333.21826171875,5,5,True,not_evaluated_uncalibrated,True
rome-math-n50-deepseek-7b-base-v1,analysis_out/rome-math-n50-deepseek-7b-base-v1/plans/deepseek-7b-base/cases0-49_r01/methods/rome/captures/rome-math-ablation.json,deepseek-7b-base,deepseek,development,cases0-49_r01,rome,22,complete,5,True,M1_raw,5,4743.595703125,2371.369873046875,5,5,True,not_evaluated_uncalibrated,True
rome-math-n50-deepseek-7b-base-v1,analysis_out/rome-math-n50-deepseek-7b-base-v1/plans/deepseek-7b-base/cases0-49_r01/methods/rome/captures/rome-math-ablation.json,deepseek-7b-base,deepseek,development,cases0-49_r01,rome,23,complete,5,True,M0,5,0.16436736285686493,0.08145680278539658,5,5,True,not_evaluated_uncalibrated,True
rome-math-n50-deepseek-7b-base-v1,analysis_out/rome-math-n50-deepseek-7b-base-v1/plans/deepseek-7b-base/cases0-49_r01/methods/rome/captures/rome-math-ablation.json,deepseek-7b-base,deepseek,development,cases0-49_r01,rome,23,complete,5,True,M1,5,0.1639939844608307,0.08198680728673935,5,5,True,not_evaluated_uncalibrated,True
rome-math-n50-deepseek-7b-base-v1,analysis_out/rome-math-n50-deepseek-7b-base-v1/plans/deepseek-7b-base/cases0-49_r01/methods/rome/captures/rome-math-ablation.json,deepseek-7b-base,deepseek,development,cases0-49_r01,rome,23,complete,5,True,M2,5,367.80872559448187,364.62466265143905,5,5,True,not_evaluated_uncalibrated,True
rome-math-n50-deepseek-7b-base-v1,analysis_out/rome-math-n50-deepseek-7b-base-v1/plans/deepseek-7b-base/cases0-49_r01/methods/rome/captures/rome-math-ablation.json,deepseek-7b-base,deepseek,development,cases0-49_r01,rome,23,complete,5,True,M3,5,586.612548828125,582.0790934562683,5,5,True,not_evaluated_uncalibrated,True
rome-math-n50-deepseek-7b-base-v1,analysis_out/rome-math-n50-deepseek-7b-base-v1/plans/deepseek-7b-base/cases0-49_r01/methods/rome/captures/rome-math-ablation.json,deepseek-7b-base,deepseek,development,cases0-49_r01,rome,23,complete,5,True,M0_raw,5,9082.318359375,4512.0673828125,5,5,True,not_evaluated_uncalibrated,True
rome-math-n50-deepseek-7b-base-v1,analysis_out/rome-math-n50-deepseek-7b-base-v1/plans/deepseek-7b-base/cases0-49_r01/methods/rome/captures/rome-math-ablation.json,deepseek-7b-base,deepseek,development,cases0-49_r01,rome,23,complete,5,True,M1_raw,5,9065.478515625,4532.4375,5,5,True,not_evaluated_uncalibrated,True
rome-math-n50-deepseek-7b-base-v1,analysis_out/rome-math-n50-deepseek-7b-base-v1/plans/deepseek-7b-base/cases0-49_r01/methods/rome/captures/rome-math-ablation.json,deepseek-7b-base,deepseek,development,cases0-49_r01,rome,24,complete,5,True,M0,5,0.4703660011291504,0.23492741584777832,5,5,True,not_evaluated_uncalibrated,True
rome-math-n50-deepseek-7b-base-v1,analysis_out/rome-math-n50-deepseek-7b-base-v1/plans/deepseek-7b-base/cases0-49_r01/methods/rome/captures/rome-math-ablation.json,deepseek-7b-base,deepseek,development,cases0-49_r01,rome,24,complete,5,True,M1,5,0.4702117145061493,0.23510311543941498,5,5,True,not_evaluated_uncalibrated,True
rome-math-n50-deepseek-7b-base-v1,analysis_out/rome-math-n50-deepseek-7b-base-v1/plans/deepseek-7b-base/cases0-49_r01/methods/rome/captures/rome-math-ablation.json,deepseek-7b-base,deepseek,development,cases0-49_r01,rome,24,complete,5,True,M2,5,189.64658394833688,186.4625210052941,5,5,True,not_evaluated_uncalibrated,True
rome-math-n50-deepseek-7b-base-v1,analysis_out/rome-math-n50-deepseek-7b-base-v1/plans/deepseek-7b-base/cases0-49_r01/methods/rome/captures/rome-math-ablation.json,deepseek-7b-base,deepseek,development,cases0-49_r01,rome,24,complete,5,True,M3,5,1567.4095458984375,1562.8760905265808,5,5,True,not_evaluated_uncalibrated,True
rome-math-n50-deepseek-7b-base-v1,analysis_out/rome-math-n50-deepseek-7b-base-v1/plans/deepseek-7b-base/cases0-49_r01/methods/rome/captures/rome-math-ablation.json,deepseek-7b-base,deepseek,development,cases0-49_r01,rome,24,complete,5,True,M0_raw,5,41030.3828125,20509.146484375,5,5,True,not_evaluated_uncalibrated,True
rome-math-n50-deepseek-7b-base-v1,analysis_out/rome-math-n50-deepseek-7b-base-v1/plans/deepseek-7b-base/cases0-49_r01/methods/rome/captures/rome-math-ablation.json,deepseek-7b-base,deepseek,development,cases0-49_r01,rome,24,complete,5,True,M1_raw,5,41026.66015625,20513.455078125,5,5,True,not_evaluated_uncalibrated,True
rome-math-n50-deepseek-7b-base-v1,analysis_out/rome-math-n50-deepseek-7b-base-v1/plans/deepseek-7b-base/cases0-49_r01/methods/rome/captures/rome-math-ablation.json,deepseek-7b-base,deepseek,development,cases0-49_r01,rome,25,complete,5,True,M0,5,0.4781040847301483,0.2387976199388504,5,5,True,not_evaluated_uncalibrated,True
rome-math-n50-deepseek-7b-base-v1,analysis_out/rome-math-n50-deepseek-7b-base-v1/plans/deepseek-7b-base/cases0-49_r01/methods/rome/captures/rome-math-ablation.json,deepseek-7b-base,deepseek,development,cases0-49_r01,rome,25,complete,5,True,M1,5,0.47795069217681885,0.23897241055965424,5,5,True,not_evaluated_uncalibrated,True
rome-math-n50-deepseek-7b-base-v1,analysis_out/rome-math-n50-deepseek-7b-base-v1/plans/deepseek-7b-base/cases0-49_r01/methods/rome/captures/rome-math-ablation.json,deepseek-7b-base,deepseek,development,cases0-49_r01,rome,25,complete,5,True,M2,5,192.30630173873436,189.12223879569157,5,5,True,not_evaluated_uncalibrated,True
rome-math-n50-deepseek-7b-base-v1,analysis_out/rome-math-n50-deepseek-7b-base-v1/plans/deepseek-7b-base/cases0-49_r01/methods/rome/captures/rome-math-ablation.json,deepseek-7b-base,deepseek,development,cases0-49_r01,rome,25,complete,5,True,M3,5,1771.5018310546875,1766.9683756828308,5,5,True,not_evaluated_uncalibrated,True
rome-math-n50-deepseek-7b-base-v1,analysis_out/rome-math-n50-deepseek-7b-base-v1/plans/deepseek-7b-base/cases0-49_r01/methods/rome/captures/rome-math-ablation.json,deepseek-7b-base,deepseek,development,cases0-49_r01,rome,25,complete,5,True,M0_raw,5,42321.859375,21154.94140625,5,5,True,not_evaluated_uncalibrated,True
rome-math-n50-deepseek-7b-base-v1,analysis_out/rome-math-n50-deepseek-7b-base-v1/plans/deepseek-7b-base/cases0-49_r01/methods/rome/captures/rome-math-ablation.json,deepseek-7b-base,deepseek,development,cases0-49_r01,rome,25,complete,5,True,M1_raw,5,42318.25,21159.220703125,5,5,True,not_evaluated_uncalibrated,True
rome-math-n50-deepseek-7b-base-v1,analysis_out/rome-math-n50-deepseek-7b-base-v1/plans/deepseek-7b-base/cases0-49_r01/methods/rome/captures/rome-math-ablation.json,deepseek-7b-base,deepseek,development,cases0-49_r01,rome,26,complete,5,True,M0,5,0.1337427794933319,0.06598198413848877,5,5,True,not_evaluated_uncalibrated,True
rome-math-n50-deepseek-7b-base-v1,analysis_out/rome-math-n50-deepseek-7b-base-v1/plans/deepseek-7b-base/cases0-49_r01/methods/rome/captures/rome-math-ablation.json,deepseek-7b-base,deepseek,development,cases0-49_r01,rome,26,complete,5,True,M1,5,0.13327644765377045,0.06662504374980927,5,5,True,not_evaluated_uncalibrated,True
rome-math-n50-deepseek-7b-base-v1,analysis_out/rome-math-n50-deepseek-7b-base-v1/plans/deepseek-7b-base/cases0-49_r01/methods/rome/captures/rome-math-ablation.json,deepseek-7b-base,deepseek,development,cases0-49_r01,rome,26,complete,5,True,M2,5,290.2681108366692,287.0840478936264,5,5,True,not_evaluated_uncalibrated,True
rome-math-n50-deepseek-7b-base-v1,analysis_out/rome-math-n50-deepseek-7b-base-v1/plans/deepseek-7b-base/cases0-49_r01/methods/rome/captures/rome-math-ablation.json,deepseek-7b-base,deepseek,development,cases0-49_r01,rome,26,complete,5,True,M3,5,470.394775390625,465.8613200187683,5,5,True,not_evaluated_uncalibrated,True
rome-math-n50-deepseek-7b-base-v1,analysis_out/rome-math-n50-deepseek-7b-base-v1/plans/deepseek-7b-base/cases0-49_r01/methods/rome/captures/rome-math-ablation.json,deepseek-7b-base,deepseek,development,cases0-49_r01,rome,26,complete,5,True,M0_raw,5,7127.70751953125,3526.798828125,5,5,True,not_evaluated_uncalibrated,True
rome-math-n50-deepseek-7b-base-v1,analysis_out/rome-math-n50-deepseek-7b-base-v1/plans/deepseek-7b-base/cases0-49_r01/methods/rome/captures/rome-math-ablation.json,deepseek-7b-base,deepseek,development,cases0-49_r01,rome,26,complete,5,True,M1_raw,5,7106.236328125,3552.67236328125,5,5,True,not_evaluated_uncalibrated,True
rome-math-n50-deepseek-7b-base-v1,analysis_out/rome-math-n50-deepseek-7b-base-v1/plans/deepseek-7b-base/cases0-49_r01/methods/rome/captures/rome-math-ablation.json,deepseek-7b-base,deepseek,development,cases0-49_r01,rome,27,complete,5,True,M0,5,0.10871236771345139,0.053264133632183075,5,5,True,not_evaluated_uncalibrated,True
rome-math-n50-deepseek-7b-base-v1,analysis_out/rome-math-n50-deepseek-7b-base-v1/plans/deepseek-7b-base/cases0-49_r01/methods/rome/captures/rome-math-ablation.json,deepseek-7b-base,deepseek,development,cases0-49_r01,rome,27,complete,5,True,M1,5,0.1081281527876854,0.05404369533061981,5,5,True,not_evaluated_uncalibrated,True
rome-math-n50-deepseek-7b-base-v1,analysis_out/rome-math-n50-deepseek-7b-base-v1/plans/deepseek-7b-base/cases0-49_r01/methods/rome/captures/rome-math-ablation.json,deepseek-7b-base,deepseek,development,cases0-49_r01,rome,27,complete,5,True,M2,5,229.0526963718825,225.8686334288397,5,5,True,not_evaluated_uncalibrated,True
rome-math-n50-deepseek-7b-base-v1,analysis_out/rome-math-n50-deepseek-7b-base-v1/plans/deepseek-7b-base/cases0-49_r01/methods/rome/captures/rome-math-ablation.json,deepseek-7b-base,deepseek,development,cases0-49_r01,rome,27,complete,5,True,M3,5,382.87030029296875,378.33684492111206,5,5,True,not_evaluated_uncalibrated,True
rome-math-n50-deepseek-7b-base-v1,analysis_out/rome-math-n50-deepseek-7b-base-v1/plans/deepseek-7b-base/cases0-49_r01/methods/rome/captures/rome-math-ablation.json,deepseek-7b-base,deepseek,development,cases0-49_r01,rome,27,complete,5,True,M0_raw,5,5629.96142578125,2767.984375,5,5,True,not_evaluated_uncalibrated,True
rome-math-n50-deepseek-7b-base-v1,analysis_out/rome-math-n50-deepseek-7b-base-v1/plans/deepseek-7b-base/cases0-49_r01/methods/rome/captures/rome-math-ablation.json,deepseek-7b-base,deepseek,development,cases0-49_r01,rome,27,complete,5,True,M1_raw,5,5602.7529296875,2800.58154296875,5,5,True,not_evaluated_uncalibrated,True
rome-math-n50-deepseek-7b-base-v1,analysis_out/rome-math-n50-deepseek-7b-base-v1/plans/deepseek-7b-base/cases0-49_r01/methods/rome/captures/rome-math-ablation.json,deepseek-7b-base,deepseek,development,cases0-49_r01,rome,28,complete,5,True,M0,5,0.11108500510454178,0.05449134483933449,5,5,True,not_evaluated_uncalibrated,True
rome-math-n50-deepseek-7b-base-v1,analysis_out/rome-math-n50-deepseek-7b-base-v1/plans/deepseek-7b-base/cases0-49_r01/methods/rome/captures/rome-math-ablation.json,deepseek-7b-base,deepseek,development,cases0-49_r01,rome,28,complete,5,True,M1,5,0.11051445454359055,0.055241867899894714,5,5,True,not_evaluated_uncalibrated,True
rome-math-n50-deepseek-7b-base-v1,analysis_out/rome-math-n50-deepseek-7b-base-v1/plans/deepseek-7b-base/cases0-49_r01/methods/rome/captures/rome-math-ablation.json,deepseek-7b-base,deepseek,development,cases0-49_r01,rome,28,complete,5,True,M2,5,227.36597920057923,224.18191625753644,5,5,True,not_evaluated_uncalibrated,True
rome-math-n50-deepseek-7b-base-v1,analysis_out/rome-math-n50-deepseek-7b-base-v1/plans/deepseek-7b-base/cases0-49_r01/methods/rome/captures/rome-math-ablation.json,deepseek-7b-base,deepseek,development,cases0-49_r01,rome,28,complete,5,True,M3,5,363.06494140625,358.5314860343933,5,5,True,not_evaluated_uncalibrated,True
rome-math-n50-deepseek-7b-base-v1,analysis_out/rome-math-n50-deepseek-7b-base-v1/plans/deepseek-7b-base/cases0-49_r01/methods/rome/captures/rome-math-ablation.json,deepseek-7b-base,deepseek,development,cases0-49_r01,rome,28,complete,5,True,M0_raw,5,5768.40673828125,2839.185791015625,5,5,True,not_evaluated_uncalibrated,True
rome-math-n50-deepseek-7b-base-v1,analysis_out/rome-math-n50-deepseek-7b-base-v1/plans/deepseek-7b-base/cases0-49_r01/methods/rome/captures/rome-math-ablation.json,deepseek-7b-base,deepseek,development,cases0-49_r01,rome,28,complete,5,True,M1_raw,5,5741.85693359375,2870.509521484375,5,5,True,not_evaluated_uncalibrated,True
rome-math-n50-deepseek-7b-base-v1,analysis_out/rome-math-n50-deepseek-7b-base-v1/plans/deepseek-7b-base/cases0-49_r01/methods/rome/captures/rome-math-ablation.json,deepseek-7b-base,deepseek,development,cases0-49_r01,rome,29,complete,5,True,M0,5,0.07671348005533218,0.036830633878707886,5,5,True,not_evaluated_uncalibrated,True
rome-math-n50-deepseek-7b-base-v1,analysis_out/rome-math-n50-deepseek-7b-base-v1/plans/deepseek-7b-base/cases0-49_r01/methods/rome/captures/rome-math-ablation.json,deepseek-7b-base,deepseek,development,cases0-49_r01,rome,29,complete,5,True,M1,5,0.07585983723402023,0.0379028394818306,5,5,True,not_evaluated_uncalibrated,True
rome-math-n50-deepseek-7b-base-v1,analysis_out/rome-math-n50-deepseek-7b-base-v1/plans/deepseek-7b-base/cases0-49_r01/methods/rome/captures/rome-math-ablation.json,deepseek-7b-base,deepseek,development,cases0-49_r01,rome,29,complete,5,True,M2,5,154.86435376212583,151.68029081908304,5,5,True,not_evaluated_uncalibrated,True
rome-math-n50-deepseek-7b-base-v1,analysis_out/rome-math-n50-deepseek-7b-base-v1/plans/deepseek-7b-base/cases0-49_r01/methods/rome/captures/rome-math-ablation.json,deepseek-7b-base,deepseek,development,cases0-49_r01,rome,29,complete,5,True,M3,5,271.5252380371094,266.9917826652527,5,5,True,not_evaluated_uncalibrated,True
rome-math-n50-deepseek-7b-base-v1,analysis_out/rome-math-n50-deepseek-7b-base-v1/plans/deepseek-7b-base/cases0-49_r01/methods/rome/captures/rome-math-ablation.json,deepseek-7b-base,deepseek,development,cases0-49_r01,rome,29,complete,5,True,M0_raw,5,3833.460693359375,1848.4019775390625,5,5,True,not_evaluated_uncalibrated,True
rome-math-n50-deepseek-7b-base-v1,analysis_out/rome-math-n50-deepseek-7b-base-v1/plans/deepseek-7b-base/cases0-49_r01/methods/rome/captures/rome-math-ablation.json,deepseek-7b-base,deepseek,development,cases0-49_r01,rome,29,complete,5,True,M1_raw,5,3793.38720703125,1895.572998046875,5,5,True,not_evaluated_uncalibrated,True
rome-math-n50-deepseek-7b-base-v1,analysis_out/rome-math-n50-deepseek-7b-base-v1/plans/deepseek-7b-base/cases0-49_r01/methods/rome/captures/rome-math-ablation.json,deepseek-7b-base,deepseek,development,cases0-49_r01,rome,30,complete,5,True,M0,5,0.08012218773365021,0.038604993373155594,5,5,True,not_evaluated_uncalibrated,True
rome-math-n50-deepseek-7b-base-v1,analysis_out/rome-math-n50-deepseek-7b-base-v1/plans/deepseek-7b-base/cases0-49_r01/methods/rome/captures/rome-math-ablation.json,deepseek-7b-base,deepseek,development,cases0-49_r01,rome,30,complete,5,True,M1,5,0.07930789142847061,0.039636220782995224,5,5,True,not_evaluated_uncalibrated,True
rome-math-n50-deepseek-7b-base-v1,analysis_out/rome-math-n50-deepseek-7b-base-v1/plans/deepseek-7b-base/cases0-49_r01/methods/rome/captures/rome-math-ablation.json,deepseek-7b-base,deepseek,development,cases0-49_r01,rome,30,complete,5,True,M2,5,162.1728649218815,158.98880197883872,5,5,True,not_evaluated_uncalibrated,True
rome-math-n50-deepseek-7b-base-v1,analysis_out/rome-math-n50-deepseek-7b-base-v1/plans/deepseek-7b-base/cases0-49_r01/methods/rome/captures/rome-math-ablation.json,deepseek-7b-base,deepseek,development,cases0-49_r01,rome,30,complete,5,True,M3,5,271.6428527832031,267.10939741134644,5,5,True,not_evaluated_uncalibrated,True
rome-math-n50-deepseek-7b-base-v1,analysis_out/rome-math-n50-deepseek-7b-base-v1/plans/deepseek-7b-base/cases0-49_r01/methods/rome/captures/rome-math-ablation.json,deepseek-7b-base,deepseek,development,cases0-49_r01,rome,30,complete,5,True,M0_raw,5,4018.896728515625,1944.5498046875,5,5,True,not_evaluated_uncalibrated,True
rome-math-n50-deepseek-7b-base-v1,analysis_out/rome-math-n50-deepseek-7b-base-v1/plans/deepseek-7b-base/cases0-49_r01/methods/rome/captures/rome-math-ablation.json,deepseek-7b-base,deepseek,development,cases0-49_r01,rome,30,complete,5,True,M1_raw,5,3980.6923828125,1989.6690673828125,5,5,True,not_evaluated_uncalibrated,True
rome-math-n50-deepseek-7b-base-v1,analysis_out/rome-math-n50-deepseek-7b-base-v1/plans/deepseek-7b-base/cases0-49_r01/methods/rome/captures/rome-math-ablation.json,deepseek-7b-base,deepseek,development,cases0-49_r01,rome,31,complete,5,True,M0,5,0.16616809368133545,0.08237508684396744,5,5,True,not_evaluated_uncalibrated,True
rome-math-n50-deepseek-7b-base-v1,analysis_out/rome-math-n50-deepseek-7b-base-v1/plans/deepseek-7b-base/cases0-49_r01/methods/rome/captures/rome-math-ablation.json,deepseek-7b-base,deepseek,development,cases0-49_r01,rome,31,complete,5,True,M1,5,0.1657990962266922,0.08288785815238953,5,5,True,not_evaluated_uncalibrated,True
rome-math-n50-deepseek-7b-base-v1,analysis_out/rome-math-n50-deepseek-7b-base-v1/plans/deepseek-7b-base/cases0-49_r01/methods/rome/captures/rome-math-ablation.json,deepseek-7b-base,deepseek,development,cases0-49_r01,rome,31,complete,5,True,M2,5,370.6970567106373,367.5129937675945,5,5,True,not_evaluated_uncalibrated,True
rome-math-n50-deepseek-7b-base-v1,analysis_out/rome-math-n50-deepseek-7b-base-v1/plans/deepseek-7b-base/cases0-49_r01/methods/rome/captures/rome-math-ablation.json,deepseek-7b-base,deepseek,development,cases0-49_r01,rome,31,complete,5,True,M3,5,582.858154296875,578.3246989250183,5,5,True,not_evaluated_uncalibrated,True
rome-math-n50-deepseek-7b-base-v1,analysis_out/rome-math-n50-deepseek-7b-base-v1/plans/deepseek-7b-base/cases0-49_r01/methods/rome/captures/rome-math-ablation.json,deepseek-7b-base,deepseek,development,cases0-49_r01,rome,31,complete,5,True,M0_raw,5,9201.591796875,4572.564453125,5,5,True,not_evaluated_uncalibrated,True
rome-math-n50-deepseek-7b-base-v1,analysis_out/rome-math-n50-deepseek-7b-base-v1/plans/deepseek-7b-base/cases0-49_r01/methods/rome/captures/rome-math-ablation.json,deepseek-7b-base,deepseek,development,cases0-49_r01,rome,31,complete,5,True,M1_raw,5,9184.9716796875,4592.228515625,5,5,True,not_evaluated_uncalibrated,True
rome-math-n50-deepseek-7b-base-v1,analysis_out/rome-math-n50-deepseek-7b-base-v1/plans/deepseek-7b-base/cases0-49_r01/methods/rome/captures/rome-math-ablation.json,deepseek-7b-base,deepseek,development,cases0-49_r01,rome,32,complete,5,True,M0,5,0.30548596382141113,0.1523505449295044,5,5,True,not_evaluated_uncalibrated,True
rome-math-n50-deepseek-7b-base-v1,analysis_out/rome-math-n50-deepseek-7b-base-v1/plans/deepseek-7b-base/cases0-49_r01/methods/rome/captures/rome-math-ablation.json,deepseek-7b-base,deepseek,development,cases0-49_r01,rome,32,complete,5,True,M1,5,0.3052841126918793,0.15264135599136353,5,5,True,not_evaluated_uncalibrated,True
rome-math-n50-deepseek-7b-base-v1,analysis_out/rome-math-n50-deepseek-7b-base-v1/plans/deepseek-7b-base/cases0-49_r01/methods/rome/captures/rome-math-ablation.json,deepseek-7b-base,deepseek,development,cases0-49_r01,rome,32,complete,5,True,M2,5,138.97259414727066,135.78853120422787,5,5,True,not_evaluated_uncalibrated,True
rome-math-n50-deepseek-7b-base-v1,analysis_out/rome-math-n50-deepseek-7b-base-v1/plans/deepseek-7b-base/cases0-49_r01/methods/rome/captures/rome-math-ablation.json,deepseek-7b-base,deepseek,development,cases0-49_r01,rome,32,complete,5,True,M3,5,1083.189697265625,1078.6562418937683,5,5,True,not_evaluated_uncalibrated,True
rome-math-n50-deepseek-7b-base-v1,analysis_out/rome-math-n50-deepseek-7b-base-v1/plans/deepseek-7b-base/cases0-49_r01/methods/rome/captures/rome-math-ablation.json,deepseek-7b-base,deepseek,development,cases0-49_r01,rome,32,complete,5,True,M0_raw,5,20317.423828125,10145.982421875,5,5,True,not_evaluated_uncalibrated,True
rome-math-n50-deepseek-7b-base-v1,analysis_out/rome-math-n50-deepseek-7b-base-v1/plans/deepseek-7b-base/cases0-49_r01/methods/rome/captures/rome-math-ablation.json,deepseek-7b-base,deepseek,development,cases0-49_r01,rome,32,complete,5,True,M1_raw,5,20309.90234375,10155.1259765625,5,5,True,not_evaluated_uncalibrated,True
rome-math-n50-deepseek-7b-base-v1,analysis_out/rome-math-n50-deepseek-7b-base-v1/plans/deepseek-7b-base/cases0-49_r01/methods/rome/captures/rome-math-ablation.json,deepseek-7b-base,deepseek,development,cases0-49_r01,rome,33,complete,5,True,M0,5,0.17563199996948242,0.087147057056427,5,5,True,not_evaluated_uncalibrated,True
rome-math-n50-deepseek-7b-base-v1,analysis_out/rome-math-n50-deepseek-7b-base-v1/plans/deepseek-7b-base/cases0-49_r01/methods/rome/captures/rome-math-ablation.json,deepseek-7b-base,deepseek,development,cases0-49_r01,rome,33,complete,5,True,M1,5,0.17528413236141205,0.08762413263320923,5,5,True,not_evaluated_uncalibrated,True
rome-math-n50-deepseek-7b-base-v1,analysis_out/rome-math-n50-deepseek-7b-base-v1/plans/deepseek-7b-base/cases0-49_r01/methods/rome/captures/rome-math-ablation.json,deepseek-7b-base,deepseek,development,cases0-49_r01,rome,33,complete,5,True,M2,5,379.9071574964359,376.7230945533931,5,5,True,not_evaluated_uncalibrated,True
rome-math-n50-deepseek-7b-base-v1,analysis_out/rome-math-n50-deepseek-7b-base-v1/plans/deepseek-7b-base/cases0-49_r01/methods/rome/captures/rome-math-ablation.json,deepseek-7b-base,deepseek,development,cases0-49_r01,rome,33,complete,5,True,M3,5,572.861328125,568.3278727531433,5,5,True,not_evaluated_uncalibrated,True
rome-math-n50-deepseek-7b-base-v1,analysis_out/rome-math-n50-deepseek-7b-base-v1/plans/deepseek-7b-base/cases0-49_r01/methods/rome/captures/rome-math-ablation.json,deepseek-7b-base,deepseek,development,cases0-49_r01,rome,33,complete,5,True,M0_raw,5,9838.1923828125,4892.82421875,5,5,True,not_evaluated_uncalibrated,True
rome-math-n50-deepseek-7b-base-v1,analysis_out/rome-math-n50-deepseek-7b-base-v1/plans/deepseek-7b-base/cases0-49_r01/methods/rome/captures/rome-math-ablation.json,deepseek-7b-base,deepseek,development,cases0-49_r01,rome,33,complete,5,True,M1_raw,5,9822.650390625,4910.80908203125,5,5,True,not_evaluated_uncalibrated,True
rome-math-n50-deepseek-7b-base-v1,analysis_out/rome-math-n50-deepseek-7b-base-v1/plans/deepseek-7b-base/cases0-49_r01/methods/rome/captures/rome-math-ablation.json,deepseek-7b-base,deepseek,development,cases0-49_r01,rome,34,complete,5,True,M0,5,0.13154256343841553,0.06486519426107407,5,5,True,not_evaluated_uncalibrated,True
rome-math-n50-deepseek-7b-base-v1,analysis_out/rome-math-n50-deepseek-7b-base-v1/plans/deepseek-7b-base/cases0-49_r01/methods/rome/captures/rome-math-ablation.json,deepseek-7b-base,deepseek,development,cases0-49_r01,rome,34,complete,5,True,M1,5,0.13106763362884521,0.0655181035399437,5,5,True,not_evaluated_uncalibrated,True
rome-math-n50-deepseek-7b-base-v1,analysis_out/rome-math-n50-deepseek-7b-base-v1/plans/deepseek-7b-base/cases0-49_r01/methods/rome/captures/rome-math-ablation.json,deepseek-7b-base,deepseek,development,cases0-49_r01,rome,34,complete,5,True,M2,5,290.4808237447112,287.29676080166837,5,5,True,not_evaluated_uncalibrated,True
rome-math-n50-deepseek-7b-base-v1,analysis_out/rome-math-n50-deepseek-7b-base-v1/plans/deepseek-7b-base/cases0-49_r01/methods/rome/captures/rome-math-ablation.json,deepseek-7b-base,deepseek,development,cases0-49_r01,rome,34,complete,5,True,M3,5,493.6506652832031,489.11720991134644,5,5,True,not_evaluated_uncalibrated,True
rome-math-n50-deepseek-7b-base-v1,analysis_out/rome-math-n50-deepseek-7b-base-v1/plans/deepseek-7b-base/cases0-49_r01/methods/rome/captures/rome-math-ablation.json,deepseek-7b-base,deepseek,development,cases0-49_r01,rome,34,complete,5,True,M0_raw,5,6992.390625,3458.317138671875,5,5,True,not_evaluated_uncalibrated,True
rome-math-n50-deepseek-7b-base-v1,analysis_out/rome-math-n50-deepseek-7b-base-v1/plans/deepseek-7b-base/cases0-49_r01/methods/rome/captures/rome-math-ablation.json,deepseek-7b-base,deepseek,development,cases0-49_r01,rome,34,complete,5,True,M1_raw,5,6970.50146484375,3484.680419921875,5,5,True,not_evaluated_uncalibrated,True
rome-math-n50-deepseek-7b-base-v1,analysis_out/rome-math-n50-deepseek-7b-base-v1/plans/deepseek-7b-base/cases0-49_r01/methods/rome/captures/rome-math-ablation.json,deepseek-7b-base,deepseek,development,cases0-49_r01,rome,35,complete,5,True,M0,5,0.04271189123392105,0.01874321885406971,5,5,True,not_evaluated_uncalibrated,True
rome-math-n50-deepseek-7b-base-v1,analysis_out/rome-math-n50-deepseek-7b-base-v1/plans/deepseek-7b-base/cases0-49_r01/methods/rome/captures/rome-math-ablation.json,deepseek-7b-base,deepseek,development,cases0-49_r01,rome,35,complete,5,True,M1,5,0.04110044613480568,0.02051439881324768,5,5,True,not_evaluated_uncalibrated,True
rome-math-n50-deepseek-7b-base-v1,analysis_out/rome-math-n50-deepseek-7b-base-v1/plans/deepseek-7b-base/cases0-49_r01/methods/rome/captures/rome-math-ablation.json,deepseek-7b-base,deepseek,development,cases0-49_r01,rome,35,complete,5,True,M2,5,81.13471804142588,77.9506550983831,5,5,True,not_evaluated_uncalibrated,True
rome-math-n50-deepseek-7b-base-v1,analysis_out/rome-math-n50-deepseek-7b-base-v1/plans/deepseek-7b-base/cases0-49_r01/methods/rome/captures/rome-math-ablation.json,deepseek-7b-base,deepseek,development,cases0-49_r01,rome,35,complete,5,True,M3,5,144.2521514892578,139.71869611740112,5,5,True,not_evaluated_uncalibrated,True
rome-math-n50-deepseek-7b-base-v1,analysis_out/rome-math-n50-deepseek-7b-base-v1/plans/deepseek-7b-base/cases0-49_r01/methods/rome/captures/rome-math-ablation.json,deepseek-7b-base,deepseek,development,cases0-49_r01,rome,35,complete,5,True,M0_raw,5,2056.32958984375,906.298828125,5,5,True,not_evaluated_uncalibrated,True
rome-math-n50-deepseek-7b-base-v1,analysis_out/rome-math-n50-deepseek-7b-base-v1/plans/deepseek-7b-base/cases0-49_r01/methods/rome/captures/rome-math-ablation.json,deepseek-7b-base,deepseek,development,cases0-49_r01,rome,35,complete,5,True,M1_raw,5,1980.620361328125,988.7378540039062,5,5,True,not_evaluated_uncalibrated,True
rome-math-n50-deepseek-7b-base-v1,analysis_out/rome-math-n50-deepseek-7b-base-v1/plans/deepseek-7b-base/cases0-49_r01/methods/rome/captures/rome-math-ablation.json,deepseek-7b-base,deepseek,development,cases0-49_r01,rome,36,complete,5,True,M0,5,0.05698106065392494,0.026486005634069443,5,5,True,not_evaluated_uncalibrated,True
rome-math-n50-deepseek-7b-base-v1,analysis_out/rome-math-n50-deepseek-7b-base-v1/plans/deepseek-7b-base/cases0-49_r01/methods/rome/captures/rome-math-ablation.json,deepseek-7b-base,deepseek,development,cases0-49_r01,rome,36,complete,5,True,M1,5,0.05580270290374756,0.027873819693922997,5,5,True,not_evaluated_uncalibrated,True
rome-math-n50-deepseek-7b-base-v1,analysis_out/rome-math-n50-deepseek-7b-base-v1/plans/deepseek-7b-base/cases0-49_r01/methods/rome/captures/rome-math-ablation.json,deepseek-7b-base,deepseek,development,cases0-49_r01,rome,36,complete,5,True,M2,5,109.19049617655926,106.00643323351647,5,5,True,not_evaluated_uncalibrated,True
rome-math-n50-deepseek-7b-base-v1,analysis_out/rome-math-n50-deepseek-7b-base-v1/plans/deepseek-7b-base/cases0-49_r01/methods/rome/captures/rome-math-ablation.json,deepseek-7b-base,deepseek,development,cases0-49_r01,rome,36,complete,5,True,M3,5,181.8352508544922,177.3017954826355,5,5,True,not_evaluated_uncalibrated,True
rome-math-n50-deepseek-7b-base-v1,analysis_out/rome-math-n50-deepseek-7b-base-v1/plans/deepseek-7b-base/cases0-49_r01/methods/rome/captures/rome-math-ablation.json,deepseek-7b-base,deepseek,development,cases0-49_r01,rome,36,complete,5,True,M0_raw,5,2786.51953125,1301.34912109375,5,5,True,not_evaluated_uncalibrated,True
rome-math-n50-deepseek-7b-base-v1,analysis_out/rome-math-n50-deepseek-7b-base-v1/plans/deepseek-7b-base/cases0-49_r01/methods/rome/captures/rome-math-ablation.json,deepseek-7b-base,deepseek,development,cases0-49_r01,rome,36,complete,5,True,M1_raw,5,2731.127197265625,1364.573486328125,5,5,True,not_evaluated_uncalibrated,True
rome-math-n50-deepseek-7b-base-v1,analysis_out/rome-math-n50-deepseek-7b-base-v1/plans/deepseek-7b-base/cases0-49_r01/methods/rome/captures/rome-math-ablation.json,deepseek-7b-base,deepseek,development,cases0-49_r01,rome,38,complete,5,True,M0,5,0.41335001587867737,0.2063724249601364,5,5,True,not_evaluated_uncalibrated,True
rome-math-n50-deepseek-7b-base-v1,analysis_out/rome-math-n50-deepseek-7b-base-v1/plans/deepseek-7b-base/cases0-49_r01/methods/rome/captures/rome-math-ablation.json,deepseek-7b-base,deepseek,development,cases0-49_r01,rome,38,complete,5,True,M1,5,0.4131866991519928,0.2065846472978592,5,5,True,not_evaluated_uncalibrated,True
rome-math-n50-deepseek-7b-base-v1,analysis_out/rome-math-n50-deepseek-7b-base-v1/plans/deepseek-7b-base/cases0-49_r01/methods/rome/captures/rome-math-ablation.json,deepseek-7b-base,deepseek,development,cases0-49_r01,rome,38,complete,5,True,M2,5,172.42851793316282,169.24445499012003,5,5,True,not_evaluated_uncalibrated,True
rome-math-n50-deepseek-7b-base-v1,analysis_out/rome-math-n50-deepseek-7b-base-v1/plans/deepseek-7b-base/cases0-49_r01/methods/rome/captures/rome-math-ablation.json,deepseek-7b-base,deepseek,development,cases0-49_r01,rome,38,complete,5,True,M3,5,1541.7203369140625,1537.1868815422058,5,5,True,not_evaluated_uncalibrated,True
rome-math-n50-deepseek-7b-base-v1,analysis_out/rome-math-n50-deepseek-7b-base-v1/plans/deepseek-7b-base/cases0-49_r01/methods/rome/captures/rome-math-ablation.json,deepseek-7b-base,deepseek,development,cases0-49_r01,rome,38,complete,5,True,M0_raw,5,32549.2890625,16266.32421875,5,5,True,not_evaluated_uncalibrated,True
rome-math-n50-deepseek-7b-base-v1,analysis_out/rome-math-n50-deepseek-7b-base-v1/plans/deepseek-7b-base/cases0-49_r01/methods/rome/captures/rome-math-ablation.json,deepseek-7b-base,deepseek,development,cases0-49_r01,rome,38,complete,5,True,M1_raw,5,32544.59375,16272.03515625,5,5,True,not_evaluated_uncalibrated,True
rome-math-n50-deepseek-7b-base-v1,analysis_out/rome-math-n50-deepseek-7b-base-v1/plans/deepseek-7b-base/cases0-49_r01/methods/rome/captures/rome-math-ablation.json,deepseek-7b-base,deepseek,development,cases0-49_r01,rome,39,complete,5,True,M0,5,0.1378837674856186,0.06807311624288559,5,5,True,not_evaluated_uncalibrated,True
rome-math-n50-deepseek-7b-base-v1,analysis_out/rome-math-n50-deepseek-7b-base-v1/plans/deepseek-7b-base/cases0-49_r01/methods/rome/captures/rome-math-ablation.json,deepseek-7b-base,deepseek,development,cases0-49_r01,rome,39,complete,5,True,M1,5,0.13743257522583008,0.06869805604219437,5,5,True,not_evaluated_uncalibrated,True
rome-math-n50-deepseek-7b-base-v1,analysis_out/rome-math-n50-deepseek-7b-base-v1/plans/deepseek-7b-base/cases0-49_r01/methods/rome/captures/rome-math-ablation.json,deepseek-7b-base,deepseek,development,cases0-49_r01,rome,39,complete,5,True,M2,5,308.31859844659823,305.1345355035554,5,5,True,not_evaluated_uncalibrated,True
rome-math-n50-deepseek-7b-base-v1,analysis_out/rome-math-n50-deepseek-7b-base-v1/plans/deepseek-7b-base/cases0-49_r01/methods/rome/captures/rome-math-ablation.json,deepseek-7b-base,deepseek,development,cases0-49_r01,rome,39,complete,5,True,M3,5,558.7279663085938,554.1945109367371,5,5,True,not_evaluated_uncalibrated,True
rome-math-n50-deepseek-7b-base-v1,analysis_out/rome-math-n50-deepseek-7b-base-v1/plans/deepseek-7b-base/cases0-49_r01/methods/rome/captures/rome-math-ablation.json,deepseek-7b-base,deepseek,development,cases0-49_r01,rome,39,complete,5,True,M0_raw,5,7383.6748046875,3655.797119140625,5,5,True,not_evaluated_uncalibrated,True
rome-math-n50-deepseek-7b-base-v1,analysis_out/rome-math-n50-deepseek-7b-base-v1/plans/deepseek-7b-base/cases0-49_r01/methods/rome/captures/rome-math-ablation.json,deepseek-7b-base,deepseek,development,cases0-49_r01,rome,39,complete,5,True,M1_raw,5,7362.94775390625,3680.787353515625,5,5,True,not_evaluated_uncalibrated,True
rome-math-n50-deepseek-7b-base-v1,analysis_out/rome-math-n50-deepseek-7b-base-v1/plans/deepseek-7b-base/cases0-49_r01/methods/rome/captures/rome-math-ablation.json,deepseek-7b-base,deepseek,development,cases0-49_r01,rome,40,complete,5,True,M0,5,0.4471716284751892,0.22331787645816803,5,5,True,not_evaluated_uncalibrated,True
rome-math-n50-deepseek-7b-base-v1,analysis_out/rome-math-n50-deepseek-7b-base-v1/plans/deepseek-7b-base/cases0-49_r01/methods/rome/captures/rome-math-ablation.json,deepseek-7b-base,deepseek,development,cases0-49_r01,rome,40,complete,5,True,M1,5,0.4470144212245941,0.22350695729255676,5,5,True,not_evaluated_uncalibrated,True
rome-math-n50-deepseek-7b-base-v1,analysis_out/rome-math-n50-deepseek-7b-base-v1/plans/deepseek-7b-base/cases0-49_r01/methods/rome/captures/rome-math-ablation.json,deepseek-7b-base,deepseek,development,cases0-49_r01,rome,40,complete,5,True,M2,5,182.65320209988485,179.46913915684206,5,5,True,not_evaluated_uncalibrated,True
rome-math-n50-deepseek-7b-base-v1,analysis_out/rome-math-n50-deepseek-7b-base-v1/plans/deepseek-7b-base/cases0-49_r01/methods/rome/captures/rome-math-ablation.json,deepseek-7b-base,deepseek,development,cases0-49_r01,rome,40,complete,5,True,M3,5,1576.4869384765625,1571.9534831047058,5,5,True,not_evaluated_uncalibrated,True
rome-math-n50-deepseek-7b-base-v1,analysis_out/rome-math-n50-deepseek-7b-base-v1/plans/deepseek-7b-base/cases0-49_r01/methods/rome/captures/rome-math-ablation.json,deepseek-7b-base,deepseek,development,cases0-49_r01,rome,40,complete,5,True,M0_raw,5,37368.90625,18677.80078125,5,5,True,not_evaluated_uncalibrated,True
rome-math-n50-deepseek-7b-base-v1,analysis_out/rome-math-n50-deepseek-7b-base-v1/plans/deepseek-7b-base/cases0-49_r01/methods/rome/captures/rome-math-ablation.json,deepseek-7b-base,deepseek,development,cases0-49_r01,rome,40,complete,5,True,M1_raw,5,37364.8203125,18682.634765625,5,5,True,not_evaluated_uncalibrated,True
rome-math-n50-deepseek-7b-base-v1,analysis_out/rome-math-n50-deepseek-7b-base-v1/plans/deepseek-7b-base/cases0-49_r01/methods/rome/captures/rome-math-ablation.json,deepseek-7b-base,deepseek,development,cases0-49_r01,rome,41,complete,5,True,M0,5,0.3858981728553772,0.19263975322246552,5,5,True,not_evaluated_uncalibrated,True
rome-math-n50-deepseek-7b-base-v1,analysis_out/rome-math-n50-deepseek-7b-base-v1/plans/deepseek-7b-base/cases0-49_r01/methods/rome/captures/rome-math-ablation.json,deepseek-7b-base,deepseek,development,cases0-49_r01,rome,41,complete,5,True,M1,5,0.3857283294200897,0.19286608695983887,5,5,True,not_evaluated_uncalibrated,True
rome-math-n50-deepseek-7b-base-v1,analysis_out/rome-math-n50-deepseek-7b-base-v1/plans/deepseek-7b-base/cases0-49_r01/methods/rome/captures/rome-math-ablation.json,deepseek-7b-base,deepseek,development,cases0-49_r01,rome,41,complete,5,True,M2,5,164.06468386297237,160.88062091992958,5,5,True,not_evaluated_uncalibrated,True
rome-math-n50-deepseek-7b-base-v1,analysis_out/rome-math-n50-deepseek-7b-base-v1/plans/deepseek-7b-base/cases0-49_r01/methods/rome/captures/rome-math-ablation.json,deepseek-7b-base,deepseek,development,cases0-49_r01,rome,41,complete,5,True,M3,5,1425.2720947265625,1420.7386393547058,5,5,True,not_evaluated_uncalibrated,True
rome-math-n50-deepseek-7b-base-v1,analysis_out/rome-math-n50-deepseek-7b-base-v1/plans/deepseek-7b-base/cases0-49_r01/methods/rome/captures/rome-math-ablation.json,deepseek-7b-base,deepseek,development,cases0-49_r01,rome,41,complete,5,True,M0_raw,5,29028.791015625,14505.7216796875,5,5,True,not_evaluated_uncalibrated,True
rome-math-n50-deepseek-7b-base-v1,analysis_out/rome-math-n50-deepseek-7b-base-v1/plans/deepseek-7b-base/cases0-49_r01/methods/rome/captures/rome-math-ablation.json,deepseek-7b-base,deepseek,development,cases0-49_r01,rome,41,complete,5,True,M1_raw,5,29023.525390625,14512.08203125,5,5,True,not_evaluated_uncalibrated,True
rome-math-n50-deepseek-7b-base-v1,analysis_out/rome-math-n50-deepseek-7b-base-v1/plans/deepseek-7b-base/cases0-49_r01/methods/rome/captures/rome-math-ablation.json,deepseek-7b-base,deepseek,development,cases0-49_r01,rome,42,complete,5,True,M0,5,0.060122933238744736,0.028144489973783493,5,5,True,not_evaluated_uncalibrated,True
rome-math-n50-deepseek-7b-base-v1,analysis_out/rome-math-n50-deepseek-7b-base-v1/plans/deepseek-7b-base/cases0-49_r01/methods/rome/captures/rome-math-ablation.json,deepseek-7b-base,deepseek,development,cases0-49_r01,rome,42,complete,5,True,M1,5,0.05901114270091057,0.029473766684532166,5,5,True,not_evaluated_uncalibrated,True
rome-math-n50-deepseek-7b-base-v1,analysis_out/rome-math-n50-deepseek-7b-base-v1/plans/deepseek-7b-base/cases0-49_r01/methods/rome/captures/rome-math-ablation.json,deepseek-7b-base,deepseek,development,cases0-49_r01,rome,42,complete,5,True,M2,5,120.42178212905847,117.23771918601568,5,5,True,not_evaluated_uncalibrated,True
rome-math-n50-deepseek-7b-base-v1,analysis_out/rome-math-n50-deepseek-7b-base-v1/plans/deepseek-7b-base/cases0-49_r01/methods/rome/captures/rome-math-ablation.json,deepseek-7b-base,deepseek,development,cases0-49_r01,rome,42,complete,5,True,M3,5,212.91786193847656,208.38440656661987,5,5,True,not_evaluated_uncalibrated,True
rome-math-n50-deepseek-7b-base-v1,analysis_out/rome-math-n50-deepseek-7b-base-v1/plans/deepseek-7b-base/cases0-49_r01/methods/rome/captures/rome-math-ablation.json,deepseek-7b-base,deepseek,development,cases0-49_r01,rome,42,complete,5,True,M0_raw,5,2950.20166015625,1387.5166015625,5,5,True,not_evaluated_uncalibrated,True
rome-math-n50-deepseek-7b-base-v1,analysis_out/rome-math-n50-deepseek-7b-base-v1/plans/deepseek-7b-base/cases0-49_r01/methods/rome/captures/rome-math-ablation.json,deepseek-7b-base,deepseek,development,cases0-49_r01,rome,42,complete,5,True,M1_raw,5,2897.9384765625,1447.6793212890625,5,5,True,not_evaluated_uncalibrated,True
rome-math-n50-deepseek-7b-base-v1,analysis_out/rome-math-n50-deepseek-7b-base-v1/plans/deepseek-7b-base/cases0-49_r01/methods/rome/captures/rome-math-ablation.json,deepseek-7b-base,deepseek,development,cases0-49_r01,rome,43,complete,5,True,M0,5,0.08030816167593002,0.03870260342955589,5,5,True,not_evaluated_uncalibrated,True
rome-math-n50-deepseek-7b-base-v1,analysis_out/rome-math-n50-deepseek-7b-base-v1/plans/deepseek-7b-base/cases0-49_r01/methods/rome/captures/rome-math-ablation.json,deepseek-7b-base,deepseek,development,cases0-49_r01,rome,43,complete,5,True,M1,5,0.0794958770275116,0.039730533957481384,5,5,True,not_evaluated_uncalibrated,True
rome-math-n50-deepseek-7b-base-v1,analysis_out/rome-math-n50-deepseek-7b-base-v1/plans/deepseek-7b-base/cases0-49_r01/methods/rome/captures/rome-math-ablation.json,deepseek-7b-base,deepseek,development,cases0-49_r01,rome,43,complete,5,True,M2,5,163.51028743864907,160.32622449560628,5,5,True,not_evaluated_uncalibrated,True
rome-math-n50-deepseek-7b-base-v1,analysis_out/rome-math-n50-deepseek-7b-base-v1/plans/deepseek-7b-base/cases0-49_r01/methods/rome/captures/rome-math-ablation.json,deepseek-7b-base,deepseek,development,cases0-49_r01,rome,43,complete,5,True,M3,5,285.1993713378906,280.66591596603394,5,5,True,not_evaluated_uncalibrated,True
rome-math-n50-deepseek-7b-base-v1,analysis_out/rome-math-n50-deepseek-7b-base-v1/plans/deepseek-7b-base/cases0-49_r01/methods/rome/captures/rome-math-ablation.json,deepseek-7b-base,deepseek,development,cases0-49_r01,rome,43,complete,5,True,M0_raw,5,4028.99560546875,1949.824462890625,5,5,True,not_evaluated_uncalibrated,True
rome-math-n50-deepseek-7b-base-v1,analysis_out/rome-math-n50-deepseek-7b-base-v1/plans/deepseek-7b-base/cases0-49_r01/methods/rome/captures/rome-math-ablation.json,deepseek-7b-base,deepseek,development,cases0-49_r01,rome,43,complete,5,True,M1_raw,5,3990.887451171875,1994.8355712890625,5,5,True,not_evaluated_uncalibrated,True
rome-math-n50-deepseek-7b-base-v1,analysis_out/rome-math-n50-deepseek-7b-base-v1/plans/deepseek-7b-base/cases0-49_r01/methods/rome/captures/rome-math-ablation.json,deepseek-7b-base,deepseek,development,cases0-49_r01,rome,44,complete,5,True,M0,5,0.09274256974458694,0.0451064370572567,5,5,True,not_evaluated_uncalibrated,True
rome-math-n50-deepseek-7b-base-v1,analysis_out/rome-math-n50-deepseek-7b-base-v1/plans/deepseek-7b-base/cases0-49_r01/methods/rome/captures/rome-math-ablation.json,deepseek-7b-base,deepseek,development,cases0-49_r01,rome,44,complete,5,True,M1,5,0.09204800426959991,0.046007879078388214,5,5,True,not_evaluated_uncalibrated,True
rome-math-n50-deepseek-7b-base-v1,analysis_out/rome-math-n50-deepseek-7b-base-v1/plans/deepseek-7b-base/cases0-49_r01/methods/rome/captures/rome-math-ablation.json,deepseek-7b-base,deepseek,development,cases0-49_r01,rome,44,complete,5,True,M2,5,192.26211324720495,189.07805030416216,5,5,True,not_evaluated_uncalibrated,True
rome-math-n50-deepseek-7b-base-v1,analysis_out/rome-math-n50-deepseek-7b-base-v1/plans/deepseek-7b-base/cases0-49_r01/methods/rome/captures/rome-math-ablation.json,deepseek-7b-base,deepseek,development,cases0-49_r01,rome,44,complete,5,True,M3,5,329.7434387207031,325.20998334884644,5,5,True,not_evaluated_uncalibrated,True
rome-math-n50-deepseek-7b-base-v1,analysis_out/rome-math-n50-deepseek-7b-base-v1/plans/deepseek-7b-base/cases0-49_r01/methods/rome/captures/rome-math-ablation.json,deepseek-7b-base,deepseek,development,cases0-49_r01,rome,44,complete,5,True,M0_raw,5,4717.48876953125,2303.24560546875,5,5,True,not_evaluated_uncalibrated,True
rome-math-n50-deepseek-7b-base-v1,analysis_out/rome-math-n50-deepseek-7b-base-v1/plans/deepseek-7b-base/cases0-49_r01/methods/rome/captures/rome-math-ablation.json,deepseek-7b-base,deepseek,development,cases0-49_r01,rome,44,complete,5,True,M1_raw,5,4684.98193359375,2341.94482421875,5,5,True,not_evaluated_uncalibrated,True
rome-math-n50-deepseek-7b-base-v1,analysis_out/rome-math-n50-deepseek-7b-base-v1/plans/deepseek-7b-base/cases0-49_r01/methods/rome/captures/rome-math-ablation.json,deepseek-7b-base,deepseek,development,cases0-49_r01,rome,45,complete,5,True,M0,5,0.0813177302479744,0.03922054544091225,5,5,True,not_evaluated_uncalibrated,True
rome-math-n50-deepseek-7b-base-v1,analysis_out/rome-math-n50-deepseek-7b-base-v1/plans/deepseek-7b-base/cases0-49_r01/methods/rome/captures/rome-math-ablation.json,deepseek-7b-base,deepseek,development,cases0-49_r01,rome,45,complete,5,True,M1,5,0.08051633834838867,0.040237851440906525,5,5,True,not_evaluated_uncalibrated,True
rome-math-n50-deepseek-7b-base-v1,analysis_out/rome-math-n50-deepseek-7b-base-v1/plans/deepseek-7b-base/cases0-49_r01/methods/rome/captures/rome-math-ablation.json,deepseek-7b-base,deepseek,development,cases0-49_r01,rome,45,complete,5,True,M2,5,171.06799341531254,167.88393047226975,5,5,True,not_evaluated_uncalibrated,True
rome-math-n50-deepseek-7b-base-v1,analysis_out/rome-math-n50-deepseek-7b-base-v1/plans/deepseek-7b-base/cases0-49_r01/methods/rome/captures/rome-math-ablation.json,deepseek-7b-base,deepseek,development,cases0-49_r01,rome,45,complete,5,True,M3,5,310.22845458984375,305.69499921798706,5,5,True,not_evaluated_uncalibrated,True
rome-math-n50-deepseek-7b-base-v1,analysis_out/rome-math-n50-deepseek-7b-base-v1/plans/deepseek-7b-base/cases0-49_r01/methods/rome/captures/rome-math-ablation.json,deepseek-7b-base,deepseek,development,cases0-49_r01,rome,45,complete,5,True,M0_raw,5,4084.15380859375,1978.048583984375,5,5,True,not_evaluated_uncalibrated,True
rome-math-n50-deepseek-7b-base-v1,analysis_out/rome-math-n50-deepseek-7b-base-v1/plans/deepseek-7b-base/cases0-49_r01/methods/rome/captures/rome-math-ablation.json,deepseek-7b-base,deepseek,development,cases0-49_r01,rome,45,complete,5,True,M1_raw,5,4046.560546875,2022.47509765625,5,5,True,not_evaluated_uncalibrated,True
rome-math-n50-deepseek-7b-base-v1,analysis_out/rome-math-n50-deepseek-7b-base-v1/plans/deepseek-7b-base/cases0-49_r01/methods/rome/captures/rome-math-ablation.json,deepseek-7b-base,deepseek,development,cases0-49_r01,rome,46,complete,5,True,M0,5,0.12646521627902985,0.06230316311120987,5,5,True,not_evaluated_uncalibrated,True
rome-math-n50-deepseek-7b-base-v1,analysis_out/rome-math-n50-deepseek-7b-base-v1/plans/deepseek-7b-base/cases0-49_r01/methods/rome/captures/rome-math-ablation.json,deepseek-7b-base,deepseek,development,cases0-49_r01,rome,46,complete,5,True,M1,5,0.12596967816352844,0.0629802718758583,5,5,True,not_evaluated_uncalibrated,True
rome-math-n50-deepseek-7b-base-v1,analysis_out/rome-math-n50-deepseek-7b-base-v1/plans/deepseek-7b-base/cases0-49_r01/methods/rome/captures/rome-math-ablation.json,deepseek-7b-base,deepseek,development,cases0-49_r01,rome,46,complete,5,True,M2,5,269.58111218162736,266.39704923858454,5,5,True,not_evaluated_uncalibrated,True
rome-math-n50-deepseek-7b-base-v1,analysis_out/rome-math-n50-deepseek-7b-base-v1/plans/deepseek-7b-base/cases0-49_r01/methods/rome/captures/rome-math-ablation.json,deepseek-7b-base,deepseek,development,cases0-49_r01,rome,46,complete,5,True,M3,5,436.40924072265625,431.87578535079956,5,5,True,not_evaluated_uncalibrated,True
rome-math-n50-deepseek-7b-base-v1,analysis_out/rome-math-n50-deepseek-7b-base-v1/plans/deepseek-7b-base/cases0-49_r01/methods/rome/captures/rome-math-ablation.json,deepseek-7b-base,deepseek,development,cases0-49_r01,rome,46,complete,5,True,M0_raw,5,6683.4208984375,3302.6689453125,5,5,True,not_evaluated_uncalibrated,True
rome-math-n50-deepseek-7b-base-v1,analysis_out/rome-math-n50-deepseek-7b-base-v1/plans/deepseek-7b-base/cases0-49_r01/methods/rome/captures/rome-math-ablation.json,deepseek-7b-base,deepseek,development,cases0-49_r01,rome,46,complete,5,True,M1_raw,5,6660.5166015625,3330.238525390625,5,5,True,not_evaluated_uncalibrated,True
rome-math-n50-deepseek-7b-base-v1,analysis_out/rome-math-n50-deepseek-7b-base-v1/plans/deepseek-7b-base/cases0-49_r01/methods/rome/captures/rome-math-ablation.json,deepseek-7b-base,deepseek,development,cases0-49_r01,rome,47,complete,5,True,M0,5,0.11452049016952515,0.056239139288663864,5,5,True,not_evaluated_uncalibrated,True
rome-math-n50-deepseek-7b-base-v1,analysis_out/rome-math-n50-deepseek-7b-base-v1/plans/deepseek-7b-base/cases0-49_r01/methods/rome/captures/rome-math-ablation.json,deepseek-7b-base,deepseek,development,cases0-49_r01,rome,47,complete,5,True,M1,5,0.11396847665309906,0.05696757882833481,5,5,True,not_evaluated_uncalibrated,True
rome-math-n50-deepseek-7b-base-v1,analysis_out/rome-math-n50-deepseek-7b-base-v1/plans/deepseek-7b-base/cases0-49_r01/methods/rome/captures/rome-math-ablation.json,deepseek-7b-base,deepseek,development,cases0-49_r01,rome,47,complete,5,True,M2,5,237.50445881197007,234.32039586892728,5,5,True,not_evaluated_uncalibrated,True
rome-math-n50-deepseek-7b-base-v1,analysis_out/rome-math-n50-deepseek-7b-base-v1/plans/deepseek-7b-base/cases0-49_r01/methods/rome/captures/rome-math-ablation.json,deepseek-7b-base,deepseek,development,cases0-49_r01,rome,47,complete,5,True,M3,5,380.0955810546875,375.5621256828308,5,5,True,not_evaluated_uncalibrated,True
rome-math-n50-deepseek-7b-base-v1,analysis_out/rome-math-n50-deepseek-7b-base-v1/plans/deepseek-7b-base/cases0-49_r01/methods/rome/captures/rome-math-ablation.json,deepseek-7b-base,deepseek,development,cases0-49_r01,rome,47,complete,5,True,M0_raw,5,5970.048828125,2941.48388671875,5,5,True,not_evaluated_uncalibrated,True
rome-math-n50-deepseek-7b-base-v1,analysis_out/rome-math-n50-deepseek-7b-base-v1/plans/deepseek-7b-base/cases0-49_r01/methods/rome/captures/rome-math-ablation.json,deepseek-7b-base,deepseek,development,cases0-49_r01,rome,47,complete,5,True,M1_raw,5,5944.39404296875,2971.71533203125,5,5,True,not_evaluated_uncalibrated,True
rome-math-n50-deepseek-7b-base-v1,analysis_out/rome-math-n50-deepseek-7b-base-v1/plans/deepseek-7b-base/cases0-49_r01/methods/rome/captures/rome-math-ablation.json,deepseek-7b-base,deepseek,development,cases0-49_r01,rome,48,complete,5,True,M0,5,0.15117396414279938,0.07480558753013611,5,5,True,not_evaluated_uncalibrated,True
rome-math-n50-deepseek-7b-base-v1,analysis_out/rome-math-n50-deepseek-7b-base-v1/plans/deepseek-7b-base/cases0-49_r01/methods/rome/captures/rome-math-ablation.json,deepseek-7b-base,deepseek,development,cases0-49_r01,rome,48,complete,5,True,M1,5,0.15076550841331482,0.07537338137626648,5,5,True,not_evaluated_uncalibrated,True
rome-math-n50-deepseek-7b-base-v1,analysis_out/rome-math-n50-deepseek-7b-base-v1/plans/deepseek-7b-base/cases0-49_r01/methods/rome/captures/rome-math-ablation.json,deepseek-7b-base,deepseek,development,cases0-49_r01,rome,48,complete,5,True,M2,5,331.7618626853681,328.5777997423253,5,5,True,not_evaluated_uncalibrated,True
rome-math-n50-deepseek-7b-base-v1,analysis_out/rome-math-n50-deepseek-7b-base-v1/plans/deepseek-7b-base/cases0-49_r01/methods/rome/captures/rome-math-ablation.json,deepseek-7b-base,deepseek,development,cases0-49_r01,rome,48,complete,5,True,M3,5,536.3994140625,531.8659586906433,5,5,True,not_evaluated_uncalibrated,True
rome-math-n50-deepseek-7b-base-v1,analysis_out/rome-math-n50-deepseek-7b-base-v1/plans/deepseek-7b-base/cases0-49_r01/methods/rome/captures/rome-math-ablation.json,deepseek-7b-base,deepseek,development,cases0-49_r01,rome,48,complete,5,True,M0_raw,5,8222.8896484375,4079.6708984375,5,5,True,not_evaluated_uncalibrated,True
rome-math-n50-deepseek-7b-base-v1,analysis_out/rome-math-n50-deepseek-7b-base-v1/plans/deepseek-7b-base/cases0-49_r01/methods/rome/captures/rome-math-ablation.json,deepseek-7b-base,deepseek,development,cases0-49_r01,rome,48,complete,5,True,M1_raw,5,8204.2861328125,4101.99755859375,5,5,True,not_evaluated_uncalibrated,True
rome-math-n50-deepseek-7b-base-v1,analysis_out/rome-math-n50-deepseek-7b-base-v1/plans/deepseek-7b-base/cases0-49_r01/methods/rome/captures/rome-math-ablation.json,deepseek-7b-base,deepseek,development,cases0-49_r01,rome,49,complete,5,False,M0,5,0.12698474526405334,0.06255543231964111,5,5,True,not_evaluated_uncalibrated,True
rome-math-n50-deepseek-7b-base-v1,analysis_out/rome-math-n50-deepseek-7b-base-v1/plans/deepseek-7b-base/cases0-49_r01/methods/rome/captures/rome-math-ablation.json,deepseek-7b-base,deepseek,development,cases0-49_r01,rome,49,complete,5,False,M1,5,0.12649135291576385,0.06323037296533585,5,5,True,not_evaluated_uncalibrated,True
rome-math-n50-deepseek-7b-base-v1,analysis_out/rome-math-n50-deepseek-7b-base-v1/plans/deepseek-7b-base/cases0-49_r01/methods/rome/captures/rome-math-ablation.json,deepseek-7b-base,deepseek,development,cases0-49_r01,rome,49,complete,5,False,M2,5,280.71182343626486,277.52776049322205,5,5,True,not_evaluated_uncalibrated,True
rome-math-n50-deepseek-7b-base-v1,analysis_out/rome-math-n50-deepseek-7b-base-v1/plans/deepseek-7b-base/cases0-49_r01/methods/rome/captures/rome-math-ablation.json,deepseek-7b-base,deepseek,development,cases0-49_r01,rome,49,complete,5,False,M3,5,483.57421875,479.0407633781433,5,5,True,not_evaluated_uncalibrated,True
rome-math-n50-deepseek-7b-base-v1,analysis_out/rome-math-n50-deepseek-7b-base-v1/plans/deepseek-7b-base/cases0-49_r01/methods/rome/captures/rome-math-ablation.json,deepseek-7b-base,deepseek,development,cases0-49_r01,rome,49,complete,5,False,M0_raw,5,6714.64208984375,3317.931884765625,5,5,True,not_evaluated_uncalibrated,True
rome-math-n50-deepseek-7b-base-v1,analysis_out/rome-math-n50-deepseek-7b-base-v1/plans/deepseek-7b-base/cases0-49_r01/methods/rome/captures/rome-math-ablation.json,deepseek-7b-base,deepseek,development,cases0-49_r01,rome,49,complete,5,False,M1_raw,5,6691.8447265625,3345.369384765625,5,5,True,not_evaluated_uncalibrated,True
rome-math-n50-deepseek-7b-base-v1,analysis_out/rome-math-n50-deepseek-7b-base-v1/plans/deepseek-7b-base/cases0-49_r01/methods/rome/captures/rome-math-ablation.json,deepseek-7b-base,deepseek,development,cases0-49_r01,rome,50,complete,5,True,M0,5,0.09988828003406525,0.0487603023648262,5,5,True,not_evaluated_uncalibrated,True
rome-math-n50-deepseek-7b-base-v1,analysis_out/rome-math-n50-deepseek-7b-base-v1/plans/deepseek-7b-base/cases0-49_r01/methods/rome/captures/rome-math-ablation.json,deepseek-7b-base,deepseek,development,cases0-49_r01,rome,50,complete,5,True,M1,5,0.09924764931201935,0.04960312694311142,5,5,True,not_evaluated_uncalibrated,True
rome-math-n50-deepseek-7b-base-v1,analysis_out/rome-math-n50-deepseek-7b-base-v1/plans/deepseek-7b-base/cases0-49_r01/methods/rome/captures/rome-math-ablation.json,deepseek-7b-base,deepseek,development,cases0-49_r01,rome,50,complete,5,True,M2,5,212.47622159432893,209.29215865128614,5,5,True,not_evaluated_uncalibrated,True
rome-math-n50-deepseek-7b-base-v1,analysis_out/rome-math-n50-deepseek-7b-base-v1/plans/deepseek-7b-base/cases0-49_r01/methods/rome/captures/rome-math-ablation.json,deepseek-7b-base,deepseek,development,cases0-49_r01,rome,50,complete,5,True,M3,5,366.9961853027344,362.4627299308777,5,5,True,not_evaluated_uncalibrated,True
rome-math-n50-deepseek-7b-base-v1,analysis_out/rome-math-n50-deepseek-7b-base-v1/plans/deepseek-7b-base/cases0-49_r01/methods/rome/captures/rome-math-ablation.json,deepseek-7b-base,deepseek,development,cases0-49_r01,rome,50,complete,5,True,M0_raw,5,5121.60986328125,2509.29638671875,5,5,True,not_evaluated_uncalibrated,True
rome-math-n50-deepseek-7b-base-v1,analysis_out/rome-math-n50-deepseek-7b-base-v1/plans/deepseek-7b-base/cases0-49_r01/methods/rome/captures/rome-math-ablation.json,deepseek-7b-base,deepseek,development,cases0-49_r01,rome,50,complete,5,True,M1_raw,5,5091.6865234375,2545.0322265625,5,5,True,not_evaluated_uncalibrated,True
rome-math-n50-deepseek-7b-base-v1,analysis_out/rome-math-n50-deepseek-7b-base-v1/plans/deepseek-7b-base/cases0-49_r01/methods/rome/captures/rome-math-ablation.json,deepseek-7b-base,deepseek,development,cases0-49_r01,rome,52,complete,5,True,M0,5,0.5116197466850281,0.25558435916900635,5,5,True,not_evaluated_uncalibrated,True
rome-math-n50-deepseek-7b-base-v1,analysis_out/rome-math-n50-deepseek-7b-base-v1/plans/deepseek-7b-base/cases0-49_r01/methods/rome/captures/rome-math-ablation.json,deepseek-7b-base,deepseek,development,cases0-49_r01,rome,52,complete,5,True,M1,5,0.5114691257476807,0.2557268440723419,5,5,True,not_evaluated_uncalibrated,True
rome-math-n50-deepseek-7b-base-v1,analysis_out/rome-math-n50-deepseek-7b-base-v1/plans/deepseek-7b-base/cases0-49_r01/methods/rome/captures/rome-math-ablation.json,deepseek-7b-base,deepseek,development,cases0-49_r01,rome,52,complete,5,True,M2,5,202.46401451054558,199.2799515675028,5,5,True,not_evaluated_uncalibrated,True
rome-math-n50-deepseek-7b-base-v1,analysis_out/rome-math-n50-deepseek-7b-base-v1/plans/deepseek-7b-base/cases0-49_r01/methods/rome/captures/rome-math-ablation.json,deepseek-7b-base,deepseek,development,cases0-49_r01,rome,52,complete,5,True,M3,5,1662.182373046875,1657.5541734695435,5,5,True,not_evaluated_uncalibrated,True
rome-math-n50-deepseek-7b-base-v1,analysis_out/rome-math-n50-deepseek-7b-base-v1/plans/deepseek-7b-base/cases0-49_r01/methods/rome/captures/rome-math-ablation.json,deepseek-7b-base,deepseek,development,cases0-49_r01,rome,52,complete,5,True,M0_raw,5,48402.0859375,24196.24609375,5,5,True,not_evaluated_uncalibrated,True
rome-math-n50-deepseek-7b-base-v1,analysis_out/rome-math-n50-deepseek-7b-base-v1/plans/deepseek-7b-base/cases0-49_r01/methods/rome/captures/rome-math-ablation.json,deepseek-7b-base,deepseek,development,cases0-49_r01,rome,52,complete,5,True,M1_raw,5,48398.92578125,24199.341796875,5,5,True,not_evaluated_uncalibrated,True
rome-math-n50-deepseek-7b-base-v1,analysis_out/rome-math-n50-deepseek-7b-base-v1/plans/deepseek-7b-base/cases0-49_r01/methods/rome/captures/rome-math-ablation.json,deepseek-7b-base,deepseek,development,cases0-49_r01,rome,53,complete,5,True,M0,5,0.056594427675008774,0.02626989409327507,5,5,True,not_evaluated_uncalibrated,True
rome-math-n50-deepseek-7b-base-v1,analysis_out/rome-math-n50-deepseek-7b-base-v1/plans/deepseek-7b-base/cases0-49_r01/methods/rome/captures/rome-math-ablation.json,deepseek-7b-base,deepseek,development,cases0-49_r01,rome,53,complete,5,True,M1,5,0.05540736764669418,0.02767248824238777,5,5,True,not_evaluated_uncalibrated,True
rome-math-n50-deepseek-7b-base-v1,analysis_out/rome-math-n50-deepseek-7b-base-v1/plans/deepseek-7b-base/cases0-49_r01/methods/rome/captures/rome-math-ablation.json,deepseek-7b-base,deepseek,development,cases0-49_r01,rome,53,complete,5,True,M2,5,111.11954335866533,107.93548041562254,5,5,True,not_evaluated_uncalibrated,True
rome-math-n50-deepseek-7b-base-v1,analysis_out/rome-math-n50-deepseek-7b-base-v1/plans/deepseek-7b-base/cases0-49_r01/methods/rome/captures/rome-math-ablation.json,deepseek-7b-base,deepseek,development,cases0-49_r01,rome,53,complete,5,True,M3,5,195.55844116210938,191.02498579025269,5,5,True,not_evaluated_uncalibrated,True
rome-math-n50-deepseek-7b-base-v1,analysis_out/rome-math-n50-deepseek-7b-base-v1/plans/deepseek-7b-base/cases0-49_r01/methods/rome/captures/rome-math-ablation.json,deepseek-7b-base,deepseek,development,cases0-49_r01,rome,53,complete,5,True,M0_raw,5,2766.37939453125,1290.176025390625,5,5,True,not_evaluated_uncalibrated,True
rome-math-n50-deepseek-7b-base-v1,analysis_out/rome-math-n50-deepseek-7b-base-v1/plans/deepseek-7b-base/cases0-49_r01/methods/rome/captures/rome-math-ablation.json,deepseek-7b-base,deepseek,development,cases0-49_r01,rome,53,complete,5,True,M1_raw,5,2710.576416015625,1353.953369140625,5,5,True,not_evaluated_uncalibrated,True
rome-math-n50-falcon-7b-v1,analysis_out/rome-math-n50-falcon-7b-v1/plans/falcon-7b/cases0-49_r01/methods/rome/captures/rome-math-ablation.json,falcon-7b,falcon,development,cases0-49_r01,rome,0,complete,5,True,M0,14,0.01350181270390749,0.0004599308595061302,9,4,True,not_evaluated_uncalibrated,False
rome-math-n50-falcon-7b-v1,analysis_out/rome-math-n50-falcon-7b-v1/plans/falcon-7b/cases0-49_r01/methods/rome/captures/rome-math-ablation.json,falcon-7b,falcon,development,cases0-49_r01,rome,0,complete,5,True,M1,4,0.006187095772475004,0.0015801270492374897,9,4,True,not_evaluated_uncalibrated,False
rome-math-n50-falcon-7b-v1,analysis_out/rome-math-n50-falcon-7b-v1/plans/falcon-7b/cases0-49_r01/methods/rome/captures/rome-math-ablation.json,falcon-7b,falcon,development,cases0-49_r01,rome,0,complete,5,True,M2,13,3.690120763209534,0.5352644677288967,9,4,True,not_evaluated_uncalibrated,False
rome-math-n50-falcon-7b-v1,analysis_out/rome-math-n50-falcon-7b-v1/plans/falcon-7b/cases0-49_r01/methods/rome/captures/rome-math-ablation.json,falcon-7b,falcon,development,cases0-49_r01,rome,0,complete,5,True,M3,9,5.575019836425781,0.18970394134521484,9,4,True,not_evaluated_uncalibrated,False
rome-math-n50-falcon-7b-v1,analysis_out/rome-math-n50-falcon-7b-v1/plans/falcon-7b/cases0-49_r01/methods/rome/captures/rome-math-ablation.json,falcon-7b,falcon,development,cases0-49_r01,rome,0,complete,5,True,M0_raw,28,487.2957458496094,27.87860107421875,9,4,True,not_evaluated_uncalibrated,False
rome-math-n50-falcon-7b-v1,analysis_out/rome-math-n50-falcon-7b-v1/plans/falcon-7b/cases0-49_r01/methods/rome/captures/rome-math-ablation.json,falcon-7b,falcon,development,cases0-49_r01,rome,0,complete,5,True,M1_raw,4,162.89358520507812,39.936767578125,9,4,True,not_evaluated_uncalibrated,False
rome-math-n50-falcon-7b-v1,analysis_out/rome-math-n50-falcon-7b-v1/plans/falcon-7b/cases0-49_r01/methods/rome/captures/rome-math-ablation.json,falcon-7b,falcon,development,cases0-49_r01,rome,1,complete,5,True,M0,14,0.01350181270390749,0.0004599308595061302,9,4,True,not_evaluated_uncalibrated,False
rome-math-n50-falcon-7b-v1,analysis_out/rome-math-n50-falcon-7b-v1/plans/falcon-7b/cases0-49_r01/methods/rome/captures/rome-math-ablation.json,falcon-7b,falcon,development,cases0-49_r01,rome,1,complete,5,True,M1,4,0.006187178194522858,0.0015763607807457447,9,4,True,not_evaluated_uncalibrated,False
rome-math-n50-falcon-7b-v1,analysis_out/rome-math-n50-falcon-7b-v1/plans/falcon-7b/cases0-49_r01/methods/rome/captures/rome-math-ablation.json,falcon-7b,falcon,development,cases0-49_r01,rome,1,complete,5,True,M2,13,3.690120763209534,0.5352644677288967,9,4,True,not_evaluated_uncalibrated,False
rome-math-n50-falcon-7b-v1,analysis_out/rome-math-n50-falcon-7b-v1/plans/falcon-7b/cases0-49_r01/methods/rome/captures/rome-math-ablation.json,falcon-7b,falcon,development,cases0-49_r01,rome,1,complete,5,True,M3,9,5.575019836425781,0.18970394134521484,9,4,True,not_evaluated_uncalibrated,False
rome-math-n50-falcon-7b-v1,analysis_out/rome-math-n50-falcon-7b-v1/plans/falcon-7b/cases0-49_r01/methods/rome/captures/rome-math-ablation.json,falcon-7b,falcon,development,cases0-49_r01,rome,1,complete,5,True,M0_raw,28,487.2957458496094,27.87860107421875,9,4,True,not_evaluated_uncalibrated,False
rome-math-n50-falcon-7b-v1,analysis_out/rome-math-n50-falcon-7b-v1/plans/falcon-7b/cases0-49_r01/methods/rome/captures/rome-math-ablation.json,falcon-7b,falcon,development,cases0-49_r01,rome,1,complete,5,True,M1_raw,4,162.8929443359375,39.827476501464844,9,4,True,not_evaluated_uncalibrated,False
rome-math-n50-falcon-7b-v1,analysis_out/rome-math-n50-falcon-7b-v1/plans/falcon-7b/cases0-49_r01/methods/rome/captures/rome-math-ablation.json,falcon-7b,falcon,development,cases0-49_r01,rome,2,complete,5,True,M0,14,0.01350181270390749,0.0004599308595061302,9,4,True,not_evaluated_uncalibrated,False
rome-math-n50-falcon-7b-v1,analysis_out/rome-math-n50-falcon-7b-v1/plans/falcon-7b/cases0-49_r01/methods/rome/captures/rome-math-ablation.json,falcon-7b,falcon,development,cases0-49_r01,rome,2,complete,5,True,M1,4,0.006187002640217543,0.0015756301581859589,9,4,True,not_evaluated_uncalibrated,False
rome-math-n50-falcon-7b-v1,analysis_out/rome-math-n50-falcon-7b-v1/plans/falcon-7b/cases0-49_r01/methods/rome/captures/rome-math-ablation.json,falcon-7b,falcon,development,cases0-49_r01,rome,2,complete,5,True,M2,13,3.690120763209534,0.5352644677288967,9,4,True,not_evaluated_uncalibrated,False
rome-math-n50-falcon-7b-v1,analysis_out/rome-math-n50-falcon-7b-v1/plans/falcon-7b/cases0-49_r01/methods/rome/captures/rome-math-ablation.json,falcon-7b,falcon,development,cases0-49_r01,rome,2,complete,5,True,M3,9,5.575019836425781,0.18970394134521484,9,4,True,not_evaluated_uncalibrated,False
rome-math-n50-falcon-7b-v1,analysis_out/rome-math-n50-falcon-7b-v1/plans/falcon-7b/cases0-49_r01/methods/rome/captures/rome-math-ablation.json,falcon-7b,falcon,development,cases0-49_r01,rome,2,complete,5,True,M0_raw,28,487.2957458496094,27.87860107421875,9,4,True,not_evaluated_uncalibrated,False
rome-math-n50-falcon-7b-v1,analysis_out/rome-math-n50-falcon-7b-v1/plans/falcon-7b/cases0-49_r01/methods/rome/captures/rome-math-ablation.json,falcon-7b,falcon,development,cases0-49_r01,rome,2,complete,5,True,M1_raw,4,162.8870391845703,39.80809020996094,9,4,True,not_evaluated_uncalibrated,False
rome-math-n50-falcon-7b-v1,analysis_out/rome-math-n50-falcon-7b-v1/plans/falcon-7b/cases0-49_r01/methods/rome/captures/rome-math-ablation.json,falcon-7b,falcon,development,cases0-49_r01,rome,3,complete,5,True,M0,14,0.01350181270390749,0.0004599308595061302,5,5,True,not_evaluated_uncalibrated,True
rome-math-n50-falcon-7b-v1,analysis_out/rome-math-n50-falcon-7b-v1/plans/falcon-7b/cases0-49_r01/methods/rome/captures/rome-math-ablation.json,falcon-7b,falcon,development,cases0-49_r01,rome,3,complete,5,True,M1,4,0.006187495309859514,0.001340612769126892,5,5,True,not_evaluated_uncalibrated,True
rome-math-n50-falcon-7b-v1,analysis_out/rome-math-n50-falcon-7b-v1/plans/falcon-7b/cases0-49_r01/methods/rome/captures/rome-math-ablation.json,falcon-7b,falcon,development,cases0-49_r01,rome,3,complete,5,True,M2,13,3.690120763209534,0.5352644677288967,5,5,True,not_evaluated_uncalibrated,True
rome-math-n50-falcon-7b-v1,analysis_out/rome-math-n50-falcon-7b-v1/plans/falcon-7b/cases0-49_r01/methods/rome/captures/rome-math-ablation.json,falcon-7b,falcon,development,cases0-49_r01,rome,3,complete,5,True,M3,5,10.789653778076172,5.214633941650391,5,5,True,not_evaluated_uncalibrated,True
rome-math-n50-falcon-7b-v1,analysis_out/rome-math-n50-falcon-7b-v1/plans/falcon-7b/cases0-49_r01/methods/rome/captures/rome-math-ablation.json,falcon-7b,falcon,development,cases0-49_r01,rome,3,complete,5,True,M0_raw,28,487.2957458496094,27.87860107421875,5,5,True,not_evaluated_uncalibrated,True
rome-math-n50-falcon-7b-v1,analysis_out/rome-math-n50-falcon-7b-v1/plans/falcon-7b/cases0-49_r01/methods/rome/captures/rome-math-ablation.json,falcon-7b,falcon,development,cases0-49_r01,rome,3,complete,5,True,M1_raw,4,162.89125061035156,33.73289489746094,5,5,True,not_evaluated_uncalibrated,True
rome-math-n50-falcon-7b-v1,analysis_out/rome-math-n50-falcon-7b-v1/plans/falcon-7b/cases0-49_r01/methods/rome/captures/rome-math-ablation.json,falcon-7b,falcon,development,cases0-49_r01,rome,4,complete,5,False,M0,14,0.01350181270390749,0.0004599308595061302,9,4,True,not_evaluated_uncalibrated,False
rome-math-n50-falcon-7b-v1,analysis_out/rome-math-n50-falcon-7b-v1/plans/falcon-7b/cases0-49_r01/methods/rome/captures/rome-math-ablation.json,falcon-7b,falcon,development,cases0-49_r01,rome,4,complete,5,False,M1,4,0.006187333259731531,0.0014093914069235325,9,4,True,not_evaluated_uncalibrated,False
rome-math-n50-falcon-7b-v1,analysis_out/rome-math-n50-falcon-7b-v1/plans/falcon-7b/cases0-49_r01/methods/rome/captures/rome-math-ablation.json,falcon-7b,falcon,development,cases0-49_r01,rome,4,complete,5,False,M2,13,3.690120763209534,0.5352644677288967,9,4,True,not_evaluated_uncalibrated,False
rome-math-n50-falcon-7b-v1,analysis_out/rome-math-n50-falcon-7b-v1/plans/falcon-7b/cases0-49_r01/methods/rome/captures/rome-math-ablation.json,falcon-7b,falcon,development,cases0-49_r01,rome,4,complete,5,False,M3,9,5.575019836425781,0.18970394134521484,9,4,True,not_evaluated_uncalibrated,False
rome-math-n50-falcon-7b-v1,analysis_out/rome-math-n50-falcon-7b-v1/plans/falcon-7b/cases0-49_r01/methods/rome/captures/rome-math-ablation.json,falcon-7b,falcon,development,cases0-49_r01,rome,4,complete,5,False,M0_raw,28,487.2957458496094,27.87860107421875,9,4,True,not_evaluated_uncalibrated,False
rome-math-n50-falcon-7b-v1,analysis_out/rome-math-n50-falcon-7b-v1/plans/falcon-7b/cases0-49_r01/methods/rome/captures/rome-math-ablation.json,falcon-7b,falcon,development,cases0-49_r01,rome,4,complete,5,False,M1_raw,4,162.88868713378906,35.557777404785156,9,4,True,not_evaluated_uncalibrated,False
rome-math-n50-falcon-7b-v1,analysis_out/rome-math-n50-falcon-7b-v1/plans/falcon-7b/cases0-49_r01/methods/rome/captures/rome-math-ablation.json,falcon-7b,falcon,development,cases0-49_r01,rome,5,complete,5,True,M0,14,0.01350181270390749,0.0004599308595061302,9,4,True,not_evaluated_uncalibrated,False
rome-math-n50-falcon-7b-v1,analysis_out/rome-math-n50-falcon-7b-v1/plans/falcon-7b/cases0-49_r01/methods/rome/captures/rome-math-ablation.json,falcon-7b,falcon,development,cases0-49_r01,rome,5,complete,5,True,M1,4,0.006185340229421854,0.0015800716355443,9,4,True,not_evaluated_uncalibrated,False
rome-math-n50-falcon-7b-v1,analysis_out/rome-math-n50-falcon-7b-v1/plans/falcon-7b/cases0-49_r01/methods/rome/captures/rome-math-ablation.json,falcon-7b,falcon,development,cases0-49_r01,rome,5,complete,5,True,M2,13,3.690120763209534,0.5352644677288967,9,4,True,not_evaluated_uncalibrated,False
rome-math-n50-falcon-7b-v1,analysis_out/rome-math-n50-falcon-7b-v1/plans/falcon-7b/cases0-49_r01/methods/rome/captures/rome-math-ablation.json,falcon-7b,falcon,development,cases0-49_r01,rome,5,complete,5,True,M3,9,5.575019836425781,0.18970394134521484,9,4,True,not_evaluated_uncalibrated,False
rome-math-n50-falcon-7b-v1,analysis_out/rome-math-n50-falcon-7b-v1/plans/falcon-7b/cases0-49_r01/methods/rome/captures/rome-math-ablation.json,falcon-7b,falcon,development,cases0-49_r01,rome,5,complete,5,True,M0_raw,28,487.2957458496094,27.87860107421875,9,4,True,not_evaluated_uncalibrated,False
rome-math-n50-falcon-7b-v1,analysis_out/rome-math-n50-falcon-7b-v1/plans/falcon-7b/cases0-49_r01/methods/rome/captures/rome-math-ablation.json,falcon-7b,falcon,development,cases0-49_r01,rome,5,complete,5,True,M1_raw,4,162.8467559814453,39.93202209472656,9,4,True,not_evaluated_uncalibrated,False
rome-math-n50-falcon-7b-v1,analysis_out/rome-math-n50-falcon-7b-v1/plans/falcon-7b/cases0-49_r01/methods/rome/captures/rome-math-ablation.json,falcon-7b,falcon,development,cases0-49_r01,rome,6,complete,5,True,M0,14,0.01350181270390749,0.0004599308595061302,9,4,True,not_evaluated_uncalibrated,False
rome-math-n50-falcon-7b-v1,analysis_out/rome-math-n50-falcon-7b-v1/plans/falcon-7b/cases0-49_r01/methods/rome/captures/rome-math-ablation.json,falcon-7b,falcon,development,cases0-49_r01,rome,6,complete,5,True,M1,4,0.006186700891703367,0.0015765950083732605,9,4,True,not_evaluated_uncalibrated,False
rome-math-n50-falcon-7b-v1,analysis_out/rome-math-n50-falcon-7b-v1/plans/falcon-7b/cases0-49_r01/methods/rome/captures/rome-math-ablation.json,falcon-7b,falcon,development,cases0-49_r01,rome,6,complete,5,True,M2,13,3.690120763209534,0.5352644677288967,9,4,True,not_evaluated_uncalibrated,False
rome-math-n50-falcon-7b-v1,analysis_out/rome-math-n50-falcon-7b-v1/plans/falcon-7b/cases0-49_r01/methods/rome/captures/rome-math-ablation.json,falcon-7b,falcon,development,cases0-49_r01,rome,6,complete,5,True,M3,9,5.575019836425781,0.18970394134521484,9,4,True,not_evaluated_uncalibrated,False
rome-math-n50-falcon-7b-v1,analysis_out/rome-math-n50-falcon-7b-v1/plans/falcon-7b/cases0-49_r01/methods/rome/captures/rome-math-ablation.json,falcon-7b,falcon,development,cases0-49_r01,rome,6,complete,5,True,M0_raw,28,487.2957458496094,27.87860107421875,9,4,True,not_evaluated_uncalibrated,False
rome-math-n50-falcon-7b-v1,analysis_out/rome-math-n50-falcon-7b-v1/plans/falcon-7b/cases0-49_r01/methods/rome/captures/rome-math-ablation.json,falcon-7b,falcon,development,cases0-49_r01,rome,6,complete,5,True,M1_raw,4,162.88339233398438,39.851890563964844,9,4,True,not_evaluated_uncalibrated,False
rome-math-n50-falcon-7b-v1,analysis_out/rome-math-n50-falcon-7b-v1/plans/falcon-7b/cases0-49_r01/methods/rome/captures/rome-math-ablation.json,falcon-7b,falcon,development,cases0-49_r01,rome,7,complete,5,True,M0,14,0.01350181270390749,0.0004599308595061302,9,4,True,not_evaluated_uncalibrated,False
rome-math-n50-falcon-7b-v1,analysis_out/rome-math-n50-falcon-7b-v1/plans/falcon-7b/cases0-49_r01/methods/rome/captures/rome-math-ablation.json,falcon-7b,falcon,development,cases0-49_r01,rome,7,complete,5,True,M1,4,0.006187001708894968,0.0015752916224300861,9,4,True,not_evaluated_uncalibrated,False
rome-math-n50-falcon-7b-v1,analysis_out/rome-math-n50-falcon-7b-v1/plans/falcon-7b/cases0-49_r01/methods/rome/captures/rome-math-ablation.json,falcon-7b,falcon,development,cases0-49_r01,rome,7,complete,5,True,M2,13,3.690120763209534,0.5352644677288967,9,4,True,not_evaluated_uncalibrated,False
rome-math-n50-falcon-7b-v1,analysis_out/rome-math-n50-falcon-7b-v1/plans/falcon-7b/cases0-49_r01/methods/rome/captures/rome-math-ablation.json,falcon-7b,falcon,development,cases0-49_r01,rome,7,complete,5,True,M3,9,5.575019836425781,0.18970394134521484,9,4,True,not_evaluated_uncalibrated,False
rome-math-n50-falcon-7b-v1,analysis_out/rome-math-n50-falcon-7b-v1/plans/falcon-7b/cases0-49_r01/methods/rome/captures/rome-math-ablation.json,falcon-7b,falcon,development,cases0-49_r01,rome,7,complete,5,True,M0_raw,28,487.2957458496094,27.87860107421875,9,4,True,not_evaluated_uncalibrated,False
rome-math-n50-falcon-7b-v1,analysis_out/rome-math-n50-falcon-7b-v1/plans/falcon-7b/cases0-49_r01/methods/rome/captures/rome-math-ablation.json,falcon-7b,falcon,development,cases0-49_r01,rome,7,complete,5,True,M1_raw,4,162.8914337158203,39.817039489746094,9,4,True,not_evaluated_uncalibrated,False
rome-math-n50-falcon-7b-v1,analysis_out/rome-math-n50-falcon-7b-v1/plans/falcon-7b/cases0-49_r01/methods/rome/captures/rome-math-ablation.json,falcon-7b,falcon,development,cases0-49_r01,rome,8,complete,5,True,M0,14,0.01350181270390749,0.0002468172460794449,5,5,True,not_evaluated_uncalibrated,True
rome-math-n50-falcon-7b-v1,analysis_out/rome-math-n50-falcon-7b-v1/plans/falcon-7b/cases0-49_r01/methods/rome/captures/rome-math-ablation.json,falcon-7b,falcon,development,cases0-49_r01,rome,8,complete,5,True,M1,4,0.006187609396874905,0.0006395736709237099,5,5,True,not_evaluated_uncalibrated,True
rome-math-n50-falcon-7b-v1,analysis_out/rome-math-n50-falcon-7b-v1/plans/falcon-7b/cases0-49_r01/methods/rome/captures/rome-math-ablation.json,falcon-7b,falcon,development,cases0-49_r01,rome,8,complete,5,True,M2,13,3.690120763209534,0.5352644677288967,5,5,True,not_evaluated_uncalibrated,True
rome-math-n50-falcon-7b-v1,analysis_out/rome-math-n50-falcon-7b-v1/plans/falcon-7b/cases0-49_r01/methods/rome/captures/rome-math-ablation.json,falcon-7b,falcon,development,cases0-49_r01,rome,8,complete,5,True,M3,5,14.366349220275879,8.791329383850098,5,5,True,not_evaluated_uncalibrated,True
rome-math-n50-falcon-7b-v1,analysis_out/rome-math-n50-falcon-7b-v1/plans/falcon-7b/cases0-49_r01/methods/rome/captures/rome-math-ablation.json,falcon-7b,falcon,development,cases0-49_r01,rome,8,complete,5,True,M0_raw,28,487.2957458496094,27.87860107421875,5,5,True,not_evaluated_uncalibrated,True
rome-math-n50-falcon-7b-v1,analysis_out/rome-math-n50-falcon-7b-v1/plans/falcon-7b/cases0-49_r01/methods/rome/captures/rome-math-ablation.json,falcon-7b,falcon,development,cases0-49_r01,rome,8,complete,5,True,M1_raw,4,162.88157653808594,15.174026489257812,5,5,True,not_evaluated_uncalibrated,True
rome-math-n50-falcon-7b-v1,analysis_out/rome-math-n50-falcon-7b-v1/plans/falcon-7b/cases0-49_r01/methods/rome/captures/rome-math-ablation.json,falcon-7b,falcon,development,cases0-49_r01,rome,9,complete,5,True,M0,14,0.01350181270390749,0.0004599308595061302,9,4,True,not_evaluated_uncalibrated,False
rome-math-n50-falcon-7b-v1,analysis_out/rome-math-n50-falcon-7b-v1/plans/falcon-7b/cases0-49_r01/methods/rome/captures/rome-math-ablation.json,falcon-7b,falcon,development,cases0-49_r01,rome,9,complete,5,True,M1,4,0.006186788436025381,0.0015809028409421444,9,4,True,not_evaluated_uncalibrated,False
rome-math-n50-falcon-7b-v1,analysis_out/rome-math-n50-falcon-7b-v1/plans/falcon-7b/cases0-49_r01/methods/rome/captures/rome-math-ablation.json,falcon-7b,falcon,development,cases0-49_r01,rome,9,complete,5,True,M2,13,3.690120763209534,0.5352644677288967,9,4,True,not_evaluated_uncalibrated,False
rome-math-n50-falcon-7b-v1,analysis_out/rome-math-n50-falcon-7b-v1/plans/falcon-7b/cases0-49_r01/methods/rome/captures/rome-math-ablation.json,falcon-7b,falcon,development,cases0-49_r01,rome,9,complete,5,True,M3,9,5.575019836425781,0.18970394134521484,9,4,True,not_evaluated_uncalibrated,False
rome-math-n50-falcon-7b-v1,analysis_out/rome-math-n50-falcon-7b-v1/plans/falcon-7b/cases0-49_r01/methods/rome/captures/rome-math-ablation.json,falcon-7b,falcon,development,cases0-49_r01,rome,9,complete,5,True,M0_raw,28,487.2957458496094,27.87860107421875,9,4,True,not_evaluated_uncalibrated,False
rome-math-n50-falcon-7b-v1,analysis_out/rome-math-n50-falcon-7b-v1/plans/falcon-7b/cases0-49_r01/methods/rome/captures/rome-math-ablation.json,falcon-7b,falcon,development,cases0-49_r01,rome,9,complete,5,True,M1_raw,4,162.88929748535156,39.98127746582031,9,4,True,not_evaluated_uncalibrated,False
rome-math-n50-falcon-7b-v1,analysis_out/rome-math-n50-falcon-7b-v1/plans/falcon-7b/cases0-49_r01/methods/rome/captures/rome-math-ablation.json,falcon-7b,falcon,development,cases0-49_r01,rome,10,complete,5,True,M0,14,0.01350181270390749,0.00042950548231601715,5,5,True,not_evaluated_uncalibrated,True
rome-math-n50-falcon-7b-v1,analysis_out/rome-math-n50-falcon-7b-v1/plans/falcon-7b/cases0-49_r01/methods/rome/captures/rome-math-ablation.json,falcon-7b,falcon,development,cases0-49_r01,rome,10,complete,5,True,M1,4,0.006187021266669035,0.0010997247882187366,5,5,True,not_evaluated_uncalibrated,True
rome-math-n50-falcon-7b-v1,analysis_out/rome-math-n50-falcon-7b-v1/plans/falcon-7b/cases0-49_r01/methods/rome/captures/rome-math-ablation.json,falcon-7b,falcon,development,cases0-49_r01,rome,10,complete,5,True,M2,13,3.690120763209534,0.5352644677288967,5,5,True,not_evaluated_uncalibrated,True
rome-math-n50-falcon-7b-v1,analysis_out/rome-math-n50-falcon-7b-v1/plans/falcon-7b/cases0-49_r01/methods/rome/captures/rome-math-ablation.json,falcon-7b,falcon,development,cases0-49_r01,rome,10,complete,5,True,M3,5,11.034149169921875,5.459129333496094,5,5,True,not_evaluated_uncalibrated,True
rome-math-n50-falcon-7b-v1,analysis_out/rome-math-n50-falcon-7b-v1/plans/falcon-7b/cases0-49_r01/methods/rome/captures/rome-math-ablation.json,falcon-7b,falcon,development,cases0-49_r01,rome,10,complete,5,True,M0_raw,28,487.2957458496094,27.87860107421875,5,5,True,not_evaluated_uncalibrated,True
rome-math-n50-falcon-7b-v1,analysis_out/rome-math-n50-falcon-7b-v1/plans/falcon-7b/cases0-49_r01/methods/rome/captures/rome-math-ablation.json,falcon-7b,falcon,development,cases0-49_r01,rome,10,complete,5,True,M1_raw,4,162.8734588623047,27.40814208984375,5,5,True,not_evaluated_uncalibrated,True
rome-math-n50-falcon-7b-v1,analysis_out/rome-math-n50-falcon-7b-v1/plans/falcon-7b/cases0-49_r01/methods/rome/captures/rome-math-ablation.json,falcon-7b,falcon,development,cases0-49_r01,rome,11,complete,5,True,M0,14,0.01350181270390749,0.0004599308595061302,9,4,True,not_evaluated_uncalibrated,False
rome-math-n50-falcon-7b-v1,analysis_out/rome-math-n50-falcon-7b-v1/plans/falcon-7b/cases0-49_r01/methods/rome/captures/rome-math-ablation.json,falcon-7b,falcon,development,cases0-49_r01,rome,11,complete,5,True,M1,4,0.006185504142194986,0.0015741079114377499,9,4,True,not_evaluated_uncalibrated,False
rome-math-n50-falcon-7b-v1,analysis_out/rome-math-n50-falcon-7b-v1/plans/falcon-7b/cases0-49_r01/methods/rome/captures/rome-math-ablation.json,falcon-7b,falcon,development,cases0-49_r01,rome,11,complete,5,True,M2,13,3.690120763209534,0.5352644677288967,9,4,True,not_evaluated_uncalibrated,False
rome-math-n50-falcon-7b-v1,analysis_out/rome-math-n50-falcon-7b-v1/plans/falcon-7b/cases0-49_r01/methods/rome/captures/rome-math-ablation.json,falcon-7b,falcon,development,cases0-49_r01,rome,11,complete,5,True,M3,9,5.575019836425781,0.18970394134521484,9,4,True,not_evaluated_uncalibrated,False
rome-math-n50-falcon-7b-v1,analysis_out/rome-math-n50-falcon-7b-v1/plans/falcon-7b/cases0-49_r01/methods/rome/captures/rome-math-ablation.json,falcon-7b,falcon,development,cases0-49_r01,rome,11,complete,5,True,M0_raw,28,487.2957458496094,27.87860107421875,9,4,True,not_evaluated_uncalibrated,False
rome-math-n50-falcon-7b-v1,analysis_out/rome-math-n50-falcon-7b-v1/plans/falcon-7b/cases0-49_r01/methods/rome/captures/rome-math-ablation.json,falcon-7b,falcon,development,cases0-49_r01,rome,11,complete,5,True,M1_raw,4,162.8527069091797,39.80340576171875,9,4,True,not_evaluated_uncalibrated,False
rome-math-n50-falcon-7b-v1,analysis_out/rome-math-n50-falcon-7b-v1/plans/falcon-7b/cases0-49_r01/methods/rome/captures/rome-math-ablation.json,falcon-7b,falcon,development,cases0-49_r01,rome,12,complete,5,True,M0,14,0.01350181270390749,0.0004599308595061302,9,4,True,not_evaluated_uncalibrated,False
rome-math-n50-falcon-7b-v1,analysis_out/rome-math-n50-falcon-7b-v1/plans/falcon-7b/cases0-49_r01/methods/rome/captures/rome-math-ablation.json,falcon-7b,falcon,development,cases0-49_r01,rome,12,complete,5,True,M1,4,0.006186041980981827,0.0015759402886033058,9,4,True,not_evaluated_uncalibrated,False
rome-math-n50-falcon-7b-v1,analysis_out/rome-math-n50-falcon-7b-v1/plans/falcon-7b/cases0-49_r01/methods/rome/captures/rome-math-ablation.json,falcon-7b,falcon,development,cases0-49_r01,rome,12,complete,5,True,M2,13,3.690120763209534,0.5352644677288967,9,4,True,not_evaluated_uncalibrated,False
rome-math-n50-falcon-7b-v1,analysis_out/rome-math-n50-falcon-7b-v1/plans/falcon-7b/cases0-49_r01/methods/rome/captures/rome-math-ablation.json,falcon-7b,falcon,development,cases0-49_r01,rome,12,complete,5,True,M3,9,5.575019836425781,0.18970394134521484,9,4,True,not_evaluated_uncalibrated,False
rome-math-n50-falcon-7b-v1,analysis_out/rome-math-n50-falcon-7b-v1/plans/falcon-7b/cases0-49_r01/methods/rome/captures/rome-math-ablation.json,falcon-7b,falcon,development,cases0-49_r01,rome,12,complete,5,True,M0_raw,28,487.2957458496094,27.87860107421875,9,4,True,not_evaluated_uncalibrated,False
rome-math-n50-falcon-7b-v1,analysis_out/rome-math-n50-falcon-7b-v1/plans/falcon-7b/cases0-49_r01/methods/rome/captures/rome-math-ablation.json,falcon-7b,falcon,development,cases0-49_r01,rome,12,complete,5,True,M1_raw,4,162.86366271972656,39.81597900390625,9,4,True,not_evaluated_uncalibrated,False
rome-math-n50-falcon-7b-v1,analysis_out/rome-math-n50-falcon-7b-v1/plans/falcon-7b/cases0-49_r01/methods/rome/captures/rome-math-ablation.json,falcon-7b,falcon,development,cases0-49_r01,rome,14,complete,5,True,M0,14,0.01350181270390749,0.0004599308595061302,9,4,True,not_evaluated_uncalibrated,False
rome-math-n50-falcon-7b-v1,analysis_out/rome-math-n50-falcon-7b-v1/plans/falcon-7b/cases0-49_r01/methods/rome/captures/rome-math-ablation.json,falcon-7b,falcon,development,cases0-49_r01,rome,14,complete,5,True,M1,4,0.0061871507205069065,0.0015780627727508545,9,4,True,not_evaluated_uncalibrated,False
rome-math-n50-falcon-7b-v1,analysis_out/rome-math-n50-falcon-7b-v1/plans/falcon-7b/cases0-49_r01/methods/rome/captures/rome-math-ablation.json,falcon-7b,falcon,development,cases0-49_r01,rome,14,complete,5,True,M2,13,3.690120763209534,0.5352644677288967,9,4,True,not_evaluated_uncalibrated,False
rome-math-n50-falcon-7b-v1,analysis_out/rome-math-n50-falcon-7b-v1/plans/falcon-7b/cases0-49_r01/methods/rome/captures/rome-math-ablation.json,falcon-7b,falcon,development,cases0-49_r01,rome,14,complete,5,True,M3,9,5.575019836425781,0.18970394134521484,9,4,True,not_evaluated_uncalibrated,False
rome-math-n50-falcon-7b-v1,analysis_out/rome-math-n50-falcon-7b-v1/plans/falcon-7b/cases0-49_r01/methods/rome/captures/rome-math-ablation.json,falcon-7b,falcon,development,cases0-49_r01,rome,14,complete,5,True,M0_raw,28,487.2957458496094,27.87860107421875,9,4,True,not_evaluated_uncalibrated,False
rome-math-n50-falcon-7b-v1,analysis_out/rome-math-n50-falcon-7b-v1/plans/falcon-7b/cases0-49_r01/methods/rome/captures/rome-math-ablation.json,falcon-7b,falcon,development,cases0-49_r01,rome,14,complete,5,True,M1_raw,4,162.88694763183594,39.886505126953125,9,4,True,not_evaluated_uncalibrated,False
rome-math-n50-falcon-7b-v1,analysis_out/rome-math-n50-falcon-7b-v1/plans/falcon-7b/cases0-49_r01/methods/rome/captures/rome-math-ablation.json,falcon-7b,falcon,development,cases0-49_r01,rome,15,complete,5,True,M0,14,0.01350181270390749,0.0004599308595061302,9,4,True,not_evaluated_uncalibrated,False
rome-math-n50-falcon-7b-v1,analysis_out/rome-math-n50-falcon-7b-v1/plans/falcon-7b/cases0-49_r01/methods/rome/captures/rome-math-ablation.json,falcon-7b,falcon,development,cases0-49_r01,rome,15,complete,5,True,M1,4,0.006186928600072861,0.0015722932294011116,9,4,True,not_evaluated_uncalibrated,False
rome-math-n50-falcon-7b-v1,analysis_out/rome-math-n50-falcon-7b-v1/plans/falcon-7b/cases0-49_r01/methods/rome/captures/rome-math-ablation.json,falcon-7b,falcon,development,cases0-49_r01,rome,15,complete,5,True,M2,13,3.690120763209534,0.5352644677288967,9,4,True,not_evaluated_uncalibrated,False
rome-math-n50-falcon-7b-v1,analysis_out/rome-math-n50-falcon-7b-v1/plans/falcon-7b/cases0-49_r01/methods/rome/captures/rome-math-ablation.json,falcon-7b,falcon,development,cases0-49_r01,rome,15,complete,5,True,M3,9,5.575019836425781,0.18970394134521484,9,4,True,not_evaluated_uncalibrated,False
rome-math-n50-falcon-7b-v1,analysis_out/rome-math-n50-falcon-7b-v1/plans/falcon-7b/cases0-49_r01/methods/rome/captures/rome-math-ablation.json,falcon-7b,falcon,development,cases0-49_r01,rome,15,complete,5,True,M0_raw,28,487.2957458496094,27.87860107421875,9,4,True,not_evaluated_uncalibrated,False
rome-math-n50-falcon-7b-v1,analysis_out/rome-math-n50-falcon-7b-v1/plans/falcon-7b/cases0-49_r01/methods/rome/captures/rome-math-ablation.json,falcon-7b,falcon,development,cases0-49_r01,rome,15,complete,5,True,M1_raw,4,162.88931274414062,39.75030517578125,9,4,True,not_evaluated_uncalibrated,False
rome-math-n50-falcon-7b-v1,analysis_out/rome-math-n50-falcon-7b-v1/plans/falcon-7b/cases0-49_r01/methods/rome/captures/rome-math-ablation.json,falcon-7b,falcon,development,cases0-49_r01,rome,16,complete,5,True,M0,14,0.01350181270390749,0.00043385662138462067,5,5,True,not_evaluated_uncalibrated,False
rome-math-n50-falcon-7b-v1,analysis_out/rome-math-n50-falcon-7b-v1/plans/falcon-7b/cases0-49_r01/methods/rome/captures/rome-math-ablation.json,falcon-7b,falcon,development,cases0-49_r01,rome,16,complete,5,True,M1,4,0.00618761545047164,0.0011077234521508217,5,5,True,not_evaluated_uncalibrated,False
rome-math-n50-falcon-7b-v1,analysis_out/rome-math-n50-falcon-7b-v1/plans/falcon-7b/cases0-49_r01/methods/rome/captures/rome-math-ablation.json,falcon-7b,falcon,development,cases0-49_r01,rome,16,complete,5,True,M2,13,3.690120763209534,0.5352644677288967,5,5,True,not_evaluated_uncalibrated,False
rome-math-n50-falcon-7b-v1,analysis_out/rome-math-n50-falcon-7b-v1/plans/falcon-7b/cases0-49_r01/methods/rome/captures/rome-math-ablation.json,falcon-7b,falcon,development,cases0-49_r01,rome,16,complete,5,True,M3,5,5.97631311416626,0.4012932777404785,5,5,True,not_evaluated_uncalibrated,False
rome-math-n50-falcon-7b-v1,analysis_out/rome-math-n50-falcon-7b-v1/plans/falcon-7b/cases0-49_r01/methods/rome/captures/rome-math-ablation.json,falcon-7b,falcon,development,cases0-49_r01,rome,16,complete,5,True,M0_raw,28,487.2957458496094,27.87860107421875,5,5,True,not_evaluated_uncalibrated,False
rome-math-n50-falcon-7b-v1,analysis_out/rome-math-n50-falcon-7b-v1/plans/falcon-7b/cases0-49_r01/methods/rome/captures/rome-math-ablation.json,falcon-7b,falcon,development,cases0-49_r01,rome,16,complete,5,True,M1_raw,4,162.88992309570312,27.6357421875,5,5,True,not_evaluated_uncalibrated,False
rome-math-n50-falcon-7b-v1,analysis_out/rome-math-n50-falcon-7b-v1/plans/falcon-7b/cases0-49_r01/methods/rome/captures/rome-math-ablation.json,falcon-7b,falcon,development,cases0-49_r01,rome,17,complete,5,True,M0,14,0.01350181270390749,0.0004599308595061302,9,4,True,not_evaluated_uncalibrated,False
rome-math-n50-falcon-7b-v1,analysis_out/rome-math-n50-falcon-7b-v1/plans/falcon-7b/cases0-49_r01/methods/rome/captures/rome-math-ablation.json,falcon-7b,falcon,development,cases0-49_r01,rome,17,complete,5,True,M1,4,0.006186689715832472,0.0015813522040843964,9,4,True,not_evaluated_uncalibrated,False
rome-math-n50-falcon-7b-v1,analysis_out/rome-math-n50-falcon-7b-v1/plans/falcon-7b/cases0-49_r01/methods/rome/captures/rome-math-ablation.json,falcon-7b,falcon,development,cases0-49_r01,rome,17,complete,5,True,M2,13,3.690120763209534,0.5352644677288967,9,4,True,not_evaluated_uncalibrated,False
rome-math-n50-falcon-7b-v1,analysis_out/rome-math-n50-falcon-7b-v1/plans/falcon-7b/cases0-49_r01/methods/rome/captures/rome-math-ablation.json,falcon-7b,falcon,development,cases0-49_r01,rome,17,complete,5,True,M3,9,5.575019836425781,0.18970394134521484,9,4,True,not_evaluated_uncalibrated,False
rome-math-n50-falcon-7b-v1,analysis_out/rome-math-n50-falcon-7b-v1/plans/falcon-7b/cases0-49_r01/methods/rome/captures/rome-math-ablation.json,falcon-7b,falcon,development,cases0-49_r01,rome,17,complete,5,True,M0_raw,28,487.2957458496094,27.87860107421875,9,4,True,not_evaluated_uncalibrated,False
rome-math-n50-falcon-7b-v1,analysis_out/rome-math-n50-falcon-7b-v1/plans/falcon-7b/cases0-49_r01/methods/rome/captures/rome-math-ablation.json,falcon-7b,falcon,development,cases0-49_r01,rome,17,complete,5,True,M1_raw,4,162.8873291015625,39.99549102783203,9,4,True,not_evaluated_uncalibrated,False
rome-math-n50-falcon-7b-v1,analysis_out/rome-math-n50-falcon-7b-v1/plans/falcon-7b/cases0-49_r01/methods/rome/captures/rome-math-ablation.json,falcon-7b,falcon,development,cases0-49_r01,rome,19,complete,5,True,M0,14,0.01350181270390749,0.0004599308595061302,9,4,True,not_evaluated_uncalibrated,False
rome-math-n50-falcon-7b-v1,analysis_out/rome-math-n50-falcon-7b-v1/plans/falcon-7b/cases0-49_r01/methods/rome/captures/rome-math-ablation.json,falcon-7b,falcon,development,cases0-49_r01,rome,19,complete,5,True,M1,4,0.006186944432556629,0.0015826467424631119,9,4,True,not_evaluated_uncalibrated,False
rome-math-n50-falcon-7b-v1,analysis_out/rome-math-n50-falcon-7b-v1/plans/falcon-7b/cases0-49_r01/methods/rome/captures/rome-math-ablation.json,falcon-7b,falcon,development,cases0-49_r01,rome,19,complete,5,True,M2,13,3.690120763209534,0.5352644677288967,9,4,True,not_evaluated_uncalibrated,False
rome-math-n50-falcon-7b-v1,analysis_out/rome-math-n50-falcon-7b-v1/plans/falcon-7b/cases0-49_r01/methods/rome/captures/rome-math-ablation.json,falcon-7b,falcon,development,cases0-49_r01,rome,19,complete,5,True,M3,9,5.575019836425781,0.18970394134521484,9,4,True,not_evaluated_uncalibrated,False
rome-math-n50-falcon-7b-v1,analysis_out/rome-math-n50-falcon-7b-v1/plans/falcon-7b/cases0-49_r01/methods/rome/captures/rome-math-ablation.json,falcon-7b,falcon,development,cases0-49_r01,rome,19,complete,5,True,M0_raw,28,487.2957458496094,27.87860107421875,9,4,True,not_evaluated_uncalibrated,False
rome-math-n50-falcon-7b-v1,analysis_out/rome-math-n50-falcon-7b-v1/plans/falcon-7b/cases0-49_r01/methods/rome/captures/rome-math-ablation.json,falcon-7b,falcon,development,cases0-49_r01,rome,19,complete,5,True,M1_raw,4,162.89222717285156,40.02043151855469,9,4,True,not_evaluated_uncalibrated,False
rome-math-n50-falcon-7b-v1,analysis_out/rome-math-n50-falcon-7b-v1/plans/falcon-7b/cases0-49_r01/methods/rome/captures/rome-math-ablation.json,falcon-7b,falcon,development,cases0-49_r01,rome,20,complete,5,True,M0,14,0.01350181270390749,0.00013308320194482803,5,5,True,not_evaluated_uncalibrated,True
rome-math-n50-falcon-7b-v1,analysis_out/rome-math-n50-falcon-7b-v1/plans/falcon-7b/cases0-49_r01/methods/rome/captures/rome-math-ablation.json,falcon-7b,falcon,development,cases0-49_r01,rome,20,complete,5,True,M1,4,0.006186900194734335,0.0003417176194489002,5,5,True,not_evaluated_uncalibrated,True
rome-math-n50-falcon-7b-v1,analysis_out/rome-math-n50-falcon-7b-v1/plans/falcon-7b/cases0-49_r01/methods/rome/captures/rome-math-ablation.json,falcon-7b,falcon,development,cases0-49_r01,rome,20,complete,5,True,M2,13,3.690120763209534,0.5352644677288967,5,5,True,not_evaluated_uncalibrated,True
rome-math-n50-falcon-7b-v1,analysis_out/rome-math-n50-falcon-7b-v1/plans/falcon-7b/cases0-49_r01/methods/rome/captures/rome-math-ablation.json,falcon-7b,falcon,development,cases0-49_r01,rome,20,complete,5,True,M3,5,15.1031494140625,9.528129577636719,5,5,True,not_evaluated_uncalibrated,True
rome-math-n50-falcon-7b-v1,analysis_out/rome-math-n50-falcon-7b-v1/plans/falcon-7b/cases0-49_r01/methods/rome/captures/rome-math-ablation.json,falcon-7b,falcon,development,cases0-49_r01,rome,20,complete,5,True,M0_raw,28,487.2957458496094,27.87860107421875,5,5,True,not_evaluated_uncalibrated,True
rome-math-n50-falcon-7b-v1,analysis_out/rome-math-n50-falcon-7b-v1/plans/falcon-7b/cases0-49_r01/methods/rome/captures/rome-math-ablation.json,falcon-7b,falcon,development,cases0-49_r01,rome,20,complete,5,True,M1_raw,4,162.8600616455078,7.1968231201171875,5,5,True,not_evaluated_uncalibrated,True
rome-math-n50-falcon-7b-v1,analysis_out/rome-math-n50-falcon-7b-v1/plans/falcon-7b/cases0-49_r01/methods/rome/captures/rome-math-ablation.json,falcon-7b,falcon,development,cases0-49_r01,rome,21,complete,5,True,M0,14,0.01350181270390749,0.0004599308595061302,9,4,True,not_evaluated_uncalibrated,False
rome-math-n50-falcon-7b-v1,analysis_out/rome-math-n50-falcon-7b-v1/plans/falcon-7b/cases0-49_r01/methods/rome/captures/rome-math-ablation.json,falcon-7b,falcon,development,cases0-49_r01,rome,21,complete,5,True,M1,4,0.006187357008457184,0.0014683264307677746,9,4,True,not_evaluated_uncalibrated,False
rome-math-n50-falcon-7b-v1,analysis_out/rome-math-n50-falcon-7b-v1/plans/falcon-7b/cases0-49_r01/methods/rome/captures/rome-math-ablation.json,falcon-7b,falcon,development,cases0-49_r01,rome,21,complete,5,True,M2,13,3.690120763209534,0.5352644677288967,9,4,True,not_evaluated_uncalibrated,False
rome-math-n50-falcon-7b-v1,analysis_out/rome-math-n50-falcon-7b-v1/plans/falcon-7b/cases0-49_r01/methods/rome/captures/rome-math-ablation.json,falcon-7b,falcon,development,cases0-49_r01,rome,21,complete,5,True,M3,9,5.575019836425781,0.18970394134521484,9,4,True,not_evaluated_uncalibrated,False
rome-math-n50-falcon-7b-v1,analysis_out/rome-math-n50-falcon-7b-v1/plans/falcon-7b/cases0-49_r01/methods/rome/captures/rome-math-ablation.json,falcon-7b,falcon,development,cases0-49_r01,rome,21,complete,5,True,M0_raw,28,487.2957458496094,27.87860107421875,9,4,True,not_evaluated_uncalibrated,False
rome-math-n50-falcon-7b-v1,analysis_out/rome-math-n50-falcon-7b-v1/plans/falcon-7b/cases0-49_r01/methods/rome/captures/rome-math-ablation.json,falcon-7b,falcon,development,cases0-49_r01,rome,21,complete,5,True,M1_raw,4,162.889404296875,37.226158142089844,9,4,True,not_evaluated_uncalibrated,False
rome-math-n50-falcon-7b-v1,analysis_out/rome-math-n50-falcon-7b-v1/plans/falcon-7b/cases0-49_r01/methods/rome/captures/rome-math-ablation.json,falcon-7b,falcon,development,cases0-49_r01,rome,22,complete,5,True,M0,14,0.01350181270390749,0.0004599308595061302,9,4,True,not_evaluated_uncalibrated,False
rome-math-n50-falcon-7b-v1,analysis_out/rome-math-n50-falcon-7b-v1/plans/falcon-7b/cases0-49_r01/methods/rome/captures/rome-math-ablation.json,falcon-7b,falcon,development,cases0-49_r01,rome,22,complete,5,True,M1,4,0.0061849611811339855,0.0015510632656514645,9,4,True,not_evaluated_uncalibrated,False
rome-math-n50-falcon-7b-v1,analysis_out/rome-math-n50-falcon-7b-v1/plans/falcon-7b/cases0-49_r01/methods/rome/captures/rome-math-ablation.json,falcon-7b,falcon,development,cases0-49_r01,rome,22,complete,5,True,M2,13,3.690120763209534,0.5352644677288967,9,4,True,not_evaluated_uncalibrated,False
rome-math-n50-falcon-7b-v1,analysis_out/rome-math-n50-falcon-7b-v1/plans/falcon-7b/cases0-49_r01/methods/rome/captures/rome-math-ablation.json,falcon-7b,falcon,development,cases0-49_r01,rome,22,complete,5,True,M3,9,5.575019836425781,0.18970394134521484,9,4,True,not_evaluated_uncalibrated,False
rome-math-n50-falcon-7b-v1,analysis_out/rome-math-n50-falcon-7b-v1/plans/falcon-7b/cases0-49_r01/methods/rome/captures/rome-math-ablation.json,falcon-7b,falcon,development,cases0-49_r01,rome,22,complete,5,True,M0_raw,28,487.2957458496094,27.87860107421875,9,4,True,not_evaluated_uncalibrated,False
rome-math-n50-falcon-7b-v1,analysis_out/rome-math-n50-falcon-7b-v1/plans/falcon-7b/cases0-49_r01/methods/rome/captures/rome-math-ablation.json,falcon-7b,falcon,development,cases0-49_r01,rome,22,complete,5,True,M1_raw,4,162.83761596679688,39.18907928466797,9,4,True,not_evaluated_uncalibrated,False
rome-math-n50-falcon-7b-v1,analysis_out/rome-math-n50-falcon-7b-v1/plans/falcon-7b/cases0-49_r01/methods/rome/captures/rome-math-ablation.json,falcon-7b,falcon,development,cases0-49_r01,rome,23,complete,5,True,M0,14,0.01350181270390749,0.0004599308595061302,9,4,True,not_evaluated_uncalibrated,False
rome-math-n50-falcon-7b-v1,analysis_out/rome-math-n50-falcon-7b-v1/plans/falcon-7b/cases0-49_r01/methods/rome/captures/rome-math-ablation.json,falcon-7b,falcon,development,cases0-49_r01,rome,23,complete,5,True,M1,4,0.006186614278703928,0.0015848209150135517,9,4,True,not_evaluated_uncalibrated,False
rome-math-n50-falcon-7b-v1,analysis_out/rome-math-n50-falcon-7b-v1/plans/falcon-7b/cases0-49_r01/methods/rome/captures/rome-math-ablation.json,falcon-7b,falcon,development,cases0-49_r01,rome,23,complete,5,True,M2,13,3.690120763209534,0.5352644677288967,9,4,True,not_evaluated_uncalibrated,False
rome-math-n50-falcon-7b-v1,analysis_out/rome-math-n50-falcon-7b-v1/plans/falcon-7b/cases0-49_r01/methods/rome/captures/rome-math-ablation.json,falcon-7b,falcon,development,cases0-49_r01,rome,23,complete,5,True,M3,9,5.575019836425781,0.18970394134521484,9,4,True,not_evaluated_uncalibrated,False
rome-math-n50-falcon-7b-v1,analysis_out/rome-math-n50-falcon-7b-v1/plans/falcon-7b/cases0-49_r01/methods/rome/captures/rome-math-ablation.json,falcon-7b,falcon,development,cases0-49_r01,rome,23,complete,5,True,M0_raw,28,487.2957458496094,27.87860107421875,9,4,True,not_evaluated_uncalibrated,False
rome-math-n50-falcon-7b-v1,analysis_out/rome-math-n50-falcon-7b-v1/plans/falcon-7b/cases0-49_r01/methods/rome/captures/rome-math-ablation.json,falcon-7b,falcon,development,cases0-49_r01,rome,23,complete,5,True,M1_raw,4,162.88040161132812,40.05738830566406,9,4,True,not_evaluated_uncalibrated,False
rome-math-n50-falcon-7b-v1,analysis_out/rome-math-n50-falcon-7b-v1/plans/falcon-7b/cases0-49_r01/methods/rome/captures/rome-math-ablation.json,falcon-7b,falcon,development,cases0-49_r01,rome,24,complete,5,True,M0,14,0.01350181270390749,0.0004599308595061302,9,4,True,not_evaluated_uncalibrated,False
rome-math-n50-falcon-7b-v1,analysis_out/rome-math-n50-falcon-7b-v1/plans/falcon-7b/cases0-49_r01/methods/rome/captures/rome-math-ablation.json,falcon-7b,falcon,development,cases0-49_r01,rome,24,complete,5,True,M1,4,0.006186936981976032,0.0015409812331199646,9,4,True,not_evaluated_uncalibrated,False
rome-math-n50-falcon-7b-v1,analysis_out/rome-math-n50-falcon-7b-v1/plans/falcon-7b/cases0-49_r01/methods/rome/captures/rome-math-ablation.json,falcon-7b,falcon,development,cases0-49_r01,rome,24,complete,5,True,M2,13,3.690120763209534,0.5352644677288967,9,4,True,not_evaluated_uncalibrated,False
rome-math-n50-falcon-7b-v1,analysis_out/rome-math-n50-falcon-7b-v1/plans/falcon-7b/cases0-49_r01/methods/rome/captures/rome-math-ablation.json,falcon-7b,falcon,development,cases0-49_r01,rome,24,complete,5,True,M3,9,5.575019836425781,0.18970394134521484,9,4,True,not_evaluated_uncalibrated,False
rome-math-n50-falcon-7b-v1,analysis_out/rome-math-n50-falcon-7b-v1/plans/falcon-7b/cases0-49_r01/methods/rome/captures/rome-math-ablation.json,falcon-7b,falcon,development,cases0-49_r01,rome,24,complete,5,True,M0_raw,28,487.2957458496094,27.87860107421875,9,4,True,not_evaluated_uncalibrated,False
rome-math-n50-falcon-7b-v1,analysis_out/rome-math-n50-falcon-7b-v1/plans/falcon-7b/cases0-49_r01/methods/rome/captures/rome-math-ablation.json,falcon-7b,falcon,development,cases0-49_r01,rome,24,complete,5,True,M1_raw,4,162.8828582763672,38.92411804199219,9,4,True,not_evaluated_uncalibrated,False
rome-math-n50-falcon-7b-v1,analysis_out/rome-math-n50-falcon-7b-v1/plans/falcon-7b/cases0-49_r01/methods/rome/captures/rome-math-ablation.json,falcon-7b,falcon,development,cases0-49_r01,rome,25,complete,5,True,M0,14,0.01350181270390749,0.0004599308595061302,9,4,True,not_evaluated_uncalibrated,False
rome-math-n50-falcon-7b-v1,analysis_out/rome-math-n50-falcon-7b-v1/plans/falcon-7b/cases0-49_r01/methods/rome/captures/rome-math-ablation.json,falcon-7b,falcon,development,cases0-49_r01,rome,25,complete,5,True,M1,4,0.006185951177030802,0.0015822774730622768,9,4,True,not_evaluated_uncalibrated,False
rome-math-n50-falcon-7b-v1,analysis_out/rome-math-n50-falcon-7b-v1/plans/falcon-7b/cases0-49_r01/methods/rome/captures/rome-math-ablation.json,falcon-7b,falcon,development,cases0-49_r01,rome,25,complete,5,True,M2,13,3.690120763209534,0.5352644677288967,9,4,True,not_evaluated_uncalibrated,False
rome-math-n50-falcon-7b-v1,analysis_out/rome-math-n50-falcon-7b-v1/plans/falcon-7b/cases0-49_r01/methods/rome/captures/rome-math-ablation.json,falcon-7b,falcon,development,cases0-49_r01,rome,25,complete,5,True,M3,9,5.575019836425781,0.18970394134521484,9,4,True,not_evaluated_uncalibrated,False
rome-math-n50-falcon-7b-v1,analysis_out/rome-math-n50-falcon-7b-v1/plans/falcon-7b/cases0-49_r01/methods/rome/captures/rome-math-ablation.json,falcon-7b,falcon,development,cases0-49_r01,rome,25,complete,5,True,M0_raw,28,487.2957458496094,27.87860107421875,9,4,True,not_evaluated_uncalibrated,False
rome-math-n50-falcon-7b-v1,analysis_out/rome-math-n50-falcon-7b-v1/plans/falcon-7b/cases0-49_r01/methods/rome/captures/rome-math-ablation.json,falcon-7b,falcon,development,cases0-49_r01,rome,25,complete,5,True,M1_raw,4,162.86285400390625,39.99043273925781,9,4,True,not_evaluated_uncalibrated,False
rome-math-n50-falcon-7b-v1,analysis_out/rome-math-n50-falcon-7b-v1/plans/falcon-7b/cases0-49_r01/methods/rome/captures/rome-math-ablation.json,falcon-7b,falcon,development,cases0-49_r01,rome,26,complete,5,True,M0,14,0.01350181270390749,0.0004599308595061302,9,4,True,not_evaluated_uncalibrated,False
rome-math-n50-falcon-7b-v1,analysis_out/rome-math-n50-falcon-7b-v1/plans/falcon-7b/cases0-49_r01/methods/rome/captures/rome-math-ablation.json,falcon-7b,falcon,development,cases0-49_r01,rome,26,complete,5,True,M1,4,0.006186447571963072,0.0015700538642704487,9,4,True,not_evaluated_uncalibrated,False
rome-math-n50-falcon-7b-v1,analysis_out/rome-math-n50-falcon-7b-v1/plans/falcon-7b/cases0-49_r01/methods/rome/captures/rome-math-ablation.json,falcon-7b,falcon,development,cases0-49_r01,rome,26,complete,5,True,M2,13,3.690120763209534,0.5352644677288967,9,4,True,not_evaluated_uncalibrated,False
rome-math-n50-falcon-7b-v1,analysis_out/rome-math-n50-falcon-7b-v1/plans/falcon-7b/cases0-49_r01/methods/rome/captures/rome-math-ablation.json,falcon-7b,falcon,development,cases0-49_r01,rome,26,complete,5,True,M3,9,5.575019836425781,0.18970394134521484,9,4,True,not_evaluated_uncalibrated,False
rome-math-n50-falcon-7b-v1,analysis_out/rome-math-n50-falcon-7b-v1/plans/falcon-7b/cases0-49_r01/methods/rome/captures/rome-math-ablation.json,falcon-7b,falcon,development,cases0-49_r01,rome,26,complete,5,True,M0_raw,28,487.2957458496094,27.87860107421875,9,4,True,not_evaluated_uncalibrated,False
rome-math-n50-falcon-7b-v1,analysis_out/rome-math-n50-falcon-7b-v1/plans/falcon-7b/cases0-49_r01/methods/rome/captures/rome-math-ablation.json,falcon-7b,falcon,development,cases0-49_r01,rome,26,complete,5,True,M1_raw,4,162.8741455078125,39.642295837402344,9,4,True,not_evaluated_uncalibrated,False
rome-math-n50-falcon-7b-v1,analysis_out/rome-math-n50-falcon-7b-v1/plans/falcon-7b/cases0-49_r01/methods/rome/captures/rome-math-ablation.json,falcon-7b,falcon,development,cases0-49_r01,rome,27,complete,5,True,M0,14,0.01350181270390749,0.0004599308595061302,9,4,True,not_evaluated_uncalibrated,False
rome-math-n50-falcon-7b-v1,analysis_out/rome-math-n50-falcon-7b-v1/plans/falcon-7b/cases0-49_r01/methods/rome/captures/rome-math-ablation.json,falcon-7b,falcon,development,cases0-49_r01,rome,27,complete,5,True,M1,4,0.006184369325637817,0.0015781288966536522,9,4,True,not_evaluated_uncalibrated,False
rome-math-n50-falcon-7b-v1,analysis_out/rome-math-n50-falcon-7b-v1/plans/falcon-7b/cases0-49_r01/methods/rome/captures/rome-math-ablation.json,falcon-7b,falcon,development,cases0-49_r01,rome,27,complete,5,True,M2,13,3.690120763209534,0.5352644677288967,9,4,True,not_evaluated_uncalibrated,False
rome-math-n50-falcon-7b-v1,analysis_out/rome-math-n50-falcon-7b-v1/plans/falcon-7b/cases0-49_r01/methods/rome/captures/rome-math-ablation.json,falcon-7b,falcon,development,cases0-49_r01,rome,27,complete,5,True,M3,9,5.575019836425781,0.18970394134521484,9,4,True,not_evaluated_uncalibrated,False
rome-math-n50-falcon-7b-v1,analysis_out/rome-math-n50-falcon-7b-v1/plans/falcon-7b/cases0-49_r01/methods/rome/captures/rome-math-ablation.json,falcon-7b,falcon,development,cases0-49_r01,rome,27,complete,5,True,M0_raw,28,487.2957458496094,27.87860107421875,9,4,True,not_evaluated_uncalibrated,False
rome-math-n50-falcon-7b-v1,analysis_out/rome-math-n50-falcon-7b-v1/plans/falcon-7b/cases0-49_r01/methods/rome/captures/rome-math-ablation.json,falcon-7b,falcon,development,cases0-49_r01,rome,27,complete,5,True,M1_raw,4,162.82012939453125,39.861045837402344,9,4,True,not_evaluated_uncalibrated,False
rome-math-n50-falcon-7b-v1,analysis_out/rome-math-n50-falcon-7b-v1/plans/falcon-7b/cases0-49_r01/methods/rome/captures/rome-math-ablation.json,falcon-7b,falcon,development,cases0-49_r01,rome,28,complete,5,True,M0,14,0.01350181270390749,0.0004599308595061302,9,4,True,not_evaluated_uncalibrated,False
rome-math-n50-falcon-7b-v1,analysis_out/rome-math-n50-falcon-7b-v1/plans/falcon-7b/cases0-49_r01/methods/rome/captures/rome-math-ablation.json,falcon-7b,falcon,development,cases0-49_r01,rome,28,complete,5,True,M1,4,0.006186913698911667,0.001576580572873354,9,4,True,not_evaluated_uncalibrated,False
rome-math-n50-falcon-7b-v1,analysis_out/rome-math-n50-falcon-7b-v1/plans/falcon-7b/cases0-49_r01/methods/rome/captures/rome-math-ablation.json,falcon-7b,falcon,development,cases0-49_r01,rome,28,complete,5,True,M2,13,3.690120763209534,0.5352644677288967,9,4,True,not_evaluated_uncalibrated,False
rome-math-n50-falcon-7b-v1,analysis_out/rome-math-n50-falcon-7b-v1/plans/falcon-7b/cases0-49_r01/methods/rome/captures/rome-math-ablation.json,falcon-7b,falcon,development,cases0-49_r01,rome,28,complete,5,True,M3,9,5.575019836425781,0.18970394134521484,9,4,True,not_evaluated_uncalibrated,False
rome-math-n50-falcon-7b-v1,analysis_out/rome-math-n50-falcon-7b-v1/plans/falcon-7b/cases0-49_r01/methods/rome/captures/rome-math-ablation.json,falcon-7b,falcon,development,cases0-49_r01,rome,28,complete,5,True,M0_raw,28,487.2957458496094,27.87860107421875,9,4,True,not_evaluated_uncalibrated,False
rome-math-n50-falcon-7b-v1,analysis_out/rome-math-n50-falcon-7b-v1/plans/falcon-7b/cases0-49_r01/methods/rome/captures/rome-math-ablation.json,falcon-7b,falcon,development,cases0-49_r01,rome,28,complete,5,True,M1_raw,4,162.8919677734375,39.85712432861328,9,4,True,not_evaluated_uncalibrated,False
rome-math-n50-falcon-7b-v1,analysis_out/rome-math-n50-falcon-7b-v1/plans/falcon-7b/cases0-49_r01/methods/rome/captures/rome-math-ablation.json,falcon-7b,falcon,development,cases0-49_r01,rome,29,complete,5,True,M0,14,0.01350181270390749,0.0004599308595061302,9,4,True,not_evaluated_uncalibrated,False
rome-math-n50-falcon-7b-v1,analysis_out/rome-math-n50-falcon-7b-v1/plans/falcon-7b/cases0-49_r01/methods/rome/captures/rome-math-ablation.json,falcon-7b,falcon,development,cases0-49_r01,rome,29,complete,5,True,M1,4,0.006187307182699442,0.0015390287153422832,9,4,True,not_evaluated_uncalibrated,False
rome-math-n50-falcon-7b-v1,analysis_out/rome-math-n50-falcon-7b-v1/plans/falcon-7b/cases0-49_r01/methods/rome/captures/rome-math-ablation.json,falcon-7b,falcon,development,cases0-49_r01,rome,29,complete,5,True,M2,13,3.690120763209534,0.5352644677288967,9,4,True,not_evaluated_uncalibrated,False
rome-math-n50-falcon-7b-v1,analysis_out/rome-math-n50-falcon-7b-v1/plans/falcon-7b/cases0-49_r01/methods/rome/captures/rome-math-ablation.json,falcon-7b,falcon,development,cases0-49_r01,rome,29,complete,5,True,M3,9,5.575019836425781,0.18970394134521484,9,4,True,not_evaluated_uncalibrated,False
rome-math-n50-falcon-7b-v1,analysis_out/rome-math-n50-falcon-7b-v1/plans/falcon-7b/cases0-49_r01/methods/rome/captures/rome-math-ablation.json,falcon-7b,falcon,development,cases0-49_r01,rome,29,complete,5,True,M0_raw,28,487.2957458496094,27.87860107421875,9,4,True,not_evaluated_uncalibrated,False
rome-math-n50-falcon-7b-v1,analysis_out/rome-math-n50-falcon-7b-v1/plans/falcon-7b/cases0-49_r01/methods/rome/captures/rome-math-ablation.json,falcon-7b,falcon,development,cases0-49_r01,rome,29,complete,5,True,M1_raw,4,162.8910369873047,38.87822723388672,9,4,True,not_evaluated_uncalibrated,False
rome-math-n50-falcon-7b-v1,analysis_out/rome-math-n50-falcon-7b-v1/plans/falcon-7b/cases0-49_r01/methods/rome/captures/rome-math-ablation.json,falcon-7b,falcon,development,cases0-49_r01,rome,30,complete,5,True,M0,14,0.01350181270390749,0.0004599308595061302,9,4,True,not_evaluated_uncalibrated,False
rome-math-n50-falcon-7b-v1,analysis_out/rome-math-n50-falcon-7b-v1/plans/falcon-7b/cases0-49_r01/methods/rome/captures/rome-math-ablation.json,falcon-7b,falcon,development,cases0-49_r01,rome,30,complete,5,True,M1,4,0.006186476908624172,0.001578576397150755,9,4,True,not_evaluated_uncalibrated,False
rome-math-n50-falcon-7b-v1,analysis_out/rome-math-n50-falcon-7b-v1/plans/falcon-7b/cases0-49_r01/methods/rome/captures/rome-math-ablation.json,falcon-7b,falcon,development,cases0-49_r01,rome,30,complete,5,True,M2,13,3.690120763209534,0.5352644677288967,9,4,True,not_evaluated_uncalibrated,False
rome-math-n50-falcon-7b-v1,analysis_out/rome-math-n50-falcon-7b-v1/plans/falcon-7b/cases0-49_r01/methods/rome/captures/rome-math-ablation.json,falcon-7b,falcon,development,cases0-49_r01,rome,30,complete,5,True,M3,9,5.575019836425781,0.18970394134521484,9,4,True,not_evaluated_uncalibrated,False
rome-math-n50-falcon-7b-v1,analysis_out/rome-math-n50-falcon-7b-v1/plans/falcon-7b/cases0-49_r01/methods/rome/captures/rome-math-ablation.json,falcon-7b,falcon,development,cases0-49_r01,rome,30,complete,5,True,M0_raw,28,487.2957458496094,27.87860107421875,9,4,True,not_evaluated_uncalibrated,False
rome-math-n50-falcon-7b-v1,analysis_out/rome-math-n50-falcon-7b-v1/plans/falcon-7b/cases0-49_r01/methods/rome/captures/rome-math-ablation.json,falcon-7b,falcon,development,cases0-49_r01,rome,30,complete,5,True,M1_raw,4,162.8754425048828,39.888763427734375,9,4,True,not_evaluated_uncalibrated,False
rome-math-n50-falcon-7b-v1,analysis_out/rome-math-n50-falcon-7b-v1/plans/falcon-7b/cases0-49_r01/methods/rome/captures/rome-math-ablation.json,falcon-7b,falcon,development,cases0-49_r01,rome,31,complete,5,True,M0,14,0.01350181270390749,0.00025240983814001083,5,5,True,not_evaluated_uncalibrated,True
rome-math-n50-falcon-7b-v1,analysis_out/rome-math-n50-falcon-7b-v1/plans/falcon-7b/cases0-49_r01/methods/rome/captures/rome-math-ablation.json,falcon-7b,falcon,development,cases0-49_r01,rome,31,complete,5,True,M1,4,0.0061880117282271385,0.0006480147130787373,5,5,True,not_evaluated_uncalibrated,True
rome-math-n50-falcon-7b-v1,analysis_out/rome-math-n50-falcon-7b-v1/plans/falcon-7b/cases0-49_r01/methods/rome/captures/rome-math-ablation.json,falcon-7b,falcon,development,cases0-49_r01,rome,31,complete,5,True,M2,13,3.690120763209534,0.5352644677288967,5,5,True,not_evaluated_uncalibrated,True
rome-math-n50-falcon-7b-v1,analysis_out/rome-math-n50-falcon-7b-v1/plans/falcon-7b/cases0-49_r01/methods/rome/captures/rome-math-ablation.json,falcon-7b,falcon,development,cases0-49_r01,rome,31,complete,5,True,M3,5,16.274492263793945,10.699472427368164,5,5,True,not_evaluated_uncalibrated,True
rome-math-n50-falcon-7b-v1,analysis_out/rome-math-n50-falcon-7b-v1/plans/falcon-7b/cases0-49_r01/methods/rome/captures/rome-math-ablation.json,falcon-7b,falcon,development,cases0-49_r01,rome,31,complete,5,True,M0_raw,28,487.2957458496094,27.87860107421875,5,5,True,not_evaluated_uncalibrated,True
rome-math-n50-falcon-7b-v1,analysis_out/rome-math-n50-falcon-7b-v1/plans/falcon-7b/cases0-49_r01/methods/rome/captures/rome-math-ablation.json,falcon-7b,falcon,development,cases0-49_r01,rome,31,complete,5,True,M1_raw,4,162.89260864257812,15.381805419921875,5,5,True,not_evaluated_uncalibrated,True
rome-math-n50-falcon-7b-v1,analysis_out/rome-math-n50-falcon-7b-v1/plans/falcon-7b/cases0-49_r01/methods/rome/captures/rome-math-ablation.json,falcon-7b,falcon,development,cases0-49_r01,rome,32,complete,5,True,M0,14,0.01350181270390749,0.0004599308595061302,9,4,True,not_evaluated_uncalibrated,False
rome-math-n50-falcon-7b-v1,analysis_out/rome-math-n50-falcon-7b-v1/plans/falcon-7b/cases0-49_r01/methods/rome/captures/rome-math-ablation.json,falcon-7b,falcon,development,cases0-49_r01,rome,32,complete,5,True,M1,4,0.006186552345752716,0.0015361993573606014,9,4,True,not_evaluated_uncalibrated,False
rome-math-n50-falcon-7b-v1,analysis_out/rome-math-n50-falcon-7b-v1/plans/falcon-7b/cases0-49_r01/methods/rome/captures/rome-math-ablation.json,falcon-7b,falcon,development,cases0-49_r01,rome,32,complete,5,True,M2,13,3.690120763209534,0.5352644677288967,9,4,True,not_evaluated_uncalibrated,False
rome-math-n50-falcon-7b-v1,analysis_out/rome-math-n50-falcon-7b-v1/plans/falcon-7b/cases0-49_r01/methods/rome/captures/rome-math-ablation.json,falcon-7b,falcon,development,cases0-49_r01,rome,32,complete,5,True,M3,9,5.575019836425781,0.18970394134521484,9,4,True,not_evaluated_uncalibrated,False
rome-math-n50-falcon-7b-v1,analysis_out/rome-math-n50-falcon-7b-v1/plans/falcon-7b/cases0-49_r01/methods/rome/captures/rome-math-ablation.json,falcon-7b,falcon,development,cases0-49_r01,rome,32,complete,5,True,M0_raw,28,487.2957458496094,27.87860107421875,9,4,True,not_evaluated_uncalibrated,False
rome-math-n50-falcon-7b-v1,analysis_out/rome-math-n50-falcon-7b-v1/plans/falcon-7b/cases0-49_r01/methods/rome/captures/rome-math-ablation.json,falcon-7b,falcon,development,cases0-49_r01,rome,32,complete,5,True,M1_raw,4,162.87962341308594,38.810462951660156,9,4,True,not_evaluated_uncalibrated,False
rome-math-n50-falcon-7b-v1,analysis_out/rome-math-n50-falcon-7b-v1/plans/falcon-7b/cases0-49_r01/methods/rome/captures/rome-math-ablation.json,falcon-7b,falcon,development,cases0-49_r01,rome,33,complete,5,True,M0,14,0.01350181270390749,0.0004599308595061302,9,4,True,not_evaluated_uncalibrated,False
rome-math-n50-falcon-7b-v1,analysis_out/rome-math-n50-falcon-7b-v1/plans/falcon-7b/cases0-49_r01/methods/rome/captures/rome-math-ablation.json,falcon-7b,falcon,development,cases0-49_r01,rome,33,complete,5,True,M1,4,0.006187397986650467,0.0015165265649557114,9,4,True,not_evaluated_uncalibrated,False
rome-math-n50-falcon-7b-v1,analysis_out/rome-math-n50-falcon-7b-v1/plans/falcon-7b/cases0-49_r01/methods/rome/captures/rome-math-ablation.json,falcon-7b,falcon,development,cases0-49_r01,rome,33,complete,5,True,M2,13,3.690120763209534,0.5352644677288967,9,4,True,not_evaluated_uncalibrated,False
rome-math-n50-falcon-7b-v1,analysis_out/rome-math-n50-falcon-7b-v1/plans/falcon-7b/cases0-49_r01/methods/rome/captures/rome-math-ablation.json,falcon-7b,falcon,development,cases0-49_r01,rome,33,complete,5,True,M3,9,5.575019836425781,0.18970394134521484,9,4,True,not_evaluated_uncalibrated,False
rome-math-n50-falcon-7b-v1,analysis_out/rome-math-n50-falcon-7b-v1/plans/falcon-7b/cases0-49_r01/methods/rome/captures/rome-math-ablation.json,falcon-7b,falcon,development,cases0-49_r01,rome,33,complete,5,True,M0_raw,28,487.2957458496094,27.87860107421875,9,4,True,not_evaluated_uncalibrated,False
rome-math-n50-falcon-7b-v1,analysis_out/rome-math-n50-falcon-7b-v1/plans/falcon-7b/cases0-49_r01/methods/rome/captures/rome-math-ablation.json,falcon-7b,falcon,development,cases0-49_r01,rome,33,complete,5,True,M1_raw,4,162.89158630371094,38.43505859375,9,4,True,not_evaluated_uncalibrated,False
rome-math-n50-falcon-7b-v1,analysis_out/rome-math-n50-falcon-7b-v1/plans/falcon-7b/cases0-49_r01/methods/rome/captures/rome-math-ablation.json,falcon-7b,falcon,development,cases0-49_r01,rome,34,complete,5,True,M0,14,0.01350181270390749,0.0004429146647453308,5,5,True,not_evaluated_uncalibrated,True
rome-math-n50-falcon-7b-v1,analysis_out/rome-math-n50-falcon-7b-v1/plans/falcon-7b/cases0-49_r01/methods/rome/captures/rome-math-ablation.json,falcon-7b,falcon,development,cases0-49_r01,rome,34,complete,5,True,M1,4,0.006185934413224459,0.0011362871155142784,5,5,True,not_evaluated_uncalibrated,True
rome-math-n50-falcon-7b-v1,analysis_out/rome-math-n50-falcon-7b-v1/plans/falcon-7b/cases0-49_r01/methods/rome/captures/rome-math-ablation.json,falcon-7b,falcon,development,cases0-49_r01,rome,34,complete,5,True,M2,13,3.690120763209534,0.5352644677288967,5,5,True,not_evaluated_uncalibrated,True
rome-math-n50-falcon-7b-v1,analysis_out/rome-math-n50-falcon-7b-v1/plans/falcon-7b/cases0-49_r01/methods/rome/captures/rome-math-ablation.json,falcon-7b,falcon,development,cases0-49_r01,rome,34,complete,5,True,M3,5,12.16191577911377,6.586895942687988,5,5,True,not_evaluated_uncalibrated,True
rome-math-n50-falcon-7b-v1,analysis_out/rome-math-n50-falcon-7b-v1/plans/falcon-7b/cases0-49_r01/methods/rome/captures/rome-math-ablation.json,falcon-7b,falcon,development,cases0-49_r01,rome,34,complete,5,True,M0_raw,28,487.2957458496094,27.87860107421875,5,5,True,not_evaluated_uncalibrated,True
rome-math-n50-falcon-7b-v1,analysis_out/rome-math-n50-falcon-7b-v1/plans/falcon-7b/cases0-49_r01/methods/rome/captures/rome-math-ablation.json,falcon-7b,falcon,development,cases0-49_r01,rome,34,complete,5,True,M1_raw,4,162.8463134765625,28.376205444335938,5,5,True,not_evaluated_uncalibrated,True
rome-math-n50-falcon-7b-v1,analysis_out/rome-math-n50-falcon-7b-v1/plans/falcon-7b/cases0-49_r01/methods/rome/captures/rome-math-ablation.json,falcon-7b,falcon,development,cases0-49_r01,rome,35,complete,5,True,M0,14,0.01350181270390749,0.0004599308595061302,9,4,True,not_evaluated_uncalibrated,False
rome-math-n50-falcon-7b-v1,analysis_out/rome-math-n50-falcon-7b-v1/plans/falcon-7b/cases0-49_r01/methods/rome/captures/rome-math-ablation.json,falcon-7b,falcon,development,cases0-49_r01,rome,35,complete,5,True,M1,4,0.00618695467710495,0.0015511009842157364,9,4,True,not_evaluated_uncalibrated,False
rome-math-n50-falcon-7b-v1,analysis_out/rome-math-n50-falcon-7b-v1/plans/falcon-7b/cases0-49_r01/methods/rome/captures/rome-math-ablation.json,falcon-7b,falcon,development,cases0-49_r01,rome,35,complete,5,True,M2,13,3.690120763209534,0.5352644677288967,9,4,True,not_evaluated_uncalibrated,False
rome-math-n50-falcon-7b-v1,analysis_out/rome-math-n50-falcon-7b-v1/plans/falcon-7b/cases0-49_r01/methods/rome/captures/rome-math-ablation.json,falcon-7b,falcon,development,cases0-49_r01,rome,35,complete,5,True,M3,9,5.575019836425781,0.18970394134521484,9,4,True,not_evaluated_uncalibrated,False
rome-math-n50-falcon-7b-v1,analysis_out/rome-math-n50-falcon-7b-v1/plans/falcon-7b/cases0-49_r01/methods/rome/captures/rome-math-ablation.json,falcon-7b,falcon,development,cases0-49_r01,rome,35,complete,5,True,M0_raw,28,487.2957458496094,27.87860107421875,9,4,True,not_evaluated_uncalibrated,False
rome-math-n50-falcon-7b-v1,analysis_out/rome-math-n50-falcon-7b-v1/plans/falcon-7b/cases0-49_r01/methods/rome/captures/rome-math-ablation.json,falcon-7b,falcon,development,cases0-49_r01,rome,35,complete,5,True,M1_raw,4,162.88279724121094,39.22881317138672,9,4,True,not_evaluated_uncalibrated,False
rome-math-n50-falcon-7b-v1,analysis_out/rome-math-n50-falcon-7b-v1/plans/falcon-7b/cases0-49_r01/methods/rome/captures/rome-math-ablation.json,falcon-7b,falcon,development,cases0-49_r01,rome,36,complete,5,True,M0,14,0.01350181270390749,0.0004599308595061302,9,4,True,not_evaluated_uncalibrated,False
rome-math-n50-falcon-7b-v1,analysis_out/rome-math-n50-falcon-7b-v1/plans/falcon-7b/cases0-49_r01/methods/rome/captures/rome-math-ablation.json,falcon-7b,falcon,development,cases0-49_r01,rome,36,complete,5,True,M1,4,0.00618689926341176,0.0015477663837373257,9,4,True,not_evaluated_uncalibrated,False
rome-math-n50-falcon-7b-v1,analysis_out/rome-math-n50-falcon-7b-v1/plans/falcon-7b/cases0-49_r01/methods/rome/captures/rome-math-ablation.json,falcon-7b,falcon,development,cases0-49_r01,rome,36,complete,5,True,M2,13,3.690120763209534,0.5352644677288967,9,4,True,not_evaluated_uncalibrated,False
rome-math-n50-falcon-7b-v1,analysis_out/rome-math-n50-falcon-7b-v1/plans/falcon-7b/cases0-49_r01/methods/rome/captures/rome-math-ablation.json,falcon-7b,falcon,development,cases0-49_r01,rome,36,complete,5,True,M3,9,5.575019836425781,0.18970394134521484,9,4,True,not_evaluated_uncalibrated,False
rome-math-n50-falcon-7b-v1,analysis_out/rome-math-n50-falcon-7b-v1/plans/falcon-7b/cases0-49_r01/methods/rome/captures/rome-math-ablation.json,falcon-7b,falcon,development,cases0-49_r01,rome,36,complete,5,True,M0_raw,28,487.2957458496094,27.87860107421875,9,4,True,not_evaluated_uncalibrated,False
rome-math-n50-falcon-7b-v1,analysis_out/rome-math-n50-falcon-7b-v1/plans/falcon-7b/cases0-49_r01/methods/rome/captures/rome-math-ablation.json,falcon-7b,falcon,development,cases0-49_r01,rome,36,complete,5,True,M1_raw,4,162.88583374023438,39.09893035888672,9,4,True,not_evaluated_uncalibrated,False
rome-math-n50-falcon-7b-v1,analysis_out/rome-math-n50-falcon-7b-v1/plans/falcon-7b/cases0-49_r01/methods/rome/captures/rome-math-ablation.json,falcon-7b,falcon,development,cases0-49_r01,rome,38,complete,5,True,M0,14,0.01350181270390749,0.0004599308595061302,9,4,True,not_evaluated_uncalibrated,False
rome-math-n50-falcon-7b-v1,analysis_out/rome-math-n50-falcon-7b-v1/plans/falcon-7b/cases0-49_r01/methods/rome/captures/rome-math-ablation.json,falcon-7b,falcon,development,cases0-49_r01,rome,38,complete,5,True,M1,4,0.00618709484115243,0.0015744366683065891,9,4,True,not_evaluated_uncalibrated,False
rome-math-n50-falcon-7b-v1,analysis_out/rome-math-n50-falcon-7b-v1/plans/falcon-7b/cases0-49_r01/methods/rome/captures/rome-math-ablation.json,falcon-7b,falcon,development,cases0-49_r01,rome,38,complete,5,True,M2,13,3.690120763209534,0.5352644677288967,9,4,True,not_evaluated_uncalibrated,False
rome-math-n50-falcon-7b-v1,analysis_out/rome-math-n50-falcon-7b-v1/plans/falcon-7b/cases0-49_r01/methods/rome/captures/rome-math-ablation.json,falcon-7b,falcon,development,cases0-49_r01,rome,38,complete,5,True,M3,9,5.575019836425781,0.18970394134521484,9,4,True,not_evaluated_uncalibrated,False
rome-math-n50-falcon-7b-v1,analysis_out/rome-math-n50-falcon-7b-v1/plans/falcon-7b/cases0-49_r01/methods/rome/captures/rome-math-ablation.json,falcon-7b,falcon,development,cases0-49_r01,rome,38,complete,5,True,M0_raw,28,487.2957458496094,27.87860107421875,9,4,True,not_evaluated_uncalibrated,False
rome-math-n50-falcon-7b-v1,analysis_out/rome-math-n50-falcon-7b-v1/plans/falcon-7b/cases0-49_r01/methods/rome/captures/rome-math-ablation.json,falcon-7b,falcon,development,cases0-49_r01,rome,38,complete,5,True,M1_raw,4,162.89187622070312,39.78431701660156,9,4,True,not_evaluated_uncalibrated,False
rome-math-n50-falcon-7b-v1,analysis_out/rome-math-n50-falcon-7b-v1/plans/falcon-7b/cases0-49_r01/methods/rome/captures/rome-math-ablation.json,falcon-7b,falcon,development,cases0-49_r01,rome,39,complete,5,True,M0,14,0.01350181270390749,0.0004599308595061302,9,4,True,not_evaluated_uncalibrated,False
rome-math-n50-falcon-7b-v1,analysis_out/rome-math-n50-falcon-7b-v1/plans/falcon-7b/cases0-49_r01/methods/rome/captures/rome-math-ablation.json,falcon-7b,falcon,development,cases0-49_r01,rome,39,complete,5,True,M1,4,0.006186760030686855,0.0015755980275571346,9,4,True,not_evaluated_uncalibrated,False
rome-math-n50-falcon-7b-v1,analysis_out/rome-math-n50-falcon-7b-v1/plans/falcon-7b/cases0-49_r01/methods/rome/captures/rome-math-ablation.json,falcon-7b,falcon,development,cases0-49_r01,rome,39,complete,5,True,M2,13,3.690120763209534,0.5352644677288967,9,4,True,not_evaluated_uncalibrated,False
rome-math-n50-falcon-7b-v1,analysis_out/rome-math-n50-falcon-7b-v1/plans/falcon-7b/cases0-49_r01/methods/rome/captures/rome-math-ablation.json,falcon-7b,falcon,development,cases0-49_r01,rome,39,complete,5,True,M3,9,5.575019836425781,0.18970394134521484,9,4,True,not_evaluated_uncalibrated,False
rome-math-n50-falcon-7b-v1,analysis_out/rome-math-n50-falcon-7b-v1/plans/falcon-7b/cases0-49_r01/methods/rome/captures/rome-math-ablation.json,falcon-7b,falcon,development,cases0-49_r01,rome,39,complete,5,True,M0_raw,28,487.2957458496094,27.87860107421875,9,4,True,not_evaluated_uncalibrated,False
rome-math-n50-falcon-7b-v1,analysis_out/rome-math-n50-falcon-7b-v1/plans/falcon-7b/cases0-49_r01/methods/rome/captures/rome-math-ablation.json,falcon-7b,falcon,development,cases0-49_r01,rome,39,complete,5,True,M1_raw,4,162.87969970703125,39.79217529296875,9,4,True,not_evaluated_uncalibrated,False
rome-math-n50-falcon-7b-v1,analysis_out/rome-math-n50-falcon-7b-v1/plans/falcon-7b/cases0-49_r01/methods/rome/captures/rome-math-ablation.json,falcon-7b,falcon,development,cases0-49_r01,rome,40,complete,5,True,M0,14,0.01350181270390749,0.0004599308595061302,9,4,True,not_evaluated_uncalibrated,False
rome-math-n50-falcon-7b-v1,analysis_out/rome-math-n50-falcon-7b-v1/plans/falcon-7b/cases0-49_r01/methods/rome/captures/rome-math-ablation.json,falcon-7b,falcon,development,cases0-49_r01,rome,40,complete,5,True,M1,4,0.006186110898852348,0.0015843138098716736,9,4,True,not_evaluated_uncalibrated,False
rome-math-n50-falcon-7b-v1,analysis_out/rome-math-n50-falcon-7b-v1/plans/falcon-7b/cases0-49_r01/methods/rome/captures/rome-math-ablation.json,falcon-7b,falcon,development,cases0-49_r01,rome,40,complete,5,True,M2,13,3.690120763209534,0.5352644677288967,9,4,True,not_evaluated_uncalibrated,False
rome-math-n50-falcon-7b-v1,analysis_out/rome-math-n50-falcon-7b-v1/plans/falcon-7b/cases0-49_r01/methods/rome/captures/rome-math-ablation.json,falcon-7b,falcon,development,cases0-49_r01,rome,40,complete,5,True,M3,9,5.575019836425781,0.18970394134521484,9,4,True,not_evaluated_uncalibrated,False
rome-math-n50-falcon-7b-v1,analysis_out/rome-math-n50-falcon-7b-v1/plans/falcon-7b/cases0-49_r01/methods/rome/captures/rome-math-ablation.json,falcon-7b,falcon,development,cases0-49_r01,rome,40,complete,5,True,M0_raw,28,487.2957458496094,27.87860107421875,9,4,True,not_evaluated_uncalibrated,False
rome-math-n50-falcon-7b-v1,analysis_out/rome-math-n50-falcon-7b-v1/plans/falcon-7b/cases0-49_r01/methods/rome/captures/rome-math-ablation.json,falcon-7b,falcon,development,cases0-49_r01,rome,40,complete,5,True,M1_raw,4,162.8648223876953,40.0338134765625,9,4,True,not_evaluated_uncalibrated,False
rome-math-n50-falcon-7b-v1,analysis_out/rome-math-n50-falcon-7b-v1/plans/falcon-7b/cases0-49_r01/methods/rome/captures/rome-math-ablation.json,falcon-7b,falcon,development,cases0-49_r01,rome,41,complete,5,True,M0,14,0.01350181270390749,0.0004599308595061302,9,4,True,not_evaluated_uncalibrated,False
rome-math-n50-falcon-7b-v1,analysis_out/rome-math-n50-falcon-7b-v1/plans/falcon-7b/cases0-49_r01/methods/rome/captures/rome-math-ablation.json,falcon-7b,falcon,development,cases0-49_r01,rome,41,complete,5,True,M1,4,0.006186868064105511,0.0015821452252566814,9,4,True,not_evaluated_uncalibrated,False
rome-math-n50-falcon-7b-v1,analysis_out/rome-math-n50-falcon-7b-v1/plans/falcon-7b/cases0-49_r01/methods/rome/captures/rome-math-ablation.json,falcon-7b,falcon,development,cases0-49_r01,rome,41,complete,5,True,M2,13,3.690120763209534,0.5352644677288967,9,4,True,not_evaluated_uncalibrated,False
rome-math-n50-falcon-7b-v1,analysis_out/rome-math-n50-falcon-7b-v1/plans/falcon-7b/cases0-49_r01/methods/rome/captures/rome-math-ablation.json,falcon-7b,falcon,development,cases0-49_r01,rome,41,complete,5,True,M3,9,5.575019836425781,0.18970394134521484,9,4,True,not_evaluated_uncalibrated,False
rome-math-n50-falcon-7b-v1,analysis_out/rome-math-n50-falcon-7b-v1/plans/falcon-7b/cases0-49_r01/methods/rome/captures/rome-math-ablation.json,falcon-7b,falcon,development,cases0-49_r01,rome,41,complete,5,True,M0_raw,28,487.2957458496094,27.87860107421875,9,4,True,not_evaluated_uncalibrated,False
rome-math-n50-falcon-7b-v1,analysis_out/rome-math-n50-falcon-7b-v1/plans/falcon-7b/cases0-49_r01/methods/rome/captures/rome-math-ablation.json,falcon-7b,falcon,development,cases0-49_r01,rome,41,complete,5,True,M1_raw,4,162.88836669921875,39.996665954589844,9,4,True,not_evaluated_uncalibrated,False
rome-math-n50-falcon-7b-v1,analysis_out/rome-math-n50-falcon-7b-v1/plans/falcon-7b/cases0-49_r01/methods/rome/captures/rome-math-ablation.json,falcon-7b,falcon,development,cases0-49_r01,rome,42,complete,5,True,M0,14,0.01350181270390749,0.0004599308595061302,9,4,True,not_evaluated_uncalibrated,False
rome-math-n50-falcon-7b-v1,analysis_out/rome-math-n50-falcon-7b-v1/plans/falcon-7b/cases0-49_r01/methods/rome/captures/rome-math-ablation.json,falcon-7b,falcon,development,cases0-49_r01,rome,42,complete,5,True,M1,4,0.0061858766712248325,0.001568871084600687,9,4,True,not_evaluated_uncalibrated,False
rome-math-n50-falcon-7b-v1,analysis_out/rome-math-n50-falcon-7b-v1/plans/falcon-7b/cases0-49_r01/methods/rome/captures/rome-math-ablation.json,falcon-7b,falcon,development,cases0-49_r01,rome,42,complete,5,True,M2,13,3.690120763209534,0.5352644677288967,9,4,True,not_evaluated_uncalibrated,False
rome-math-n50-falcon-7b-v1,analysis_out/rome-math-n50-falcon-7b-v1/plans/falcon-7b/cases0-49_r01/methods/rome/captures/rome-math-ablation.json,falcon-7b,falcon,development,cases0-49_r01,rome,42,complete,5,True,M3,9,5.575019836425781,0.18970394134521484,9,4,True,not_evaluated_uncalibrated,False
rome-math-n50-falcon-7b-v1,analysis_out/rome-math-n50-falcon-7b-v1/plans/falcon-7b/cases0-49_r01/methods/rome/captures/rome-math-ablation.json,falcon-7b,falcon,development,cases0-49_r01,rome,42,complete,5,True,M0_raw,28,487.2957458496094,27.87860107421875,9,4,True,not_evaluated_uncalibrated,False
rome-math-n50-falcon-7b-v1,analysis_out/rome-math-n50-falcon-7b-v1/plans/falcon-7b/cases0-49_r01/methods/rome/captures/rome-math-ablation.json,falcon-7b,falcon,development,cases0-49_r01,rome,42,complete,5,True,M1_raw,4,162.8563232421875,39.617218017578125,9,4,True,not_evaluated_uncalibrated,False
rome-math-n50-falcon-7b-v1,analysis_out/rome-math-n50-falcon-7b-v1/plans/falcon-7b/cases0-49_r01/methods/rome/captures/rome-math-ablation.json,falcon-7b,falcon,development,cases0-49_r01,rome,43,complete,5,True,M0,14,0.01350181270390749,0.0004599308595061302,9,4,True,not_evaluated_uncalibrated,False
rome-math-n50-falcon-7b-v1,analysis_out/rome-math-n50-falcon-7b-v1/plans/falcon-7b/cases0-49_r01/methods/rome/captures/rome-math-ablation.json,falcon-7b,falcon,development,cases0-49_r01,rome,43,complete,5,True,M1,4,0.006182787474244833,0.0015683574602007866,9,4,True,not_evaluated_uncalibrated,False
rome-math-n50-falcon-7b-v1,analysis_out/rome-math-n50-falcon-7b-v1/plans/falcon-7b/cases0-49_r01/methods/rome/captures/rome-math-ablation.json,falcon-7b,falcon,development,cases0-49_r01,rome,43,complete,5,True,M2,13,3.690120763209534,0.5352644677288967,9,4,True,not_evaluated_uncalibrated,False
rome-math-n50-falcon-7b-v1,analysis_out/rome-math-n50-falcon-7b-v1/plans/falcon-7b/cases0-49_r01/methods/rome/captures/rome-math-ablation.json,falcon-7b,falcon,development,cases0-49_r01,rome,43,complete,5,True,M3,9,5.575019836425781,0.18970394134521484,9,4,True,not_evaluated_uncalibrated,False
rome-math-n50-falcon-7b-v1,analysis_out/rome-math-n50-falcon-7b-v1/plans/falcon-7b/cases0-49_r01/methods/rome/captures/rome-math-ablation.json,falcon-7b,falcon,development,cases0-49_r01,rome,43,complete,5,True,M0_raw,28,487.2957458496094,27.87860107421875,9,4,True,not_evaluated_uncalibrated,False
rome-math-n50-falcon-7b-v1,analysis_out/rome-math-n50-falcon-7b-v1/plans/falcon-7b/cases0-49_r01/methods/rome/captures/rome-math-ablation.json,falcon-7b,falcon,development,cases0-49_r01,rome,43,complete,5,True,M1_raw,4,162.77688598632812,39.626853942871094,9,4,True,not_evaluated_uncalibrated,False
rome-math-n50-falcon-7b-v1,analysis_out/rome-math-n50-falcon-7b-v1/plans/falcon-7b/cases0-49_r01/methods/rome/captures/rome-math-ablation.json,falcon-7b,falcon,development,cases0-49_r01,rome,44,complete,5,True,M0,14,0.01350181270390749,0.0004599308595061302,9,4,True,not_evaluated_uncalibrated,False
rome-math-n50-falcon-7b-v1,analysis_out/rome-math-n50-falcon-7b-v1/plans/falcon-7b/cases0-49_r01/methods/rome/captures/rome-math-ablation.json,falcon-7b,falcon,development,cases0-49_r01,rome,44,complete,5,True,M1,4,0.006186687387526035,0.0015815598890185356,9,4,True,not_evaluated_uncalibrated,False
rome-math-n50-falcon-7b-v1,analysis_out/rome-math-n50-falcon-7b-v1/plans/falcon-7b/cases0-49_r01/methods/rome/captures/rome-math-ablation.json,falcon-7b,falcon,development,cases0-49_r01,rome,44,complete,5,True,M2,13,3.690120763209534,0.5352644677288967,9,4,True,not_evaluated_uncalibrated,False
rome-math-n50-falcon-7b-v1,analysis_out/rome-math-n50-falcon-7b-v1/plans/falcon-7b/cases0-49_r01/methods/rome/captures/rome-math-ablation.json,falcon-7b,falcon,development,cases0-49_r01,rome,44,complete,5,True,M3,9,5.575019836425781,0.18970394134521484,9,4,True,not_evaluated_uncalibrated,False
rome-math-n50-falcon-7b-v1,analysis_out/rome-math-n50-falcon-7b-v1/plans/falcon-7b/cases0-49_r01/methods/rome/captures/rome-math-ablation.json,falcon-7b,falcon,development,cases0-49_r01,rome,44,complete,5,True,M0_raw,28,487.2957458496094,27.87860107421875,9,4,True,not_evaluated_uncalibrated,False
rome-math-n50-falcon-7b-v1,analysis_out/rome-math-n50-falcon-7b-v1/plans/falcon-7b/cases0-49_r01/methods/rome/captures/rome-math-ablation.json,falcon-7b,falcon,development,cases0-49_r01,rome,44,complete,5,True,M1_raw,4,162.8828125,39.97877502441406,9,4,True,not_evaluated_uncalibrated,False
rome-math-n50-falcon-7b-v1,analysis_out/rome-math-n50-falcon-7b-v1/plans/falcon-7b/cases0-49_r01/methods/rome/captures/rome-math-ablation.json,falcon-7b,falcon,development,cases0-49_r01,rome,45,complete,5,True,M0,14,0.01350181270390749,0.0004599308595061302,9,4,True,not_evaluated_uncalibrated,False
rome-math-n50-falcon-7b-v1,analysis_out/rome-math-n50-falcon-7b-v1/plans/falcon-7b/cases0-49_r01/methods/rome/captures/rome-math-ablation.json,falcon-7b,falcon,development,cases0-49_r01,rome,45,complete,5,True,M1,4,0.00618699099868536,0.0015680412761867046,9,4,True,not_evaluated_uncalibrated,False
rome-math-n50-falcon-7b-v1,analysis_out/rome-math-n50-falcon-7b-v1/plans/falcon-7b/cases0-49_r01/methods/rome/captures/rome-math-ablation.json,falcon-7b,falcon,development,cases0-49_r01,rome,45,complete,5,True,M2,13,3.690120763209534,0.5352644677288967,9,4,True,not_evaluated_uncalibrated,False
rome-math-n50-falcon-7b-v1,analysis_out/rome-math-n50-falcon-7b-v1/plans/falcon-7b/cases0-49_r01/methods/rome/captures/rome-math-ablation.json,falcon-7b,falcon,development,cases0-49_r01,rome,45,complete,5,True,M3,9,5.575019836425781,0.18970394134521484,9,4,True,not_evaluated_uncalibrated,False
rome-math-n50-falcon-7b-v1,analysis_out/rome-math-n50-falcon-7b-v1/plans/falcon-7b/cases0-49_r01/methods/rome/captures/rome-math-ablation.json,falcon-7b,falcon,development,cases0-49_r01,rome,45,complete,5,True,M0_raw,28,487.2957458496094,27.87860107421875,9,4,True,not_evaluated_uncalibrated,False
rome-math-n50-falcon-7b-v1,analysis_out/rome-math-n50-falcon-7b-v1/plans/falcon-7b/cases0-49_r01/methods/rome/captures/rome-math-ablation.json,falcon-7b,falcon,development,cases0-49_r01,rome,45,complete,5,True,M1_raw,4,162.89254760742188,39.64323425292969,9,4,True,not_evaluated_uncalibrated,False
rome-math-n50-falcon-7b-v1,analysis_out/rome-math-n50-falcon-7b-v1/plans/falcon-7b/cases0-49_r01/methods/rome/captures/rome-math-ablation.json,falcon-7b,falcon,development,cases0-49_r01,rome,46,complete,5,True,M0,14,0.01350181270390749,0.0004599308595061302,9,4,True,not_evaluated_uncalibrated,False
rome-math-n50-falcon-7b-v1,analysis_out/rome-math-n50-falcon-7b-v1/plans/falcon-7b/cases0-49_r01/methods/rome/captures/rome-math-ablation.json,falcon-7b,falcon,development,cases0-49_r01,rome,46,complete,5,True,M1,4,0.006186546757817268,0.0015847785398364067,9,4,True,not_evaluated_uncalibrated,False
rome-math-n50-falcon-7b-v1,analysis_out/rome-math-n50-falcon-7b-v1/plans/falcon-7b/cases0-49_r01/methods/rome/captures/rome-math-ablation.json,falcon-7b,falcon,development,cases0-49_r01,rome,46,complete,5,True,M2,13,3.690120763209534,0.5352644677288967,9,4,True,not_evaluated_uncalibrated,False
rome-math-n50-falcon-7b-v1,analysis_out/rome-math-n50-falcon-7b-v1/plans/falcon-7b/cases0-49_r01/methods/rome/captures/rome-math-ablation.json,falcon-7b,falcon,development,cases0-49_r01,rome,46,complete,5,True,M3,9,5.575019836425781,0.18970394134521484,9,4,True,not_evaluated_uncalibrated,False
rome-math-n50-falcon-7b-v1,analysis_out/rome-math-n50-falcon-7b-v1/plans/falcon-7b/cases0-49_r01/methods/rome/captures/rome-math-ablation.json,falcon-7b,falcon,development,cases0-49_r01,rome,46,complete,5,True,M0_raw,28,487.2957458496094,27.87860107421875,9,4,True,not_evaluated_uncalibrated,False
rome-math-n50-falcon-7b-v1,analysis_out/rome-math-n50-falcon-7b-v1/plans/falcon-7b/cases0-49_r01/methods/rome/captures/rome-math-ablation.json,falcon-7b,falcon,development,cases0-49_r01,rome,46,complete,5,True,M1_raw,4,162.8783416748047,40.05388641357422,9,4,True,not_evaluated_uncalibrated,False
rome-math-n50-falcon-7b-v1,analysis_out/rome-math-n50-falcon-7b-v1/plans/falcon-7b/cases0-49_r01/methods/rome/captures/rome-math-ablation.json,falcon-7b,falcon,development,cases0-49_r01,rome,47,complete,5,True,M0,14,0.01350181270390749,0.0004599308595061302,9,4,True,not_evaluated_uncalibrated,False
rome-math-n50-falcon-7b-v1,analysis_out/rome-math-n50-falcon-7b-v1/plans/falcon-7b/cases0-49_r01/methods/rome/captures/rome-math-ablation.json,falcon-7b,falcon,development,cases0-49_r01,rome,47,complete,5,True,M1,4,0.0061855255626142025,0.001582273282110691,9,4,True,not_evaluated_uncalibrated,False
rome-math-n50-falcon-7b-v1,analysis_out/rome-math-n50-falcon-7b-v1/plans/falcon-7b/cases0-49_r01/methods/rome/captures/rome-math-ablation.json,falcon-7b,falcon,development,cases0-49_r01,rome,47,complete,5,True,M2,13,3.690120763209534,0.5352644677288967,9,4,True,not_evaluated_uncalibrated,False
rome-math-n50-falcon-7b-v1,analysis_out/rome-math-n50-falcon-7b-v1/plans/falcon-7b/cases0-49_r01/methods/rome/captures/rome-math-ablation.json,falcon-7b,falcon,development,cases0-49_r01,rome,47,complete,5,True,M3,9,5.575019836425781,0.18970394134521484,9,4,True,not_evaluated_uncalibrated,False
rome-math-n50-falcon-7b-v1,analysis_out/rome-math-n50-falcon-7b-v1/plans/falcon-7b/cases0-49_r01/methods/rome/captures/rome-math-ablation.json,falcon-7b,falcon,development,cases0-49_r01,rome,47,complete,5,True,M0_raw,28,487.2957458496094,27.87860107421875,9,4,True,not_evaluated_uncalibrated,False
rome-math-n50-falcon-7b-v1,analysis_out/rome-math-n50-falcon-7b-v1/plans/falcon-7b/cases0-49_r01/methods/rome/captures/rome-math-ablation.json,falcon-7b,falcon,development,cases0-49_r01,rome,47,complete,5,True,M1_raw,4,162.84793090820312,39.97618865966797,9,4,True,not_evaluated_uncalibrated,False
rome-math-n50-falcon-7b-v1,analysis_out/rome-math-n50-falcon-7b-v1/plans/falcon-7b/cases0-49_r01/methods/rome/captures/rome-math-ablation.json,falcon-7b,falcon,development,cases0-49_r01,rome,48,complete,5,True,M0,14,0.01350181270390749,0.0004599308595061302,9,4,True,not_evaluated_uncalibrated,False
rome-math-n50-falcon-7b-v1,analysis_out/rome-math-n50-falcon-7b-v1/plans/falcon-7b/cases0-49_r01/methods/rome/captures/rome-math-ablation.json,falcon-7b,falcon,development,cases0-49_r01,rome,48,complete,5,True,M1,4,0.006186665967106819,0.00158263323828578,9,4,True,not_evaluated_uncalibrated,False
rome-math-n50-falcon-7b-v1,analysis_out/rome-math-n50-falcon-7b-v1/plans/falcon-7b/cases0-49_r01/methods/rome/captures/rome-math-ablation.json,falcon-7b,falcon,development,cases0-49_r01,rome,48,complete,5,True,M2,13,3.690120763209534,0.5352644677288967,9,4,True,not_evaluated_uncalibrated,False
rome-math-n50-falcon-7b-v1,analysis_out/rome-math-n50-falcon-7b-v1/plans/falcon-7b/cases0-49_r01/methods/rome/captures/rome-math-ablation.json,falcon-7b,falcon,development,cases0-49_r01,rome,48,complete,5,True,M3,9,5.575019836425781,0.18970394134521484,9,4,True,not_evaluated_uncalibrated,False
rome-math-n50-falcon-7b-v1,analysis_out/rome-math-n50-falcon-7b-v1/plans/falcon-7b/cases0-49_r01/methods/rome/captures/rome-math-ablation.json,falcon-7b,falcon,development,cases0-49_r01,rome,48,complete,5,True,M0_raw,28,487.2957458496094,27.87860107421875,9,4,True,not_evaluated_uncalibrated,False
rome-math-n50-falcon-7b-v1,analysis_out/rome-math-n50-falcon-7b-v1/plans/falcon-7b/cases0-49_r01/methods/rome/captures/rome-math-ablation.json,falcon-7b,falcon,development,cases0-49_r01,rome,48,complete,5,True,M1_raw,4,162.8832244873047,40.009178161621094,9,4,True,not_evaluated_uncalibrated,False
rome-math-n50-falcon-7b-v1,analysis_out/rome-math-n50-falcon-7b-v1/plans/falcon-7b/cases0-49_r01/methods/rome/captures/rome-math-ablation.json,falcon-7b,falcon,development,cases0-49_r01,rome,49,complete,5,True,M0,14,0.01350181270390749,0.0004599308595061302,9,4,True,not_evaluated_uncalibrated,False
rome-math-n50-falcon-7b-v1,analysis_out/rome-math-n50-falcon-7b-v1/plans/falcon-7b/cases0-49_r01/methods/rome/captures/rome-math-ablation.json,falcon-7b,falcon,development,cases0-49_r01,rome,49,complete,5,True,M1,4,0.006185877602547407,0.0015844972804188728,9,4,True,not_evaluated_uncalibrated,False
rome-math-n50-falcon-7b-v1,analysis_out/rome-math-n50-falcon-7b-v1/plans/falcon-7b/cases0-49_r01/methods/rome/captures/rome-math-ablation.json,falcon-7b,falcon,development,cases0-49_r01,rome,49,complete,5,True,M2,13,3.690120763209534,0.5352644677288967,9,4,True,not_evaluated_uncalibrated,False
rome-math-n50-falcon-7b-v1,analysis_out/rome-math-n50-falcon-7b-v1/plans/falcon-7b/cases0-49_r01/methods/rome/captures/rome-math-ablation.json,falcon-7b,falcon,development,cases0-49_r01,rome,49,complete,5,True,M3,9,5.575019836425781,0.18970394134521484,9,4,True,not_evaluated_uncalibrated,False
rome-math-n50-falcon-7b-v1,analysis_out/rome-math-n50-falcon-7b-v1/plans/falcon-7b/cases0-49_r01/methods/rome/captures/rome-math-ablation.json,falcon-7b,falcon,development,cases0-49_r01,rome,49,complete,5,True,M0_raw,28,487.2957458496094,27.87860107421875,9,4,True,not_evaluated_uncalibrated,False
rome-math-n50-falcon-7b-v1,analysis_out/rome-math-n50-falcon-7b-v1/plans/falcon-7b/cases0-49_r01/methods/rome/captures/rome-math-ablation.json,falcon-7b,falcon,development,cases0-49_r01,rome,49,complete,5,True,M1_raw,4,162.85658264160156,40.023460388183594,9,4,True,not_evaluated_uncalibrated,False
rome-math-n50-falcon-7b-v1,analysis_out/rome-math-n50-falcon-7b-v1/plans/falcon-7b/cases0-49_r01/methods/rome/captures/rome-math-ablation.json,falcon-7b,falcon,development,cases0-49_r01,rome,50,complete,5,True,M0,14,0.01350181270390749,0.00045943260192871094,5,5,True,not_evaluated_uncalibrated,False
rome-math-n50-falcon-7b-v1,analysis_out/rome-math-n50-falcon-7b-v1/plans/falcon-7b/cases0-49_r01/methods/rome/captures/rome-math-ablation.json,falcon-7b,falcon,development,cases0-49_r01,rome,50,complete,5,True,M1,4,0.006186959333717823,0.001173481810837984,5,5,True,not_evaluated_uncalibrated,False
rome-math-n50-falcon-7b-v1,analysis_out/rome-math-n50-falcon-7b-v1/plans/falcon-7b/cases0-49_r01/methods/rome/captures/rome-math-ablation.json,falcon-7b,falcon,development,cases0-49_r01,rome,50,complete,5,True,M2,13,3.690120763209534,0.5352644677288967,5,5,True,not_evaluated_uncalibrated,False
rome-math-n50-falcon-7b-v1,analysis_out/rome-math-n50-falcon-7b-v1/plans/falcon-7b/cases0-49_r01/methods/rome/captures/rome-math-ablation.json,falcon-7b,falcon,development,cases0-49_r01,rome,50,complete,5,True,M3,5,6.191695213317871,0.6166753768920898,5,5,True,not_evaluated_uncalibrated,False
rome-math-n50-falcon-7b-v1,analysis_out/rome-math-n50-falcon-7b-v1/plans/falcon-7b/cases0-49_r01/methods/rome/captures/rome-math-ablation.json,falcon-7b,falcon,development,cases0-49_r01,rome,50,complete,5,True,M0_raw,28,487.2957458496094,27.87860107421875,5,5,True,not_evaluated_uncalibrated,False
rome-math-n50-falcon-7b-v1,analysis_out/rome-math-n50-falcon-7b-v1/plans/falcon-7b/cases0-49_r01/methods/rome/captures/rome-math-ablation.json,falcon-7b,falcon,development,cases0-49_r01,rome,50,complete,5,True,M1_raw,4,162.8737335205078,29.3519287109375,5,5,True,not_evaluated_uncalibrated,False
rome-math-n50-falcon-7b-v1,analysis_out/rome-math-n50-falcon-7b-v1/plans/falcon-7b/cases0-49_r01/methods/rome/captures/rome-math-ablation.json,falcon-7b,falcon,development,cases0-49_r01,rome,52,complete,5,True,M0,14,0.01350181270390749,0.0004599308595061302,9,4,True,not_evaluated_uncalibrated,False
rome-math-n50-falcon-7b-v1,analysis_out/rome-math-n50-falcon-7b-v1/plans/falcon-7b/cases0-49_r01/methods/rome/captures/rome-math-ablation.json,falcon-7b,falcon,development,cases0-49_r01,rome,52,complete,5,True,M1,4,0.006186904851347208,0.0015841755084693432,9,4,True,not_evaluated_uncalibrated,False
rome-math-n50-falcon-7b-v1,analysis_out/rome-math-n50-falcon-7b-v1/plans/falcon-7b/cases0-49_r01/methods/rome/captures/rome-math-ablation.json,falcon-7b,falcon,development,cases0-49_r01,rome,52,complete,5,True,M2,13,3.690120763209534,0.5352644677288967,9,4,True,not_evaluated_uncalibrated,False
rome-math-n50-falcon-7b-v1,analysis_out/rome-math-n50-falcon-7b-v1/plans/falcon-7b/cases0-49_r01/methods/rome/captures/rome-math-ablation.json,falcon-7b,falcon,development,cases0-49_r01,rome,52,complete,5,True,M3,9,5.575019836425781,0.18970394134521484,9,4,True,not_evaluated_uncalibrated,False
rome-math-n50-falcon-7b-v1,analysis_out/rome-math-n50-falcon-7b-v1/plans/falcon-7b/cases0-49_r01/methods/rome/captures/rome-math-ablation.json,falcon-7b,falcon,development,cases0-49_r01,rome,52,complete,5,True,M0_raw,28,487.2957458496094,27.87860107421875,9,4,True,not_evaluated_uncalibrated,False
rome-math-n50-falcon-7b-v1,analysis_out/rome-math-n50-falcon-7b-v1/plans/falcon-7b/cases0-49_r01/methods/rome/captures/rome-math-ablation.json,falcon-7b,falcon,development,cases0-49_r01,rome,52,complete,5,True,M1_raw,4,162.885986328125,40.029319763183594,9,4,True,not_evaluated_uncalibrated,False
rome-math-n50-falcon-7b-v1,analysis_out/rome-math-n50-falcon-7b-v1/plans/falcon-7b/cases0-49_r01/methods/rome/captures/rome-math-ablation.json,falcon-7b,falcon,development,cases0-49_r01,rome,53,complete,5,True,M0,14,0.01350181270390749,0.00041801389306783676,5,5,True,not_evaluated_uncalibrated,True
rome-math-n50-falcon-7b-v1,analysis_out/rome-math-n50-falcon-7b-v1/plans/falcon-7b/cases0-49_r01/methods/rome/captures/rome-math-ablation.json,falcon-7b,falcon,development,cases0-49_r01,rome,53,complete,5,True,M1,4,0.006185934413224459,0.0010756412521004677,5,5,True,not_evaluated_uncalibrated,True
rome-math-n50-falcon-7b-v1,analysis_out/rome-math-n50-falcon-7b-v1/plans/falcon-7b/cases0-49_r01/methods/rome/captures/rome-math-ablation.json,falcon-7b,falcon,development,cases0-49_r01,rome,53,complete,5,True,M2,13,3.690120763209534,0.5352644677288967,5,5,True,not_evaluated_uncalibrated,True
rome-math-n50-falcon-7b-v1,analysis_out/rome-math-n50-falcon-7b-v1/plans/falcon-7b/cases0-49_r01/methods/rome/captures/rome-math-ablation.json,falcon-7b,falcon,development,cases0-49_r01,rome,53,complete,5,True,M3,5,11.95702838897705,6.3820085525512695,5,5,True,not_evaluated_uncalibrated,True
rome-math-n50-falcon-7b-v1,analysis_out/rome-math-n50-falcon-7b-v1/plans/falcon-7b/cases0-49_r01/methods/rome/captures/rome-math-ablation.json,falcon-7b,falcon,development,cases0-49_r01,rome,53,complete,5,True,M0_raw,28,487.2957458496094,27.87860107421875,5,5,True,not_evaluated_uncalibrated,True
rome-math-n50-falcon-7b-v1,analysis_out/rome-math-n50-falcon-7b-v1/plans/falcon-7b/cases0-49_r01/methods/rome/captures/rome-math-ablation.json,falcon-7b,falcon,development,cases0-49_r01,rome,53,complete,5,True,M1_raw,4,162.84434509277344,26.767379760742188,5,5,True,not_evaluated_uncalibrated,True
rome-math-n50-gpt-j-6b-v1,analysis_out/rome-math-n50-gpt-j-6b-v1/plans/gpt-j-6b/cases0-49_r01/methods/rome/captures/rome-math-ablation.json,gpt-j-6b,gpt-j,development,cases0-49_r01,rome,0,complete,5,True,M0,2,0.018704870715737343,0.005735929124057293,5,2,True,not_evaluated_uncalibrated,True
rome-math-n50-gpt-j-6b-v1,analysis_out/rome-math-n50-gpt-j-6b-v1/plans/gpt-j-6b/cases0-49_r01/methods/rome/captures/rome-math-ablation.json,gpt-j-6b,gpt-j,development,cases0-49_r01,rome,0,complete,5,True,M1,2,0.014584077522158623,0.009005188941955566,5,2,True,not_evaluated_uncalibrated,True
rome-math-n50-gpt-j-6b-v1,analysis_out/rome-math-n50-gpt-j-6b-v1/plans/gpt-j-6b/cases0-49_r01/methods/rome/captures/rome-math-ablation.json,gpt-j-6b,gpt-j,development,cases0-49_r01,rome,0,complete,5,True,M2,5,3.891661885252507,1.283022562013222,5,2,True,not_evaluated_uncalibrated,True
rome-math-n50-gpt-j-6b-v1,analysis_out/rome-math-n50-gpt-j-6b-v1/plans/gpt-j-6b/cases0-49_r01/methods/rome/captures/rome-math-ablation.json,gpt-j-6b,gpt-j,development,cases0-49_r01,rome,0,complete,5,True,M3,5,12.256909370422363,8.49809980392456,5,2,True,not_evaluated_uncalibrated,True
rome-math-n50-gpt-j-6b-v1,analysis_out/rome-math-n50-gpt-j-6b-v1/plans/gpt-j-6b/cases0-49_r01/methods/rome/captures/rome-math-ablation.json,gpt-j-6b,gpt-j,development,cases0-49_r01,rome,0,complete,5,True,M0_raw,25,262.99041748046875,19.017196655273438,5,2,True,not_evaluated_uncalibrated,True
rome-math-n50-gpt-j-6b-v1,analysis_out/rome-math-n50-gpt-j-6b-v1/plans/gpt-j-6b/cases0-49_r01/methods/rome/captures/rome-math-ablation.json,gpt-j-6b,gpt-j,development,cases0-49_r01,rome,0,complete,5,True,M1_raw,2,160.15736389160156,51.189292907714844,5,2,True,not_evaluated_uncalibrated,True
rome-math-n50-gpt-j-6b-v1,analysis_out/rome-math-n50-gpt-j-6b-v1/plans/gpt-j-6b/cases0-49_r01/methods/rome/captures/rome-math-ablation.json,gpt-j-6b,gpt-j,development,cases0-49_r01,rome,1,complete,5,True,M0,2,0.018704870715737343,0.005735929124057293,5,2,True,not_evaluated_uncalibrated,True
rome-math-n50-gpt-j-6b-v1,analysis_out/rome-math-n50-gpt-j-6b-v1/plans/gpt-j-6b/cases0-49_r01/methods/rome/captures/rome-math-ablation.json,gpt-j-6b,gpt-j,development,cases0-49_r01,rome,1,complete,5,True,M1,2,0.014584077522158623,0.009005188941955566,5,2,True,not_evaluated_uncalibrated,True
rome-math-n50-gpt-j-6b-v1,analysis_out/rome-math-n50-gpt-j-6b-v1/plans/gpt-j-6b/cases0-49_r01/methods/rome/captures/rome-math-ablation.json,gpt-j-6b,gpt-j,development,cases0-49_r01,rome,1,complete,5,True,M2,5,3.860999645919103,1.2523603226798183,5,2,True,not_evaluated_uncalibrated,True
rome-math-n50-gpt-j-6b-v1,analysis_out/rome-math-n50-gpt-j-6b-v1/plans/gpt-j-6b/cases0-49_r01/methods/rome/captures/rome-math-ablation.json,gpt-j-6b,gpt-j,development,cases0-49_r01,rome,1,complete,5,True,M3,5,13.252995491027832,9.49418592453003,5,2,True,not_evaluated_uncalibrated,True
rome-math-n50-gpt-j-6b-v1,analysis_out/rome-math-n50-gpt-j-6b-v1/plans/gpt-j-6b/cases0-49_r01/methods/rome/captures/rome-math-ablation.json,gpt-j-6b,gpt-j,development,cases0-49_r01,rome,1,complete,5,True,M0_raw,25,262.99041748046875,19.017196655273438,5,2,True,not_evaluated_uncalibrated,True
rome-math-n50-gpt-j-6b-v1,analysis_out/rome-math-n50-gpt-j-6b-v1/plans/gpt-j-6b/cases0-49_r01/methods/rome/captures/rome-math-ablation.json,gpt-j-6b,gpt-j,development,cases0-49_r01,rome,1,complete,5,True,M1_raw,2,160.15736389160156,51.189292907714844,5,2,True,not_evaluated_uncalibrated,True
rome-math-n50-gpt-j-6b-v1,analysis_out/rome-math-n50-gpt-j-6b-v1/plans/gpt-j-6b/cases0-49_r01/methods/rome/captures/rome-math-ablation.json,gpt-j-6b,gpt-j,development,cases0-49_r01,rome,2,complete,5,True,M0,2,0.018704870715737343,0.005735929124057293,5,2,True,not_evaluated_uncalibrated,True
rome-math-n50-gpt-j-6b-v1,analysis_out/rome-math-n50-gpt-j-6b-v1/plans/gpt-j-6b/cases0-49_r01/methods/rome/captures/rome-math-ablation.json,gpt-j-6b,gpt-j,development,cases0-49_r01,rome,2,complete,5,True,M1,2,0.014584077522158623,0.009005188941955566,5,2,True,not_evaluated_uncalibrated,True
rome-math-n50-gpt-j-6b-v1,analysis_out/rome-math-n50-gpt-j-6b-v1/plans/gpt-j-6b/cases0-49_r01/methods/rome/captures/rome-math-ablation.json,gpt-j-6b,gpt-j,development,cases0-49_r01,rome,2,complete,5,True,M2,5,3.540567885153805,0.9319285619145203,5,2,True,not_evaluated_uncalibrated,True
rome-math-n50-gpt-j-6b-v1,analysis_out/rome-math-n50-gpt-j-6b-v1/plans/gpt-j-6b/cases0-49_r01/methods/rome/captures/rome-math-ablation.json,gpt-j-6b,gpt-j,development,cases0-49_r01,rome,2,complete,5,True,M3,5,9.983870506286621,6.225060939788818,5,2,True,not_evaluated_uncalibrated,True
rome-math-n50-gpt-j-6b-v1,analysis_out/rome-math-n50-gpt-j-6b-v1/plans/gpt-j-6b/cases0-49_r01/methods/rome/captures/rome-math-ablation.json,gpt-j-6b,gpt-j,development,cases0-49_r01,rome,2,complete,5,True,M0_raw,25,262.99041748046875,19.017196655273438,5,2,True,not_evaluated_uncalibrated,True
rome-math-n50-gpt-j-6b-v1,analysis_out/rome-math-n50-gpt-j-6b-v1/plans/gpt-j-6b/cases0-49_r01/methods/rome/captures/rome-math-ablation.json,gpt-j-6b,gpt-j,development,cases0-49_r01,rome,2,complete,5,True,M1_raw,2,160.15736389160156,51.189292907714844,5,2,True,not_evaluated_uncalibrated,True
rome-math-n50-gpt-j-6b-v1,analysis_out/rome-math-n50-gpt-j-6b-v1/plans/gpt-j-6b/cases0-49_r01/methods/rome/captures/rome-math-ablation.json,gpt-j-6b,gpt-j,development,cases0-49_r01,rome,3,complete,5,True,M0,2,0.018704870715737343,0.005735929124057293,5,2,True,not_evaluated_uncalibrated,True
rome-math-n50-gpt-j-6b-v1,analysis_out/rome-math-n50-gpt-j-6b-v1/plans/gpt-j-6b/cases0-49_r01/methods/rome/captures/rome-math-ablation.json,gpt-j-6b,gpt-j,development,cases0-49_r01,rome,3,complete,5,True,M1,2,0.014584077522158623,0.009005188941955566,5,2,True,not_evaluated_uncalibrated,True
rome-math-n50-gpt-j-6b-v1,analysis_out/rome-math-n50-gpt-j-6b-v1/plans/gpt-j-6b/cases0-49_r01/methods/rome/captures/rome-math-ablation.json,gpt-j-6b,gpt-j,development,cases0-49_r01,rome,3,complete,5,True,M2,5,3.692871504713173,1.084232181473888,5,2,True,not_evaluated_uncalibrated,True
rome-math-n50-gpt-j-6b-v1,analysis_out/rome-math-n50-gpt-j-6b-v1/plans/gpt-j-6b/cases0-49_r01/methods/rome/captures/rome-math-ablation.json,gpt-j-6b,gpt-j,development,cases0-49_r01,rome,3,complete,5,True,M3,5,12.496325492858887,8.737515926361084,5,2,True,not_evaluated_uncalibrated,True
rome-math-n50-gpt-j-6b-v1,analysis_out/rome-math-n50-gpt-j-6b-v1/plans/gpt-j-6b/cases0-49_r01/methods/rome/captures/rome-math-ablation.json,gpt-j-6b,gpt-j,development,cases0-49_r01,rome,3,complete,5,True,M0_raw,25,262.99041748046875,19.017196655273438,5,2,True,not_evaluated_uncalibrated,True
rome-math-n50-gpt-j-6b-v1,analysis_out/rome-math-n50-gpt-j-6b-v1/plans/gpt-j-6b/cases0-49_r01/methods/rome/captures/rome-math-ablation.json,gpt-j-6b,gpt-j,development,cases0-49_r01,rome,3,complete,5,True,M1_raw,2,160.15736389160156,51.189292907714844,5,2,True,not_evaluated_uncalibrated,True
rome-math-n50-gpt-j-6b-v1,analysis_out/rome-math-n50-gpt-j-6b-v1/plans/gpt-j-6b/cases0-49_r01/methods/rome/captures/rome-math-ablation.json,gpt-j-6b,gpt-j,development,cases0-49_r01,rome,4,complete,5,False,M0,2,0.018704870715737343,0.005735929124057293,5,2,True,not_evaluated_uncalibrated,True
rome-math-n50-gpt-j-6b-v1,analysis_out/rome-math-n50-gpt-j-6b-v1/plans/gpt-j-6b/cases0-49_r01/methods/rome/captures/rome-math-ablation.json,gpt-j-6b,gpt-j,development,cases0-49_r01,rome,4,complete,5,False,M1,2,0.014584077522158623,0.009005188941955566,5,2,True,not_evaluated_uncalibrated,True
rome-math-n50-gpt-j-6b-v1,analysis_out/rome-math-n50-gpt-j-6b-v1/plans/gpt-j-6b/cases0-49_r01/methods/rome/captures/rome-math-ablation.json,gpt-j-6b,gpt-j,development,cases0-49_r01,rome,4,complete,5,False,M2,5,3.5212517175787754,0.9126123943394906,5,2,True,not_evaluated_uncalibrated,True
rome-math-n50-gpt-j-6b-v1,analysis_out/rome-math-n50-gpt-j-6b-v1/plans/gpt-j-6b/cases0-49_r01/methods/rome/captures/rome-math-ablation.json,gpt-j-6b,gpt-j,development,cases0-49_r01,rome,4,complete,5,False,M3,5,12.37143611907959,8.612626552581787,5,2,True,not_evaluated_uncalibrated,True
rome-math-n50-gpt-j-6b-v1,analysis_out/rome-math-n50-gpt-j-6b-v1/plans/gpt-j-6b/cases0-49_r01/methods/rome/captures/rome-math-ablation.json,gpt-j-6b,gpt-j,development,cases0-49_r01,rome,4,complete,5,False,M0_raw,25,262.99041748046875,19.017196655273438,5,2,True,not_evaluated_uncalibrated,True
rome-math-n50-gpt-j-6b-v1,analysis_out/rome-math-n50-gpt-j-6b-v1/plans/gpt-j-6b/cases0-49_r01/methods/rome/captures/rome-math-ablation.json,gpt-j-6b,gpt-j,development,cases0-49_r01,rome,4,complete,5,False,M1_raw,2,160.15736389160156,51.189292907714844,5,2,True,not_evaluated_uncalibrated,True
rome-math-n50-gpt-j-6b-v1,analysis_out/rome-math-n50-gpt-j-6b-v1/plans/gpt-j-6b/cases0-49_r01/methods/rome/captures/rome-math-ablation.json,gpt-j-6b,gpt-j,development,cases0-49_r01,rome,5,complete,5,True,M0,2,0.018704870715737343,0.005735929124057293,5,2,True,not_evaluated_uncalibrated,True
rome-math-n50-gpt-j-6b-v1,analysis_out/rome-math-n50-gpt-j-6b-v1/plans/gpt-j-6b/cases0-49_r01/methods/rome/captures/rome-math-ablation.json,gpt-j-6b,gpt-j,development,cases0-49_r01,rome,5,complete,5,True,M1,2,0.014584077522158623,0.009005188941955566,5,2,True,not_evaluated_uncalibrated,True
rome-math-n50-gpt-j-6b-v1,analysis_out/rome-math-n50-gpt-j-6b-v1/plans/gpt-j-6b/cases0-49_r01/methods/rome/captures/rome-math-ablation.json,gpt-j-6b,gpt-j,development,cases0-49_r01,rome,5,complete,5,True,M2,5,3.050220201948087,0.44158087870880225,5,2,True,not_evaluated_uncalibrated,True
rome-math-n50-gpt-j-6b-v1,analysis_out/rome-math-n50-gpt-j-6b-v1/plans/gpt-j-6b/cases0-49_r01/methods/rome/captures/rome-math-ablation.json,gpt-j-6b,gpt-j,development,cases0-49_r01,rome,5,complete,5,True,M3,5,9.161253929138184,5.402444362640381,5,2,True,not_evaluated_uncalibrated,True
rome-math-n50-gpt-j-6b-v1,analysis_out/rome-math-n50-gpt-j-6b-v1/plans/gpt-j-6b/cases0-49_r01/methods/rome/captures/rome-math-ablation.json,gpt-j-6b,gpt-j,development,cases0-49_r01,rome,5,complete,5,True,M0_raw,25,262.99041748046875,19.017196655273438,5,2,True,not_evaluated_uncalibrated,True
rome-math-n50-gpt-j-6b-v1,analysis_out/rome-math-n50-gpt-j-6b-v1/plans/gpt-j-6b/cases0-49_r01/methods/rome/captures/rome-math-ablation.json,gpt-j-6b,gpt-j,development,cases0-49_r01,rome,5,complete,5,True,M1_raw,2,160.15736389160156,51.189292907714844,5,2,True,not_evaluated_uncalibrated,True
rome-math-n50-gpt-j-6b-v1,analysis_out/rome-math-n50-gpt-j-6b-v1/plans/gpt-j-6b/cases0-49_r01/methods/rome/captures/rome-math-ablation.json,gpt-j-6b,gpt-j,development,cases0-49_r01,rome,6,complete,5,True,M0,2,0.018704870715737343,0.005735929124057293,5,2,True,not_evaluated_uncalibrated,False
rome-math-n50-gpt-j-6b-v1,analysis_out/rome-math-n50-gpt-j-6b-v1/plans/gpt-j-6b/cases0-49_r01/methods/rome/captures/rome-math-ablation.json,gpt-j-6b,gpt-j,development,cases0-49_r01,rome,6,complete,5,True,M1,2,0.014584077522158623,0.009005188941955566,5,2,True,not_evaluated_uncalibrated,False
rome-math-n50-gpt-j-6b-v1,analysis_out/rome-math-n50-gpt-j-6b-v1/plans/gpt-j-6b/cases0-49_r01/methods/rome/captures/rome-math-ablation.json,gpt-j-6b,gpt-j,development,cases0-49_r01,rome,6,complete,5,True,M2,5,2.849706628564356,0.24106730532507115,5,2,True,not_evaluated_uncalibrated,False
rome-math-n50-gpt-j-6b-v1,analysis_out/rome-math-n50-gpt-j-6b-v1/plans/gpt-j-6b/cases0-49_r01/methods/rome/captures/rome-math-ablation.json,gpt-j-6b,gpt-j,development,cases0-49_r01,rome,6,complete,5,True,M3,5,6.623167037963867,2.8643574714660645,5,2,True,not_evaluated_uncalibrated,False
rome-math-n50-gpt-j-6b-v1,analysis_out/rome-math-n50-gpt-j-6b-v1/plans/gpt-j-6b/cases0-49_r01/methods/rome/captures/rome-math-ablation.json,gpt-j-6b,gpt-j,development,cases0-49_r01,rome,6,complete,5,True,M0_raw,25,262.99041748046875,19.017196655273438,5,2,True,not_evaluated_uncalibrated,False
rome-math-n50-gpt-j-6b-v1,analysis_out/rome-math-n50-gpt-j-6b-v1/plans/gpt-j-6b/cases0-49_r01/methods/rome/captures/rome-math-ablation.json,gpt-j-6b,gpt-j,development,cases0-49_r01,rome,6,complete,5,True,M1_raw,2,160.15736389160156,51.189292907714844,5,2,True,not_evaluated_uncalibrated,False
rome-math-n50-gpt-j-6b-v1,analysis_out/rome-math-n50-gpt-j-6b-v1/plans/gpt-j-6b/cases0-49_r01/methods/rome/captures/rome-math-ablation.json,gpt-j-6b,gpt-j,development,cases0-49_r01,rome,7,complete,5,True,M0,2,0.018704870715737343,0.005735929124057293,5,2,True,not_evaluated_uncalibrated,True
rome-math-n50-gpt-j-6b-v1,analysis_out/rome-math-n50-gpt-j-6b-v1/plans/gpt-j-6b/cases0-49_r01/methods/rome/captures/rome-math-ablation.json,gpt-j-6b,gpt-j,development,cases0-49_r01,rome,7,complete,5,True,M1,2,0.014584077522158623,0.009005188941955566,5,2,True,not_evaluated_uncalibrated,True
rome-math-n50-gpt-j-6b-v1,analysis_out/rome-math-n50-gpt-j-6b-v1/plans/gpt-j-6b/cases0-49_r01/methods/rome/captures/rome-math-ablation.json,gpt-j-6b,gpt-j,development,cases0-49_r01,rome,7,complete,5,True,M2,5,3.145063414370592,0.5364240911313072,5,2,True,not_evaluated_uncalibrated,True
rome-math-n50-gpt-j-6b-v1,analysis_out/rome-math-n50-gpt-j-6b-v1/plans/gpt-j-6b/cases0-49_r01/methods/rome/captures/rome-math-ablation.json,gpt-j-6b,gpt-j,development,cases0-49_r01,rome,7,complete,5,True,M3,5,8.597180366516113,4.8383708000183105,5,2,True,not_evaluated_uncalibrated,True
rome-math-n50-gpt-j-6b-v1,analysis_out/rome-math-n50-gpt-j-6b-v1/plans/gpt-j-6b/cases0-49_r01/methods/rome/captures/rome-math-ablation.json,gpt-j-6b,gpt-j,development,cases0-49_r01,rome,7,complete,5,True,M0_raw,25,262.99041748046875,19.017196655273438,5,2,True,not_evaluated_uncalibrated,True
rome-math-n50-gpt-j-6b-v1,analysis_out/rome-math-n50-gpt-j-6b-v1/plans/gpt-j-6b/cases0-49_r01/methods/rome/captures/rome-math-ablation.json,gpt-j-6b,gpt-j,development,cases0-49_r01,rome,7,complete,5,True,M1_raw,2,160.15736389160156,51.189292907714844,5,2,True,not_evaluated_uncalibrated,True
rome-math-n50-gpt-j-6b-v1,analysis_out/rome-math-n50-gpt-j-6b-v1/plans/gpt-j-6b/cases0-49_r01/methods/rome/captures/rome-math-ablation.json,gpt-j-6b,gpt-j,development,cases0-49_r01,rome,8,complete,5,True,M0,2,0.018704870715737343,0.005735929124057293,5,2,True,not_evaluated_uncalibrated,True
rome-math-n50-gpt-j-6b-v1,analysis_out/rome-math-n50-gpt-j-6b-v1/plans/gpt-j-6b/cases0-49_r01/methods/rome/captures/rome-math-ablation.json,gpt-j-6b,gpt-j,development,cases0-49_r01,rome,8,complete,5,True,M1,2,0.014584077522158623,0.009005188941955566,5,2,True,not_evaluated_uncalibrated,True
rome-math-n50-gpt-j-6b-v1,analysis_out/rome-math-n50-gpt-j-6b-v1/plans/gpt-j-6b/cases0-49_r01/methods/rome/captures/rome-math-ablation.json,gpt-j-6b,gpt-j,development,cases0-49_r01,rome,8,complete,5,True,M2,5,3.0423273773357766,0.4336880540964918,5,2,True,not_evaluated_uncalibrated,True
rome-math-n50-gpt-j-6b-v1,analysis_out/rome-math-n50-gpt-j-6b-v1/plans/gpt-j-6b/cases0-49_r01/methods/rome/captures/rome-math-ablation.json,gpt-j-6b,gpt-j,development,cases0-49_r01,rome,8,complete,5,True,M3,5,9.619736671447754,5.860927104949951,5,2,True,not_evaluated_uncalibrated,True
rome-math-n50-gpt-j-6b-v1,analysis_out/rome-math-n50-gpt-j-6b-v1/plans/gpt-j-6b/cases0-49_r01/methods/rome/captures/rome-math-ablation.json,gpt-j-6b,gpt-j,development,cases0-49_r01,rome,8,complete,5,True,M0_raw,25,262.99041748046875,19.017196655273438,5,2,True,not_evaluated_uncalibrated,True
rome-math-n50-gpt-j-6b-v1,analysis_out/rome-math-n50-gpt-j-6b-v1/plans/gpt-j-6b/cases0-49_r01/methods/rome/captures/rome-math-ablation.json,gpt-j-6b,gpt-j,development,cases0-49_r01,rome,8,complete,5,True,M1_raw,2,160.15736389160156,51.189292907714844,5,2,True,not_evaluated_uncalibrated,True
rome-math-n50-gpt-j-6b-v1,analysis_out/rome-math-n50-gpt-j-6b-v1/plans/gpt-j-6b/cases0-49_r01/methods/rome/captures/rome-math-ablation.json,gpt-j-6b,gpt-j,development,cases0-49_r01,rome,9,complete,5,True,M0,2,0.018704870715737343,0.005735929124057293,5,2,True,not_evaluated_uncalibrated,False
rome-math-n50-gpt-j-6b-v1,analysis_out/rome-math-n50-gpt-j-6b-v1/plans/gpt-j-6b/cases0-49_r01/methods/rome/captures/rome-math-ablation.json,gpt-j-6b,gpt-j,development,cases0-49_r01,rome,9,complete,5,True,M1,2,0.014584077522158623,0.009005188941955566,5,2,True,not_evaluated_uncalibrated,False
rome-math-n50-gpt-j-6b-v1,analysis_out/rome-math-n50-gpt-j-6b-v1/plans/gpt-j-6b/cases0-49_r01/methods/rome/captures/rome-math-ablation.json,gpt-j-6b,gpt-j,development,cases0-49_r01,rome,9,complete,5,True,M2,5,2.7822622098699794,0.17362288663069458,5,2,True,not_evaluated_uncalibrated,False
rome-math-n50-gpt-j-6b-v1,analysis_out/rome-math-n50-gpt-j-6b-v1/plans/gpt-j-6b/cases0-49_r01/methods/rome/captures/rome-math-ablation.json,gpt-j-6b,gpt-j,development,cases0-49_r01,rome,9,complete,5,True,M3,5,5.301787853240967,1.542978286743164,5,2,True,not_evaluated_uncalibrated,False
rome-math-n50-gpt-j-6b-v1,analysis_out/rome-math-n50-gpt-j-6b-v1/plans/gpt-j-6b/cases0-49_r01/methods/rome/captures/rome-math-ablation.json,gpt-j-6b,gpt-j,development,cases0-49_r01,rome,9,complete,5,True,M0_raw,25,262.99041748046875,19.017196655273438,5,2,True,not_evaluated_uncalibrated,False
rome-math-n50-gpt-j-6b-v1,analysis_out/rome-math-n50-gpt-j-6b-v1/plans/gpt-j-6b/cases0-49_r01/methods/rome/captures/rome-math-ablation.json,gpt-j-6b,gpt-j,development,cases0-49_r01,rome,9,complete,5,True,M1_raw,2,160.15736389160156,51.189292907714844,5,2,True,not_evaluated_uncalibrated,False
rome-math-n50-gpt-j-6b-v1,analysis_out/rome-math-n50-gpt-j-6b-v1/plans/gpt-j-6b/cases0-49_r01/methods/rome/captures/rome-math-ablation.json,gpt-j-6b,gpt-j,development,cases0-49_r01,rome,10,complete,5,True,M0,2,0.018704870715737343,0.005717071704566479,5,5,True,not_evaluated_uncalibrated,True
rome-math-n50-gpt-j-6b-v1,analysis_out/rome-math-n50-gpt-j-6b-v1/plans/gpt-j-6b/cases0-49_r01/methods/rome/captures/rome-math-ablation.json,gpt-j-6b,gpt-j,development,cases0-49_r01,rome,10,complete,5,True,M1,2,0.014584077522158623,0.00878533162176609,5,5,True,not_evaluated_uncalibrated,True
rome-math-n50-gpt-j-6b-v1,analysis_out/rome-math-n50-gpt-j-6b-v1/plans/gpt-j-6b/cases0-49_r01/methods/rome/captures/rome-math-ablation.json,gpt-j-6b,gpt-j,development,cases0-49_r01,rome,10,complete,5,True,M2,5,5.030003180934589,2.421363857695304,5,5,True,not_evaluated_uncalibrated,True
rome-math-n50-gpt-j-6b-v1,analysis_out/rome-math-n50-gpt-j-6b-v1/plans/gpt-j-6b/cases0-49_r01/methods/rome/captures/rome-math-ablation.json,gpt-j-6b,gpt-j,development,cases0-49_r01,rome,10,complete,5,True,M3,5,16.065834045410156,12.307024478912354,5,5,True,not_evaluated_uncalibrated,True
rome-math-n50-gpt-j-6b-v1,analysis_out/rome-math-n50-gpt-j-6b-v1/plans/gpt-j-6b/cases0-49_r01/methods/rome/captures/rome-math-ablation.json,gpt-j-6b,gpt-j,development,cases0-49_r01,rome,10,complete,5,True,M0_raw,25,262.99041748046875,19.017196655273438,5,5,True,not_evaluated_uncalibrated,True
rome-math-n50-gpt-j-6b-v1,analysis_out/rome-math-n50-gpt-j-6b-v1/plans/gpt-j-6b/cases0-49_r01/methods/rome/captures/rome-math-ablation.json,gpt-j-6b,gpt-j,development,cases0-49_r01,rome,10,complete,5,True,M1_raw,2,160.15736389160156,51.189292907714844,5,5,True,not_evaluated_uncalibrated,True
rome-math-n50-gpt-j-6b-v1,analysis_out/rome-math-n50-gpt-j-6b-v1/plans/gpt-j-6b/cases0-49_r01/methods/rome/captures/rome-math-ablation.json,gpt-j-6b,gpt-j,development,cases0-49_r01,rome,11,complete,5,True,M0,2,0.018704870715737343,0.005735929124057293,5,2,True,not_evaluated_uncalibrated,False
rome-math-n50-gpt-j-6b-v1,analysis_out/rome-math-n50-gpt-j-6b-v1/plans/gpt-j-6b/cases0-49_r01/methods/rome/captures/rome-math-ablation.json,gpt-j-6b,gpt-j,development,cases0-49_r01,rome,11,complete,5,True,M1,2,0.014584077522158623,0.009005188941955566,5,2,True,not_evaluated_uncalibrated,False
rome-math-n50-gpt-j-6b-v1,analysis_out/rome-math-n50-gpt-j-6b-v1/plans/gpt-j-6b/cases0-49_r01/methods/rome/captures/rome-math-ablation.json,gpt-j-6b,gpt-j,development,cases0-49_r01,rome,11,complete,5,True,M2,5,2.7585919962208516,0.14995267298156678,5,2,True,not_evaluated_uncalibrated,False
rome-math-n50-gpt-j-6b-v1,analysis_out/rome-math-n50-gpt-j-6b-v1/plans/gpt-j-6b/cases0-49_r01/methods/rome/captures/rome-math-ablation.json,gpt-j-6b,gpt-j,development,cases0-49_r01,rome,11,complete,5,True,M3,5,5.832550048828125,2.0737404823303223,5,2,True,not_evaluated_uncalibrated,False
rome-math-n50-gpt-j-6b-v1,analysis_out/rome-math-n50-gpt-j-6b-v1/plans/gpt-j-6b/cases0-49_r01/methods/rome/captures/rome-math-ablation.json,gpt-j-6b,gpt-j,development,cases0-49_r01,rome,11,complete,5,True,M0_raw,25,262.99041748046875,19.017196655273438,5,2,True,not_evaluated_uncalibrated,False
rome-math-n50-gpt-j-6b-v1,analysis_out/rome-math-n50-gpt-j-6b-v1/plans/gpt-j-6b/cases0-49_r01/methods/rome/captures/rome-math-ablation.json,gpt-j-6b,gpt-j,development,cases0-49_r01,rome,11,complete,5,True,M1_raw,2,160.15736389160156,51.189292907714844,5,2,True,not_evaluated_uncalibrated,False
rome-math-n50-gpt-j-6b-v1,analysis_out/rome-math-n50-gpt-j-6b-v1/plans/gpt-j-6b/cases0-49_r01/methods/rome/captures/rome-math-ablation.json,gpt-j-6b,gpt-j,development,cases0-49_r01,rome,12,complete,5,True,M0,2,0.018704870715737343,0.005735929124057293,5,2,True,not_evaluated_uncalibrated,True
rome-math-n50-gpt-j-6b-v1,analysis_out/rome-math-n50-gpt-j-6b-v1/plans/gpt-j-6b/cases0-49_r01/methods/rome/captures/rome-math-ablation.json,gpt-j-6b,gpt-j,development,cases0-49_r01,rome,12,complete,5,True,M1,2,0.014584077522158623,0.009005188941955566,5,2,True,not_evaluated_uncalibrated,True
rome-math-n50-gpt-j-6b-v1,analysis_out/rome-math-n50-gpt-j-6b-v1/plans/gpt-j-6b/cases0-49_r01/methods/rome/captures/rome-math-ablation.json,gpt-j-6b,gpt-j,development,cases0-49_r01,rome,12,complete,5,True,M2,5,2.9622209502582812,0.3535816270189964,5,2,True,not_evaluated_uncalibrated,True
rome-math-n50-gpt-j-6b-v1,analysis_out/rome-math-n50-gpt-j-6b-v1/plans/gpt-j-6b/cases0-49_r01/methods/rome/captures/rome-math-ablation.json,gpt-j-6b,gpt-j,development,cases0-49_r01,rome,12,complete,5,True,M3,5,7.752622127532959,3.9938125610351562,5,2,True,not_evaluated_uncalibrated,True
rome-math-n50-gpt-j-6b-v1,analysis_out/rome-math-n50-gpt-j-6b-v1/plans/gpt-j-6b/cases0-49_r01/methods/rome/captures/rome-math-ablation.json,gpt-j-6b,gpt-j,development,cases0-49_r01,rome,12,complete,5,True,M0_raw,25,262.99041748046875,19.017196655273438,5,2,True,not_evaluated_uncalibrated,True
rome-math-n50-gpt-j-6b-v1,analysis_out/rome-math-n50-gpt-j-6b-v1/plans/gpt-j-6b/cases0-49_r01/methods/rome/captures/rome-math-ablation.json,gpt-j-6b,gpt-j,development,cases0-49_r01,rome,12,complete,5,True,M1_raw,2,160.15736389160156,51.189292907714844,5,2,True,not_evaluated_uncalibrated,True
rome-math-n50-gpt-j-6b-v1,analysis_out/rome-math-n50-gpt-j-6b-v1/plans/gpt-j-6b/cases0-49_r01/methods/rome/captures/rome-math-ablation.json,gpt-j-6b,gpt-j,development,cases0-49_r01,rome,14,complete,5,True,M0,2,0.018704870715737343,0.005735929124057293,5,2,True,not_evaluated_uncalibrated,True
rome-math-n50-gpt-j-6b-v1,analysis_out/rome-math-n50-gpt-j-6b-v1/plans/gpt-j-6b/cases0-49_r01/methods/rome/captures/rome-math-ablation.json,gpt-j-6b,gpt-j,development,cases0-49_r01,rome,14,complete,5,True,M1,2,0.014584077522158623,0.009005188941955566,5,2,True,not_evaluated_uncalibrated,True
rome-math-n50-gpt-j-6b-v1,analysis_out/rome-math-n50-gpt-j-6b-v1/plans/gpt-j-6b/cases0-49_r01/methods/rome/captures/rome-math-ablation.json,gpt-j-6b,gpt-j,development,cases0-49_r01,rome,14,complete,5,True,M2,5,3.0632877430164944,0.4546484197772096,5,2,True,not_evaluated_uncalibrated,True
rome-math-n50-gpt-j-6b-v1,analysis_out/rome-math-n50-gpt-j-6b-v1/plans/gpt-j-6b/cases0-49_r01/methods/rome/captures/rome-math-ablation.json,gpt-j-6b,gpt-j,development,cases0-49_r01,rome,14,complete,5,True,M3,5,9.573626518249512,5.814816951751709,5,2,True,not_evaluated_uncalibrated,True
rome-math-n50-gpt-j-6b-v1,analysis_out/rome-math-n50-gpt-j-6b-v1/plans/gpt-j-6b/cases0-49_r01/methods/rome/captures/rome-math-ablation.json,gpt-j-6b,gpt-j,development,cases0-49_r01,rome,14,complete,5,True,M0_raw,25,262.99041748046875,19.017196655273438,5,2,True,not_evaluated_uncalibrated,True
rome-math-n50-gpt-j-6b-v1,analysis_out/rome-math-n50-gpt-j-6b-v1/plans/gpt-j-6b/cases0-49_r01/methods/rome/captures/rome-math-ablation.json,gpt-j-6b,gpt-j,development,cases0-49_r01,rome,14,complete,5,True,M1_raw,2,160.15736389160156,51.189292907714844,5,2,True,not_evaluated_uncalibrated,True
rome-math-n50-gpt-j-6b-v1,analysis_out/rome-math-n50-gpt-j-6b-v1/plans/gpt-j-6b/cases0-49_r01/methods/rome/captures/rome-math-ablation.json,gpt-j-6b,gpt-j,development,cases0-49_r01,rome,15,complete,5,True,M0,2,0.018704870715737343,0.005735929124057293,5,2,True,not_evaluated_uncalibrated,True
rome-math-n50-gpt-j-6b-v1,analysis_out/rome-math-n50-gpt-j-6b-v1/plans/gpt-j-6b/cases0-49_r01/methods/rome/captures/rome-math-ablation.json,gpt-j-6b,gpt-j,development,cases0-49_r01,rome,15,complete,5,True,M1,2,0.014584077522158623,0.009005188941955566,5,2,True,not_evaluated_uncalibrated,True
rome-math-n50-gpt-j-6b-v1,analysis_out/rome-math-n50-gpt-j-6b-v1/plans/gpt-j-6b/cases0-49_r01/methods/rome/captures/rome-math-ablation.json,gpt-j-6b,gpt-j,development,cases0-49_r01,rome,15,complete,5,True,M2,5,4.3991743863846375,1.7905350631453527,5,2,True,not_evaluated_uncalibrated,True
rome-math-n50-gpt-j-6b-v1,analysis_out/rome-math-n50-gpt-j-6b-v1/plans/gpt-j-6b/cases0-49_r01/methods/rome/captures/rome-math-ablation.json,gpt-j-6b,gpt-j,development,cases0-49_r01,rome,15,complete,5,True,M3,5,13.543560981750488,9.784751415252686,5,2,True,not_evaluated_uncalibrated,True
rome-math-n50-gpt-j-6b-v1,analysis_out/rome-math-n50-gpt-j-6b-v1/plans/gpt-j-6b/cases0-49_r01/methods/rome/captures/rome-math-ablation.json,gpt-j-6b,gpt-j,development,cases0-49_r01,rome,15,complete,5,True,M0_raw,25,262.99041748046875,19.017196655273438,5,2,True,not_evaluated_uncalibrated,True
rome-math-n50-gpt-j-6b-v1,analysis_out/rome-math-n50-gpt-j-6b-v1/plans/gpt-j-6b/cases0-49_r01/methods/rome/captures/rome-math-ablation.json,gpt-j-6b,gpt-j,development,cases0-49_r01,rome,15,complete,5,True,M1_raw,2,160.15736389160156,51.189292907714844,5,2,True,not_evaluated_uncalibrated,True
rome-math-n50-gpt-j-6b-v1,analysis_out/rome-math-n50-gpt-j-6b-v1/plans/gpt-j-6b/cases0-49_r01/methods/rome/captures/rome-math-ablation.json,gpt-j-6b,gpt-j,development,cases0-49_r01,rome,16,complete,5,True,M0,2,0.018704870715737343,0.005415390245616436,5,5,True,not_evaluated_uncalibrated,True
rome-math-n50-gpt-j-6b-v1,analysis_out/rome-math-n50-gpt-j-6b-v1/plans/gpt-j-6b/cases0-49_r01/methods/rome/captures/rome-math-ablation.json,gpt-j-6b,gpt-j,development,cases0-49_r01,rome,16,complete,5,True,M1,2,0.014584077522158623,0.008129062131047249,5,5,True,not_evaluated_uncalibrated,True
rome-math-n50-gpt-j-6b-v1,analysis_out/rome-math-n50-gpt-j-6b-v1/plans/gpt-j-6b/cases0-49_r01/methods/rome/captures/rome-math-ablation.json,gpt-j-6b,gpt-j,development,cases0-49_r01,rome,16,complete,5,True,M2,5,5.7114131822545,3.102773859015215,5,5,True,not_evaluated_uncalibrated,True
rome-math-n50-gpt-j-6b-v1,analysis_out/rome-math-n50-gpt-j-6b-v1/plans/gpt-j-6b/cases0-49_r01/methods/rome/captures/rome-math-ablation.json,gpt-j-6b,gpt-j,development,cases0-49_r01,rome,16,complete,5,True,M3,5,23.74447250366211,19.985662937164307,5,5,True,not_evaluated_uncalibrated,True
rome-math-n50-gpt-j-6b-v1,analysis_out/rome-math-n50-gpt-j-6b-v1/plans/gpt-j-6b/cases0-49_r01/methods/rome/captures/rome-math-ablation.json,gpt-j-6b,gpt-j,development,cases0-49_r01,rome,16,complete,5,True,M0_raw,25,262.99041748046875,19.017196655273438,5,5,True,not_evaluated_uncalibrated,True
rome-math-n50-gpt-j-6b-v1,analysis_out/rome-math-n50-gpt-j-6b-v1/plans/gpt-j-6b/cases0-49_r01/methods/rome/captures/rome-math-ablation.json,gpt-j-6b,gpt-j,development,cases0-49_r01,rome,16,complete,5,True,M1_raw,2,160.15736389160156,51.189292907714844,5,5,True,not_evaluated_uncalibrated,True
rome-math-n50-gpt-j-6b-v1,analysis_out/rome-math-n50-gpt-j-6b-v1/plans/gpt-j-6b/cases0-49_r01/methods/rome/captures/rome-math-ablation.json,gpt-j-6b,gpt-j,development,cases0-49_r01,rome,17,complete,5,True,M0,2,0.018704870715737343,0.005735929124057293,5,2,True,not_evaluated_uncalibrated,True
rome-math-n50-gpt-j-6b-v1,analysis_out/rome-math-n50-gpt-j-6b-v1/plans/gpt-j-6b/cases0-49_r01/methods/rome/captures/rome-math-ablation.json,gpt-j-6b,gpt-j,development,cases0-49_r01,rome,17,complete,5,True,M1,2,0.014584077522158623,0.009005188941955566,5,2,True,not_evaluated_uncalibrated,True
rome-math-n50-gpt-j-6b-v1,analysis_out/rome-math-n50-gpt-j-6b-v1/plans/gpt-j-6b/cases0-49_r01/methods/rome/captures/rome-math-ablation.json,gpt-j-6b,gpt-j,development,cases0-49_r01,rome,17,complete,5,True,M2,5,3.4848620302255995,0.8762227069863147,5,2,True,not_evaluated_uncalibrated,True
rome-math-n50-gpt-j-6b-v1,analysis_out/rome-math-n50-gpt-j-6b-v1/plans/gpt-j-6b/cases0-49_r01/methods/rome/captures/rome-math-ablation.json,gpt-j-6b,gpt-j,development,cases0-49_r01,rome,17,complete,5,True,M3,5,10.421180725097656,6.6623711585998535,5,2,True,not_evaluated_uncalibrated,True
rome-math-n50-gpt-j-6b-v1,analysis_out/rome-math-n50-gpt-j-6b-v1/plans/gpt-j-6b/cases0-49_r01/methods/rome/captures/rome-math-ablation.json,gpt-j-6b,gpt-j,development,cases0-49_r01,rome,17,complete,5,True,M0_raw,25,262.99041748046875,19.017196655273438,5,2,True,not_evaluated_uncalibrated,True
rome-math-n50-gpt-j-6b-v1,analysis_out/rome-math-n50-gpt-j-6b-v1/plans/gpt-j-6b/cases0-49_r01/methods/rome/captures/rome-math-ablation.json,gpt-j-6b,gpt-j,development,cases0-49_r01,rome,17,complete,5,True,M1_raw,2,160.15736389160156,51.189292907714844,5,2,True,not_evaluated_uncalibrated,True
rome-math-n50-gpt-j-6b-v1,analysis_out/rome-math-n50-gpt-j-6b-v1/plans/gpt-j-6b/cases0-49_r01/methods/rome/captures/rome-math-ablation.json,gpt-j-6b,gpt-j,development,cases0-49_r01,rome,19,complete,5,True,M0,2,0.018704870715737343,0.005735929124057293,5,2,True,not_evaluated_uncalibrated,True
rome-math-n50-gpt-j-6b-v1,analysis_out/rome-math-n50-gpt-j-6b-v1/plans/gpt-j-6b/cases0-49_r01/methods/rome/captures/rome-math-ablation.json,gpt-j-6b,gpt-j,development,cases0-49_r01,rome,19,complete,5,True,M1,2,0.014584077522158623,0.009005188941955566,5,2,True,not_evaluated_uncalibrated,True
rome-math-n50-gpt-j-6b-v1,analysis_out/rome-math-n50-gpt-j-6b-v1/plans/gpt-j-6b/cases0-49_r01/methods/rome/captures/rome-math-ablation.json,gpt-j-6b,gpt-j,development,cases0-49_r01,rome,19,complete,5,True,M2,5,3.0931794021199015,0.4845400788806167,5,2,True,not_evaluated_uncalibrated,True
rome-math-n50-gpt-j-6b-v1,analysis_out/rome-math-n50-gpt-j-6b-v1/plans/gpt-j-6b/cases0-49_r01/methods/rome/captures/rome-math-ablation.json,gpt-j-6b,gpt-j,development,cases0-49_r01,rome,19,complete,5,True,M3,5,8.328598022460938,4.569788455963135,5,2,True,not_evaluated_uncalibrated,True
rome-math-n50-gpt-j-6b-v1,analysis_out/rome-math-n50-gpt-j-6b-v1/plans/gpt-j-6b/cases0-49_r01/methods/rome/captures/rome-math-ablation.json,gpt-j-6b,gpt-j,development,cases0-49_r01,rome,19,complete,5,True,M0_raw,25,262.99041748046875,19.017196655273438,5,2,True,not_evaluated_uncalibrated,True
rome-math-n50-gpt-j-6b-v1,analysis_out/rome-math-n50-gpt-j-6b-v1/plans/gpt-j-6b/cases0-49_r01/methods/rome/captures/rome-math-ablation.json,gpt-j-6b,gpt-j,development,cases0-49_r01,rome,19,complete,5,True,M1_raw,2,160.15736389160156,51.189292907714844,5,2,True,not_evaluated_uncalibrated,True
rome-math-n50-gpt-j-6b-v1,analysis_out/rome-math-n50-gpt-j-6b-v1/plans/gpt-j-6b/cases0-49_r01/methods/rome/captures/rome-math-ablation.json,gpt-j-6b,gpt-j,development,cases0-49_r01,rome,20,complete,5,True,M0,2,0.018704870715737343,0.005672483704984188,5,5,True,not_evaluated_uncalibrated,True
rome-math-n50-gpt-j-6b-v1,analysis_out/rome-math-n50-gpt-j-6b-v1/plans/gpt-j-6b/cases0-49_r01/methods/rome/captures/rome-math-ablation.json,gpt-j-6b,gpt-j,development,cases0-49_r01,rome,20,complete,5,True,M1,2,0.014584077522158623,0.008681615814566612,5,5,True,not_evaluated_uncalibrated,True
rome-math-n50-gpt-j-6b-v1,analysis_out/rome-math-n50-gpt-j-6b-v1/plans/gpt-j-6b/cases0-49_r01/methods/rome/captures/rome-math-ablation.json,gpt-j-6b,gpt-j,development,cases0-49_r01,rome,20,complete,5,True,M2,5,5.1644403990515695,2.5558010758122847,5,5,True,not_evaluated_uncalibrated,True
rome-math-n50-gpt-j-6b-v1,analysis_out/rome-math-n50-gpt-j-6b-v1/plans/gpt-j-6b/cases0-49_r01/methods/rome/captures/rome-math-ablation.json,gpt-j-6b,gpt-j,development,cases0-49_r01,rome,20,complete,5,True,M3,5,18.194652557373047,14.435842990875244,5,5,True,not_evaluated_uncalibrated,True
rome-math-n50-gpt-j-6b-v1,analysis_out/rome-math-n50-gpt-j-6b-v1/plans/gpt-j-6b/cases0-49_r01/methods/rome/captures/rome-math-ablation.json,gpt-j-6b,gpt-j,development,cases0-49_r01,rome,20,complete,5,True,M0_raw,25,262.99041748046875,19.017196655273438,5,5,True,not_evaluated_uncalibrated,True
rome-math-n50-gpt-j-6b-v1,analysis_out/rome-math-n50-gpt-j-6b-v1/plans/gpt-j-6b/cases0-49_r01/methods/rome/captures/rome-math-ablation.json,gpt-j-6b,gpt-j,development,cases0-49_r01,rome,20,complete,5,True,M1_raw,2,160.15736389160156,51.189292907714844,5,5,True,not_evaluated_uncalibrated,True
rome-math-n50-gpt-j-6b-v1,analysis_out/rome-math-n50-gpt-j-6b-v1/plans/gpt-j-6b/cases0-49_r01/methods/rome/captures/rome-math-ablation.json,gpt-j-6b,gpt-j,development,cases0-49_r01,rome,21,complete,5,True,M0,2,0.018704870715737343,0.005735929124057293,5,5,True,not_evaluated_uncalibrated,True
rome-math-n50-gpt-j-6b-v1,analysis_out/rome-math-n50-gpt-j-6b-v1/plans/gpt-j-6b/cases0-49_r01/methods/rome/captures/rome-math-ablation.json,gpt-j-6b,gpt-j,development,cases0-49_r01,rome,21,complete,5,True,M1,2,0.014584077522158623,0.009005188941955566,5,5,True,not_evaluated_uncalibrated,True
rome-math-n50-gpt-j-6b-v1,analysis_out/rome-math-n50-gpt-j-6b-v1/plans/gpt-j-6b/cases0-49_r01/methods/rome/captures/rome-math-ablation.json,gpt-j-6b,gpt-j,development,cases0-49_r01,rome,21,complete,5,True,M2,5,4.485333567286779,1.8766942440474943,5,5,True,not_evaluated_uncalibrated,True
rome-math-n50-gpt-j-6b-v1,analysis_out/rome-math-n50-gpt-j-6b-v1/plans/gpt-j-6b/cases0-49_r01/methods/rome/captures/rome-math-ablation.json,gpt-j-6b,gpt-j,development,cases0-49_r01,rome,21,complete,5,True,M3,5,15.754899978637695,11.996090412139893,5,5,True,not_evaluated_uncalibrated,True
rome-math-n50-gpt-j-6b-v1,analysis_out/rome-math-n50-gpt-j-6b-v1/plans/gpt-j-6b/cases0-49_r01/methods/rome/captures/rome-math-ablation.json,gpt-j-6b,gpt-j,development,cases0-49_r01,rome,21,complete,5,True,M0_raw,25,262.99041748046875,19.017196655273438,5,5,True,not_evaluated_uncalibrated,True
rome-math-n50-gpt-j-6b-v1,analysis_out/rome-math-n50-gpt-j-6b-v1/plans/gpt-j-6b/cases0-49_r01/methods/rome/captures/rome-math-ablation.json,gpt-j-6b,gpt-j,development,cases0-49_r01,rome,21,complete,5,True,M1_raw,2,160.15736389160156,51.189292907714844,5,5,True,not_evaluated_uncalibrated,True
rome-math-n50-gpt-j-6b-v1,analysis_out/rome-math-n50-gpt-j-6b-v1/plans/gpt-j-6b/cases0-49_r01/methods/rome/captures/rome-math-ablation.json,gpt-j-6b,gpt-j,development,cases0-49_r01,rome,22,complete,5,True,M0,2,0.018704870715737343,0.005735929124057293,5,2,True,not_evaluated_uncalibrated,True
rome-math-n50-gpt-j-6b-v1,analysis_out/rome-math-n50-gpt-j-6b-v1/plans/gpt-j-6b/cases0-49_r01/methods/rome/captures/rome-math-ablation.json,gpt-j-6b,gpt-j,development,cases0-49_r01,rome,22,complete,5,True,M1,2,0.014584077522158623,0.009005188941955566,5,2,True,not_evaluated_uncalibrated,True
rome-math-n50-gpt-j-6b-v1,analysis_out/rome-math-n50-gpt-j-6b-v1/plans/gpt-j-6b/cases0-49_r01/methods/rome/captures/rome-math-ablation.json,gpt-j-6b,gpt-j,development,cases0-49_r01,rome,22,complete,5,True,M2,5,3.80560126099435,1.196961937755065,5,2,True,not_evaluated_uncalibrated,True
rome-math-n50-gpt-j-6b-v1,analysis_out/rome-math-n50-gpt-j-6b-v1/plans/gpt-j-6b/cases0-49_r01/methods/rome/captures/rome-math-ablation.json,gpt-j-6b,gpt-j,development,cases0-49_r01,rome,22,complete,5,True,M3,5,11.58083724975586,7.822027683258057,5,2,True,not_evaluated_uncalibrated,True
rome-math-n50-gpt-j-6b-v1,analysis_out/rome-math-n50-gpt-j-6b-v1/plans/gpt-j-6b/cases0-49_r01/methods/rome/captures/rome-math-ablation.json,gpt-j-6b,gpt-j,development,cases0-49_r01,rome,22,complete,5,True,M0_raw,25,262.99041748046875,19.017196655273438,5,2,True,not_evaluated_uncalibrated,True
rome-math-n50-gpt-j-6b-v1,analysis_out/rome-math-n50-gpt-j-6b-v1/plans/gpt-j-6b/cases0-49_r01/methods/rome/captures/rome-math-ablation.json,gpt-j-6b,gpt-j,development,cases0-49_r01,rome,22,complete,5,True,M1_raw,2,160.15736389160156,51.189292907714844,5,2,True,not_evaluated_uncalibrated,True
rome-math-n50-gpt-j-6b-v1,analysis_out/rome-math-n50-gpt-j-6b-v1/plans/gpt-j-6b/cases0-49_r01/methods/rome/captures/rome-math-ablation.json,gpt-j-6b,gpt-j,development,cases0-49_r01,rome,23,complete,5,True,M0,2,0.018704870715737343,0.005735929124057293,5,2,True,not_evaluated_uncalibrated,False
rome-math-n50-gpt-j-6b-v1,analysis_out/rome-math-n50-gpt-j-6b-v1/plans/gpt-j-6b/cases0-49_r01/methods/rome/captures/rome-math-ablation.json,gpt-j-6b,gpt-j,development,cases0-49_r01,rome,23,complete,5,True,M1,2,0.014584077522158623,0.009005188941955566,5,2,True,not_evaluated_uncalibrated,False
rome-math-n50-gpt-j-6b-v1,analysis_out/rome-math-n50-gpt-j-6b-v1/plans/gpt-j-6b/cases0-49_r01/methods/rome/captures/rome-math-ablation.json,gpt-j-6b,gpt-j,development,cases0-49_r01,rome,23,complete,5,True,M2,5,3.1018303310715347,0.4931910078322499,5,2,True,not_evaluated_uncalibrated,False
rome-math-n50-gpt-j-6b-v1,analysis_out/rome-math-n50-gpt-j-6b-v1/plans/gpt-j-6b/cases0-49_r01/methods/rome/captures/rome-math-ablation.json,gpt-j-6b,gpt-j,development,cases0-49_r01,rome,23,complete,5,True,M3,5,6.390077114105225,2.631267547607422,5,2,True,not_evaluated_uncalibrated,False
rome-math-n50-gpt-j-6b-v1,analysis_out/rome-math-n50-gpt-j-6b-v1/plans/gpt-j-6b/cases0-49_r01/methods/rome/captures/rome-math-ablation.json,gpt-j-6b,gpt-j,development,cases0-49_r01,rome,23,complete,5,True,M0_raw,25,262.99041748046875,19.017196655273438,5,2,True,not_evaluated_uncalibrated,False
rome-math-n50-gpt-j-6b-v1,analysis_out/rome-math-n50-gpt-j-6b-v1/plans/gpt-j-6b/cases0-49_r01/methods/rome/captures/rome-math-ablation.json,gpt-j-6b,gpt-j,development,cases0-49_r01,rome,23,complete,5,True,M1_raw,2,160.15736389160156,51.189292907714844,5,2,True,not_evaluated_uncalibrated,False
rome-math-n50-gpt-j-6b-v1,analysis_out/rome-math-n50-gpt-j-6b-v1/plans/gpt-j-6b/cases0-49_r01/methods/rome/captures/rome-math-ablation.json,gpt-j-6b,gpt-j,development,cases0-49_r01,rome,24,complete,5,True,M0,2,0.018704870715737343,0.005735929124057293,5,2,True,not_evaluated_uncalibrated,True
rome-math-n50-gpt-j-6b-v1,analysis_out/rome-math-n50-gpt-j-6b-v1/plans/gpt-j-6b/cases0-49_r01/methods/rome/captures/rome-math-ablation.json,gpt-j-6b,gpt-j,development,cases0-49_r01,rome,24,complete,5,True,M1,2,0.014584077522158623,0.009005188941955566,5,2,True,not_evaluated_uncalibrated,True
rome-math-n50-gpt-j-6b-v1,analysis_out/rome-math-n50-gpt-j-6b-v1/plans/gpt-j-6b/cases0-49_r01/methods/rome/captures/rome-math-ablation.json,gpt-j-6b,gpt-j,development,cases0-49_r01,rome,24,complete,5,True,M2,5,3.3133182960461163,0.7046789728068314,5,2,True,not_evaluated_uncalibrated,True
rome-math-n50-gpt-j-6b-v1,analysis_out/rome-math-n50-gpt-j-6b-v1/plans/gpt-j-6b/cases0-49_r01/methods/rome/captures/rome-math-ablation.json,gpt-j-6b,gpt-j,development,cases0-49_r01,rome,24,complete,5,True,M3,5,9.098882675170898,5.340073108673096,5,2,True,not_evaluated_uncalibrated,True
rome-math-n50-gpt-j-6b-v1,analysis_out/rome-math-n50-gpt-j-6b-v1/plans/gpt-j-6b/cases0-49_r01/methods/rome/captures/rome-math-ablation.json,gpt-j-6b,gpt-j,development,cases0-49_r01,rome,24,complete,5,True,M0_raw,25,262.99041748046875,19.017196655273438,5,2,True,not_evaluated_uncalibrated,True
rome-math-n50-gpt-j-6b-v1,analysis_out/rome-math-n50-gpt-j-6b-v1/plans/gpt-j-6b/cases0-49_r01/methods/rome/captures/rome-math-ablation.json,gpt-j-6b,gpt-j,development,cases0-49_r01,rome,24,complete,5,True,M1_raw,2,160.15736389160156,51.189292907714844,5,2,True,not_evaluated_uncalibrated,True
rome-math-n50-gpt-j-6b-v1,analysis_out/rome-math-n50-gpt-j-6b-v1/plans/gpt-j-6b/cases0-49_r01/methods/rome/captures/rome-math-ablation.json,gpt-j-6b,gpt-j,development,cases0-49_r01,rome,25,complete,5,True,M0,2,0.018704870715737343,0.005735929124057293,5,2,True,not_evaluated_uncalibrated,True
rome-math-n50-gpt-j-6b-v1,analysis_out/rome-math-n50-gpt-j-6b-v1/plans/gpt-j-6b/cases0-49_r01/methods/rome/captures/rome-math-ablation.json,gpt-j-6b,gpt-j,development,cases0-49_r01,rome,25,complete,5,True,M1,2,0.014584077522158623,0.009005188941955566,5,2,True,not_evaluated_uncalibrated,True
rome-math-n50-gpt-j-6b-v1,analysis_out/rome-math-n50-gpt-j-6b-v1/plans/gpt-j-6b/cases0-49_r01/methods/rome/captures/rome-math-ablation.json,gpt-j-6b,gpt-j,development,cases0-49_r01,rome,25,complete,5,True,M2,5,3.575297913586067,0.9666585903467824,5,2,True,not_evaluated_uncalibrated,True
rome-math-n50-gpt-j-6b-v1,analysis_out/rome-math-n50-gpt-j-6b-v1/plans/gpt-j-6b/cases0-49_r01/methods/rome/captures/rome-math-ablation.json,gpt-j-6b,gpt-j,development,cases0-49_r01,rome,25,complete,5,True,M3,5,10.93726634979248,7.178456783294678,5,2,True,not_evaluated_uncalibrated,True
rome-math-n50-gpt-j-6b-v1,analysis_out/rome-math-n50-gpt-j-6b-v1/plans/gpt-j-6b/cases0-49_r01/methods/rome/captures/rome-math-ablation.json,gpt-j-6b,gpt-j,development,cases0-49_r01,rome,25,complete,5,True,M0_raw,25,262.99041748046875,19.017196655273438,5,2,True,not_evaluated_uncalibrated,True
rome-math-n50-gpt-j-6b-v1,analysis_out/rome-math-n50-gpt-j-6b-v1/plans/gpt-j-6b/cases0-49_r01/methods/rome/captures/rome-math-ablation.json,gpt-j-6b,gpt-j,development,cases0-49_r01,rome,25,complete,5,True,M1_raw,2,160.15736389160156,51.189292907714844,5,2,True,not_evaluated_uncalibrated,True
rome-math-n50-gpt-j-6b-v1,analysis_out/rome-math-n50-gpt-j-6b-v1/plans/gpt-j-6b/cases0-49_r01/methods/rome/captures/rome-math-ablation.json,gpt-j-6b,gpt-j,development,cases0-49_r01,rome,26,complete,5,True,M0,2,0.018704870715737343,0.00553653109818697,5,5,True,not_evaluated_uncalibrated,True
rome-math-n50-gpt-j-6b-v1,analysis_out/rome-math-n50-gpt-j-6b-v1/plans/gpt-j-6b/cases0-49_r01/methods/rome/captures/rome-math-ablation.json,gpt-j-6b,gpt-j,development,cases0-49_r01,rome,26,complete,5,True,M1,2,0.014584077522158623,0.008380868472158909,5,5,True,not_evaluated_uncalibrated,True
rome-math-n50-gpt-j-6b-v1,analysis_out/rome-math-n50-gpt-j-6b-v1/plans/gpt-j-6b/cases0-49_r01/methods/rome/captures/rome-math-ablation.json,gpt-j-6b,gpt-j,development,cases0-49_r01,rome,26,complete,5,True,M2,5,5.405306322142995,2.7966669989037105,5,5,True,not_evaluated_uncalibrated,True
rome-math-n50-gpt-j-6b-v1,analysis_out/rome-math-n50-gpt-j-6b-v1/plans/gpt-j-6b/cases0-49_r01/methods/rome/captures/rome-math-ablation.json,gpt-j-6b,gpt-j,development,cases0-49_r01,rome,26,complete,5,True,M3,5,18.02068519592285,14.261875629425049,5,5,True,not_evaluated_uncalibrated,True
rome-math-n50-gpt-j-6b-v1,analysis_out/rome-math-n50-gpt-j-6b-v1/plans/gpt-j-6b/cases0-49_r01/methods/rome/captures/rome-math-ablation.json,gpt-j-6b,gpt-j,development,cases0-49_r01,rome,26,complete,5,True,M0_raw,25,262.99041748046875,19.017196655273438,5,5,True,not_evaluated_uncalibrated,True
rome-math-n50-gpt-j-6b-v1,analysis_out/rome-math-n50-gpt-j-6b-v1/plans/gpt-j-6b/cases0-49_r01/methods/rome/captures/rome-math-ablation.json,gpt-j-6b,gpt-j,development,cases0-49_r01,rome,26,complete,5,True,M1_raw,2,160.15736389160156,51.189292907714844,5,5,True,not_evaluated_uncalibrated,True
rome-math-n50-gpt-j-6b-v1,analysis_out/rome-math-n50-gpt-j-6b-v1/plans/gpt-j-6b/cases0-49_r01/methods/rome/captures/rome-math-ablation.json,gpt-j-6b,gpt-j,development,cases0-49_r01,rome,27,complete,5,True,M0,2,0.018704870715737343,0.005735929124057293,5,2,True,not_evaluated_uncalibrated,True
rome-math-n50-gpt-j-6b-v1,analysis_out/rome-math-n50-gpt-j-6b-v1/plans/gpt-j-6b/cases0-49_r01/methods/rome/captures/rome-math-ablation.json,gpt-j-6b,gpt-j,development,cases0-49_r01,rome,27,complete,5,True,M1,2,0.014584077522158623,0.009005188941955566,5,2,True,not_evaluated_uncalibrated,True
rome-math-n50-gpt-j-6b-v1,analysis_out/rome-math-n50-gpt-j-6b-v1/plans/gpt-j-6b/cases0-49_r01/methods/rome/captures/rome-math-ablation.json,gpt-j-6b,gpt-j,development,cases0-49_r01,rome,27,complete,5,True,M2,5,2.877967648782242,0.26932832554295727,5,2,True,not_evaluated_uncalibrated,True
rome-math-n50-gpt-j-6b-v1,analysis_out/rome-math-n50-gpt-j-6b-v1/plans/gpt-j-6b/cases0-49_r01/methods/rome/captures/rome-math-ablation.json,gpt-j-6b,gpt-j,development,cases0-49_r01,rome,27,complete,5,True,M3,5,7.138923645019531,3.3801140785217285,5,2,True,not_evaluated_uncalibrated,True
rome-math-n50-gpt-j-6b-v1,analysis_out/rome-math-n50-gpt-j-6b-v1/plans/gpt-j-6b/cases0-49_r01/methods/rome/captures/rome-math-ablation.json,gpt-j-6b,gpt-j,development,cases0-49_r01,rome,27,complete,5,True,M0_raw,25,262.99041748046875,19.017196655273438,5,2,True,not_evaluated_uncalibrated,True
rome-math-n50-gpt-j-6b-v1,analysis_out/rome-math-n50-gpt-j-6b-v1/plans/gpt-j-6b/cases0-49_r01/methods/rome/captures/rome-math-ablation.json,gpt-j-6b,gpt-j,development,cases0-49_r01,rome,27,complete,5,True,M1_raw,2,160.15736389160156,51.189292907714844,5,2,True,not_evaluated_uncalibrated,True
rome-math-n50-gpt-j-6b-v1,analysis_out/rome-math-n50-gpt-j-6b-v1/plans/gpt-j-6b/cases0-49_r01/methods/rome/captures/rome-math-ablation.json,gpt-j-6b,gpt-j,development,cases0-49_r01,rome,28,complete,5,True,M0,2,0.018704870715737343,0.005568849854171276,5,5,True,not_evaluated_uncalibrated,True
rome-math-n50-gpt-j-6b-v1,analysis_out/rome-math-n50-gpt-j-6b-v1/plans/gpt-j-6b/cases0-49_r01/methods/rome/captures/rome-math-ablation.json,gpt-j-6b,gpt-j,development,cases0-49_r01,rome,28,complete,5,True,M1,2,0.014584077522158623,0.008450972847640514,5,5,True,not_evaluated_uncalibrated,True
rome-math-n50-gpt-j-6b-v1,analysis_out/rome-math-n50-gpt-j-6b-v1/plans/gpt-j-6b/cases0-49_r01/methods/rome/captures/rome-math-ablation.json,gpt-j-6b,gpt-j,development,cases0-49_r01,rome,28,complete,5,True,M2,5,5.272493996223395,2.6638546729841104,5,5,True,not_evaluated_uncalibrated,True
rome-math-n50-gpt-j-6b-v1,analysis_out/rome-math-n50-gpt-j-6b-v1/plans/gpt-j-6b/cases0-49_r01/methods/rome/captures/rome-math-ablation.json,gpt-j-6b,gpt-j,development,cases0-49_r01,rome,28,complete,5,True,M3,5,16.139070510864258,12.380260944366455,5,5,True,not_evaluated_uncalibrated,True
rome-math-n50-gpt-j-6b-v1,analysis_out/rome-math-n50-gpt-j-6b-v1/plans/gpt-j-6b/cases0-49_r01/methods/rome/captures/rome-math-ablation.json,gpt-j-6b,gpt-j,development,cases0-49_r01,rome,28,complete,5,True,M0_raw,25,262.99041748046875,19.017196655273438,5,5,True,not_evaluated_uncalibrated,True
rome-math-n50-gpt-j-6b-v1,analysis_out/rome-math-n50-gpt-j-6b-v1/plans/gpt-j-6b/cases0-49_r01/methods/rome/captures/rome-math-ablation.json,gpt-j-6b,gpt-j,development,cases0-49_r01,rome,28,complete,5,True,M1_raw,2,160.15736389160156,51.189292907714844,5,5,True,not_evaluated_uncalibrated,True
rome-math-n50-gpt-j-6b-v1,analysis_out/rome-math-n50-gpt-j-6b-v1/plans/gpt-j-6b/cases0-49_r01/methods/rome/captures/rome-math-ablation.json,gpt-j-6b,gpt-j,development,cases0-49_r01,rome,29,complete,5,True,M0,2,0.018704870715737343,0.005735929124057293,5,2,True,not_evaluated_uncalibrated,True
rome-math-n50-gpt-j-6b-v1,analysis_out/rome-math-n50-gpt-j-6b-v1/plans/gpt-j-6b/cases0-49_r01/methods/rome/captures/rome-math-ablation.json,gpt-j-6b,gpt-j,development,cases0-49_r01,rome,29,complete,5,True,M1,2,0.014584077522158623,0.009005188941955566,5,2,True,not_evaluated_uncalibrated,True
rome-math-n50-gpt-j-6b-v1,analysis_out/rome-math-n50-gpt-j-6b-v1/plans/gpt-j-6b/cases0-49_r01/methods/rome/captures/rome-math-ablation.json,gpt-j-6b,gpt-j,development,cases0-49_r01,rome,29,complete,5,True,M2,5,3.3401053620732744,0.7314660388339895,5,2,True,not_evaluated_uncalibrated,True
rome-math-n50-gpt-j-6b-v1,analysis_out/rome-math-n50-gpt-j-6b-v1/plans/gpt-j-6b/cases0-49_r01/methods/rome/captures/rome-math-ablation.json,gpt-j-6b,gpt-j,development,cases0-49_r01,rome,29,complete,5,True,M3,5,10.199576377868652,6.44076681137085,5,2,True,not_evaluated_uncalibrated,True
rome-math-n50-gpt-j-6b-v1,analysis_out/rome-math-n50-gpt-j-6b-v1/plans/gpt-j-6b/cases0-49_r01/methods/rome/captures/rome-math-ablation.json,gpt-j-6b,gpt-j,development,cases0-49_r01,rome,29,complete,5,True,M0_raw,25,262.99041748046875,19.017196655273438,5,2,True,not_evaluated_uncalibrated,True
rome-math-n50-gpt-j-6b-v1,analysis_out/rome-math-n50-gpt-j-6b-v1/plans/gpt-j-6b/cases0-49_r01/methods/rome/captures/rome-math-ablation.json,gpt-j-6b,gpt-j,development,cases0-49_r01,rome,29,complete,5,True,M1_raw,2,160.15736389160156,51.189292907714844,5,2,True,not_evaluated_uncalibrated,True
rome-math-n50-gpt-j-6b-v1,analysis_out/rome-math-n50-gpt-j-6b-v1/plans/gpt-j-6b/cases0-49_r01/methods/rome/captures/rome-math-ablation.json,gpt-j-6b,gpt-j,development,cases0-49_r01,rome,30,complete,5,True,M0,2,0.018704870715737343,0.005735929124057293,5,2,True,not_evaluated_uncalibrated,True
rome-math-n50-gpt-j-6b-v1,analysis_out/rome-math-n50-gpt-j-6b-v1/plans/gpt-j-6b/cases0-49_r01/methods/rome/captures/rome-math-ablation.json,gpt-j-6b,gpt-j,development,cases0-49_r01,rome,30,complete,5,True,M1,2,0.014584077522158623,0.009005188941955566,5,2,True,not_evaluated_uncalibrated,True
rome-math-n50-gpt-j-6b-v1,analysis_out/rome-math-n50-gpt-j-6b-v1/plans/gpt-j-6b/cases0-49_r01/methods/rome/captures/rome-math-ablation.json,gpt-j-6b,gpt-j,development,cases0-49_r01,rome,30,complete,5,True,M2,5,3.1089508883483004,0.5003115651090155,5,2,True,not_evaluated_uncalibrated,True
rome-math-n50-gpt-j-6b-v1,analysis_out/rome-math-n50-gpt-j-6b-v1/plans/gpt-j-6b/cases0-49_r01/methods/rome/captures/rome-math-ablation.json,gpt-j-6b,gpt-j,development,cases0-49_r01,rome,30,complete,5,True,M3,5,7.965015888214111,4.206206321716309,5,2,True,not_evaluated_uncalibrated,True
rome-math-n50-gpt-j-6b-v1,analysis_out/rome-math-n50-gpt-j-6b-v1/plans/gpt-j-6b/cases0-49_r01/methods/rome/captures/rome-math-ablation.json,gpt-j-6b,gpt-j,development,cases0-49_r01,rome,30,complete,5,True,M0_raw,25,262.99041748046875,19.017196655273438,5,2,True,not_evaluated_uncalibrated,True
rome-math-n50-gpt-j-6b-v1,analysis_out/rome-math-n50-gpt-j-6b-v1/plans/gpt-j-6b/cases0-49_r01/methods/rome/captures/rome-math-ablation.json,gpt-j-6b,gpt-j,development,cases0-49_r01,rome,30,complete,5,True,M1_raw,2,160.15736389160156,51.189292907714844,5,2,True,not_evaluated_uncalibrated,True
rome-math-n50-gpt-j-6b-v1,analysis_out/rome-math-n50-gpt-j-6b-v1/plans/gpt-j-6b/cases0-49_r01/methods/rome/captures/rome-math-ablation.json,gpt-j-6b,gpt-j,development,cases0-49_r01,rome,31,complete,5,True,M0,2,0.018704870715737343,0.005735929124057293,5,5,True,not_evaluated_uncalibrated,True
rome-math-n50-gpt-j-6b-v1,analysis_out/rome-math-n50-gpt-j-6b-v1/plans/gpt-j-6b/cases0-49_r01/methods/rome/captures/rome-math-ablation.json,gpt-j-6b,gpt-j,development,cases0-49_r01,rome,31,complete,5,True,M1,2,0.014584077522158623,0.008876716252416372,5,5,True,not_evaluated_uncalibrated,True
rome-math-n50-gpt-j-6b-v1,analysis_out/rome-math-n50-gpt-j-6b-v1/plans/gpt-j-6b/cases0-49_r01/methods/rome/captures/rome-math-ablation.json,gpt-j-6b,gpt-j,development,cases0-49_r01,rome,31,complete,5,True,M2,5,4.963982521417905,2.35534319817862,5,5,True,not_evaluated_uncalibrated,True
rome-math-n50-gpt-j-6b-v1,analysis_out/rome-math-n50-gpt-j-6b-v1/plans/gpt-j-6b/cases0-49_r01/methods/rome/captures/rome-math-ablation.json,gpt-j-6b,gpt-j,development,cases0-49_r01,rome,31,complete,5,True,M3,5,16.275650024414062,12.51684045791626,5,5,True,not_evaluated_uncalibrated,True
rome-math-n50-gpt-j-6b-v1,analysis_out/rome-math-n50-gpt-j-6b-v1/plans/gpt-j-6b/cases0-49_r01/methods/rome/captures/rome-math-ablation.json,gpt-j-6b,gpt-j,development,cases0-49_r01,rome,31,complete,5,True,M0_raw,25,262.99041748046875,19.017196655273438,5,5,True,not_evaluated_uncalibrated,True
rome-math-n50-gpt-j-6b-v1,analysis_out/rome-math-n50-gpt-j-6b-v1/plans/gpt-j-6b/cases0-49_r01/methods/rome/captures/rome-math-ablation.json,gpt-j-6b,gpt-j,development,cases0-49_r01,rome,31,complete,5,True,M1_raw,2,160.15736389160156,51.189292907714844,5,5,True,not_evaluated_uncalibrated,True
rome-math-n50-gpt-j-6b-v1,analysis_out/rome-math-n50-gpt-j-6b-v1/plans/gpt-j-6b/cases0-49_r01/methods/rome/captures/rome-math-ablation.json,gpt-j-6b,gpt-j,development,cases0-49_r01,rome,32,complete,5,True,M0,2,0.018704870715737343,0.005735929124057293,5,2,True,not_evaluated_uncalibrated,True
rome-math-n50-gpt-j-6b-v1,analysis_out/rome-math-n50-gpt-j-6b-v1/plans/gpt-j-6b/cases0-49_r01/methods/rome/captures/rome-math-ablation.json,gpt-j-6b,gpt-j,development,cases0-49_r01,rome,32,complete,5,True,M1,2,0.014584077522158623,0.009005188941955566,5,2,True,not_evaluated_uncalibrated,True
rome-math-n50-gpt-j-6b-v1,analysis_out/rome-math-n50-gpt-j-6b-v1/plans/gpt-j-6b/cases0-49_r01/methods/rome/captures/rome-math-ablation.json,gpt-j-6b,gpt-j,development,cases0-49_r01,rome,32,complete,5,True,M2,5,4.031014358113853,1.4223750348745683,5,2,True,not_evaluated_uncalibrated,True
rome-math-n50-gpt-j-6b-v1,analysis_out/rome-math-n50-gpt-j-6b-v1/plans/gpt-j-6b/cases0-49_r01/methods/rome/captures/rome-math-ablation.json,gpt-j-6b,gpt-j,development,cases0-49_r01,rome,32,complete,5,True,M3,5,11.901849746704102,8.143040180206299,5,2,True,not_evaluated_uncalibrated,True
rome-math-n50-gpt-j-6b-v1,analysis_out/rome-math-n50-gpt-j-6b-v1/plans/gpt-j-6b/cases0-49_r01/methods/rome/captures/rome-math-ablation.json,gpt-j-6b,gpt-j,development,cases0-49_r01,rome,32,complete,5,True,M0_raw,25,262.99041748046875,19.017196655273438,5,2,True,not_evaluated_uncalibrated,True
rome-math-n50-gpt-j-6b-v1,analysis_out/rome-math-n50-gpt-j-6b-v1/plans/gpt-j-6b/cases0-49_r01/methods/rome/captures/rome-math-ablation.json,gpt-j-6b,gpt-j,development,cases0-49_r01,rome,32,complete,5,True,M1_raw,2,160.15736389160156,51.189292907714844,5,2,True,not_evaluated_uncalibrated,True
rome-math-n50-gpt-j-6b-v1,analysis_out/rome-math-n50-gpt-j-6b-v1/plans/gpt-j-6b/cases0-49_r01/methods/rome/captures/rome-math-ablation.json,gpt-j-6b,gpt-j,development,cases0-49_r01,rome,33,complete,5,True,M0,2,0.018704870715737343,0.005735929124057293,5,2,True,not_evaluated_uncalibrated,True
rome-math-n50-gpt-j-6b-v1,analysis_out/rome-math-n50-gpt-j-6b-v1/plans/gpt-j-6b/cases0-49_r01/methods/rome/captures/rome-math-ablation.json,gpt-j-6b,gpt-j,development,cases0-49_r01,rome,33,complete,5,True,M1,2,0.014584077522158623,0.009005188941955566,5,2,True,not_evaluated_uncalibrated,True
rome-math-n50-gpt-j-6b-v1,analysis_out/rome-math-n50-gpt-j-6b-v1/plans/gpt-j-6b/cases0-49_r01/methods/rome/captures/rome-math-ablation.json,gpt-j-6b,gpt-j,development,cases0-49_r01,rome,33,complete,5,True,M2,5,3.2867399563245514,0.6781006330852666,5,2,True,not_evaluated_uncalibrated,True
rome-math-n50-gpt-j-6b-v1,analysis_out/rome-math-n50-gpt-j-6b-v1/plans/gpt-j-6b/cases0-49_r01/methods/rome/captures/rome-math-ablation.json,gpt-j-6b,gpt-j,development,cases0-49_r01,rome,33,complete,5,True,M3,5,7.798532485961914,4.039722919464111,5,2,True,not_evaluated_uncalibrated,True
rome-math-n50-gpt-j-6b-v1,analysis_out/rome-math-n50-gpt-j-6b-v1/plans/gpt-j-6b/cases0-49_r01/methods/rome/captures/rome-math-ablation.json,gpt-j-6b,gpt-j,development,cases0-49_r01,rome,33,complete,5,True,M0_raw,25,262.99041748046875,19.017196655273438,5,2,True,not_evaluated_uncalibrated,True
rome-math-n50-gpt-j-6b-v1,analysis_out/rome-math-n50-gpt-j-6b-v1/plans/gpt-j-6b/cases0-49_r01/methods/rome/captures/rome-math-ablation.json,gpt-j-6b,gpt-j,development,cases0-49_r01,rome,33,complete,5,True,M1_raw,2,160.15736389160156,51.189292907714844,5,2,True,not_evaluated_uncalibrated,True
rome-math-n50-gpt-j-6b-v1,analysis_out/rome-math-n50-gpt-j-6b-v1/plans/gpt-j-6b/cases0-49_r01/methods/rome/captures/rome-math-ablation.json,gpt-j-6b,gpt-j,development,cases0-49_r01,rome,34,complete,5,True,M0,2,0.018704870715737343,0.005735929124057293,5,2,True,not_evaluated_uncalibrated,True
rome-math-n50-gpt-j-6b-v1,analysis_out/rome-math-n50-gpt-j-6b-v1/plans/gpt-j-6b/cases0-49_r01/methods/rome/captures/rome-math-ablation.json,gpt-j-6b,gpt-j,development,cases0-49_r01,rome,34,complete,5,True,M1,2,0.014584077522158623,0.009005188941955566,5,2,True,not_evaluated_uncalibrated,True
rome-math-n50-gpt-j-6b-v1,analysis_out/rome-math-n50-gpt-j-6b-v1/plans/gpt-j-6b/cases0-49_r01/methods/rome/captures/rome-math-ablation.json,gpt-j-6b,gpt-j,development,cases0-49_r01,rome,34,complete,5,True,M2,5,3.970494094774523,1.361854771535238,5,2,True,not_evaluated_uncalibrated,True
rome-math-n50-gpt-j-6b-v1,analysis_out/rome-math-n50-gpt-j-6b-v1/plans/gpt-j-6b/cases0-49_r01/methods/rome/captures/rome-math-ablation.json,gpt-j-6b,gpt-j,development,cases0-49_r01,rome,34,complete,5,True,M3,5,12.778436660766602,9.019627094268799,5,2,True,not_evaluated_uncalibrated,True
rome-math-n50-gpt-j-6b-v1,analysis_out/rome-math-n50-gpt-j-6b-v1/plans/gpt-j-6b/cases0-49_r01/methods/rome/captures/rome-math-ablation.json,gpt-j-6b,gpt-j,development,cases0-49_r01,rome,34,complete,5,True,M0_raw,25,262.99041748046875,19.017196655273438,5,2,True,not_evaluated_uncalibrated,True
rome-math-n50-gpt-j-6b-v1,analysis_out/rome-math-n50-gpt-j-6b-v1/plans/gpt-j-6b/cases0-49_r01/methods/rome/captures/rome-math-ablation.json,gpt-j-6b,gpt-j,development,cases0-49_r01,rome,34,complete,5,True,M1_raw,2,160.15736389160156,51.189292907714844,5,2,True,not_evaluated_uncalibrated,True
rome-math-n50-gpt-j-6b-v1,analysis_out/rome-math-n50-gpt-j-6b-v1/plans/gpt-j-6b/cases0-49_r01/methods/rome/captures/rome-math-ablation.json,gpt-j-6b,gpt-j,development,cases0-49_r01,rome,35,complete,5,True,M0,2,0.018704870715737343,0.005735929124057293,5,2,True,not_evaluated_uncalibrated,True
rome-math-n50-gpt-j-6b-v1,analysis_out/rome-math-n50-gpt-j-6b-v1/plans/gpt-j-6b/cases0-49_r01/methods/rome/captures/rome-math-ablation.json,gpt-j-6b,gpt-j,development,cases0-49_r01,rome,35,complete,5,True,M1,2,0.014584077522158623,0.009005188941955566,5,2,True,not_evaluated_uncalibrated,True
rome-math-n50-gpt-j-6b-v1,analysis_out/rome-math-n50-gpt-j-6b-v1/plans/gpt-j-6b/cases0-49_r01/methods/rome/captures/rome-math-ablation.json,gpt-j-6b,gpt-j,development,cases0-49_r01,rome,35,complete,5,True,M2,5,3.1610536714624033,0.5524143482231185,5,2,True,not_evaluated_uncalibrated,True
rome-math-n50-gpt-j-6b-v1,analysis_out/rome-math-n50-gpt-j-6b-v1/plans/gpt-j-6b/cases0-49_r01/methods/rome/captures/rome-math-ablation.json,gpt-j-6b,gpt-j,development,cases0-49_r01,rome,35,complete,5,True,M3,5,8.310824394226074,4.5520148277282715,5,2,True,not_evaluated_uncalibrated,True
rome-math-n50-gpt-j-6b-v1,analysis_out/rome-math-n50-gpt-j-6b-v1/plans/gpt-j-6b/cases0-49_r01/methods/rome/captures/rome-math-ablation.json,gpt-j-6b,gpt-j,development,cases0-49_r01,rome,35,complete,5,True,M0_raw,25,262.99041748046875,19.017196655273438,5,2,True,not_evaluated_uncalibrated,True
rome-math-n50-gpt-j-6b-v1,analysis_out/rome-math-n50-gpt-j-6b-v1/plans/gpt-j-6b/cases0-49_r01/methods/rome/captures/rome-math-ablation.json,gpt-j-6b,gpt-j,development,cases0-49_r01,rome,35,complete,5,True,M1_raw,2,160.15736389160156,51.189292907714844,5,2,True,not_evaluated_uncalibrated,True
rome-math-n50-gpt-j-6b-v1,analysis_out/rome-math-n50-gpt-j-6b-v1/plans/gpt-j-6b/cases0-49_r01/methods/rome/captures/rome-math-ablation.json,gpt-j-6b,gpt-j,development,cases0-49_r01,rome,36,complete,5,True,M0,2,0.018704870715737343,0.005735929124057293,5,2,True,not_evaluated_uncalibrated,True
rome-math-n50-gpt-j-6b-v1,analysis_out/rome-math-n50-gpt-j-6b-v1/plans/gpt-j-6b/cases0-49_r01/methods/rome/captures/rome-math-ablation.json,gpt-j-6b,gpt-j,development,cases0-49_r01,rome,36,complete,5,True,M1,2,0.014584077522158623,0.009005188941955566,5,2,True,not_evaluated_uncalibrated,True
rome-math-n50-gpt-j-6b-v1,analysis_out/rome-math-n50-gpt-j-6b-v1/plans/gpt-j-6b/cases0-49_r01/methods/rome/captures/rome-math-ablation.json,gpt-j-6b,gpt-j,development,cases0-49_r01,rome,36,complete,5,True,M2,5,3.2238561295000703,0.6152168062607855,5,2,True,not_evaluated_uncalibrated,True
rome-math-n50-gpt-j-6b-v1,analysis_out/rome-math-n50-gpt-j-6b-v1/plans/gpt-j-6b/cases0-49_r01/methods/rome/captures/rome-math-ablation.json,gpt-j-6b,gpt-j,development,cases0-49_r01,rome,36,complete,5,True,M3,5,10.063775062561035,6.304965496063232,5,2,True,not_evaluated_uncalibrated,True
rome-math-n50-gpt-j-6b-v1,analysis_out/rome-math-n50-gpt-j-6b-v1/plans/gpt-j-6b/cases0-49_r01/methods/rome/captures/rome-math-ablation.json,gpt-j-6b,gpt-j,development,cases0-49_r01,rome,36,complete,5,True,M0_raw,25,262.99041748046875,19.017196655273438,5,2,True,not_evaluated_uncalibrated,True
rome-math-n50-gpt-j-6b-v1,analysis_out/rome-math-n50-gpt-j-6b-v1/plans/gpt-j-6b/cases0-49_r01/methods/rome/captures/rome-math-ablation.json,gpt-j-6b,gpt-j,development,cases0-49_r01,rome,36,complete,5,True,M1_raw,2,160.15736389160156,51.189292907714844,5,2,True,not_evaluated_uncalibrated,True
rome-math-n50-gpt-j-6b-v1,analysis_out/rome-math-n50-gpt-j-6b-v1/plans/gpt-j-6b/cases0-49_r01/methods/rome/captures/rome-math-ablation.json,gpt-j-6b,gpt-j,development,cases0-49_r01,rome,38,complete,5,True,M0,2,0.018704870715737343,0.005735929124057293,5,5,True,not_evaluated_uncalibrated,True
rome-math-n50-gpt-j-6b-v1,analysis_out/rome-math-n50-gpt-j-6b-v1/plans/gpt-j-6b/cases0-49_r01/methods/rome/captures/rome-math-ablation.json,gpt-j-6b,gpt-j,development,cases0-49_r01,rome,38,complete,5,True,M1,2,0.014584077522158623,0.009005188941955566,5,5,True,not_evaluated_uncalibrated,True
rome-math-n50-gpt-j-6b-v1,analysis_out/rome-math-n50-gpt-j-6b-v1/plans/gpt-j-6b/cases0-49_r01/methods/rome/captures/rome-math-ablation.json,gpt-j-6b,gpt-j,development,cases0-49_r01,rome,38,complete,5,True,M2,5,4.777433818743135,2.16879449550385,5,5,True,not_evaluated_uncalibrated,True
rome-math-n50-gpt-j-6b-v1,analysis_out/rome-math-n50-gpt-j-6b-v1/plans/gpt-j-6b/cases0-49_r01/methods/rome/captures/rome-math-ablation.json,gpt-j-6b,gpt-j,development,cases0-49_r01,rome,38,complete,5,True,M3,5,14.68743896484375,10.928629398345947,5,5,True,not_evaluated_uncalibrated,True
rome-math-n50-gpt-j-6b-v1,analysis_out/rome-math-n50-gpt-j-6b-v1/plans/gpt-j-6b/cases0-49_r01/methods/rome/captures/rome-math-ablation.json,gpt-j-6b,gpt-j,development,cases0-49_r01,rome,38,complete,5,True,M0_raw,25,262.99041748046875,19.017196655273438,5,5,True,not_evaluated_uncalibrated,True
rome-math-n50-gpt-j-6b-v1,analysis_out/rome-math-n50-gpt-j-6b-v1/plans/gpt-j-6b/cases0-49_r01/methods/rome/captures/rome-math-ablation.json,gpt-j-6b,gpt-j,development,cases0-49_r01,rome,38,complete,5,True,M1_raw,2,160.15736389160156,51.189292907714844,5,5,True,not_evaluated_uncalibrated,True
rome-math-n50-gpt-j-6b-v1,analysis_out/rome-math-n50-gpt-j-6b-v1/plans/gpt-j-6b/cases0-49_r01/methods/rome/captures/rome-math-ablation.json,gpt-j-6b,gpt-j,development,cases0-49_r01,rome,39,complete,5,True,M0,2,0.018704870715737343,0.005735929124057293,5,2,True,not_evaluated_uncalibrated,True
rome-math-n50-gpt-j-6b-v1,analysis_out/rome-math-n50-gpt-j-6b-v1/plans/gpt-j-6b/cases0-49_r01/methods/rome/captures/rome-math-ablation.json,gpt-j-6b,gpt-j,development,cases0-49_r01,rome,39,complete,5,True,M1,2,0.014584077522158623,0.009005188941955566,5,2,True,not_evaluated_uncalibrated,True
rome-math-n50-gpt-j-6b-v1,analysis_out/rome-math-n50-gpt-j-6b-v1/plans/gpt-j-6b/cases0-49_r01/methods/rome/captures/rome-math-ablation.json,gpt-j-6b,gpt-j,development,cases0-49_r01,rome,39,complete,5,True,M2,5,3.411235128229876,0.8025958049905912,5,2,True,not_evaluated_uncalibrated,True
rome-math-n50-gpt-j-6b-v1,analysis_out/rome-math-n50-gpt-j-6b-v1/plans/gpt-j-6b/cases0-49_r01/methods/rome/captures/rome-math-ablation.json,gpt-j-6b,gpt-j,development,cases0-49_r01,rome,39,complete,5,True,M3,5,9.518555641174316,5.759746074676514,5,2,True,not_evaluated_uncalibrated,True
rome-math-n50-gpt-j-6b-v1,analysis_out/rome-math-n50-gpt-j-6b-v1/plans/gpt-j-6b/cases0-49_r01/methods/rome/captures/rome-math-ablation.json,gpt-j-6b,gpt-j,development,cases0-49_r01,rome,39,complete,5,True,M0_raw,25,262.99041748046875,19.017196655273438,5,2,True,not_evaluated_uncalibrated,True
rome-math-n50-gpt-j-6b-v1,analysis_out/rome-math-n50-gpt-j-6b-v1/plans/gpt-j-6b/cases0-49_r01/methods/rome/captures/rome-math-ablation.json,gpt-j-6b,gpt-j,development,cases0-49_r01,rome,39,complete,5,True,M1_raw,2,160.15736389160156,51.189292907714844,5,2,True,not_evaluated_uncalibrated,True
rome-math-n50-gpt-j-6b-v1,analysis_out/rome-math-n50-gpt-j-6b-v1/plans/gpt-j-6b/cases0-49_r01/methods/rome/captures/rome-math-ablation.json,gpt-j-6b,gpt-j,development,cases0-49_r01,rome,40,complete,5,True,M0,2,0.018704870715737343,0.005735929124057293,5,2,True,not_evaluated_uncalibrated,True
rome-math-n50-gpt-j-6b-v1,analysis_out/rome-math-n50-gpt-j-6b-v1/plans/gpt-j-6b/cases0-49_r01/methods/rome/captures/rome-math-ablation.json,gpt-j-6b,gpt-j,development,cases0-49_r01,rome,40,complete,5,True,M1,2,0.014584077522158623,0.009005188941955566,5,2,True,not_evaluated_uncalibrated,True
rome-math-n50-gpt-j-6b-v1,analysis_out/rome-math-n50-gpt-j-6b-v1/plans/gpt-j-6b/cases0-49_r01/methods/rome/captures/rome-math-ablation.json,gpt-j-6b,gpt-j,development,cases0-49_r01,rome,40,complete,5,True,M2,5,4.424190779304949,1.815551456065664,5,2,True,not_evaluated_uncalibrated,True
rome-math-n50-gpt-j-6b-v1,analysis_out/rome-math-n50-gpt-j-6b-v1/plans/gpt-j-6b/cases0-49_r01/methods/rome/captures/rome-math-ablation.json,gpt-j-6b,gpt-j,development,cases0-49_r01,rome,40,complete,5,True,M3,5,15.758936882019043,12.00012731552124,5,2,True,not_evaluated_uncalibrated,True
rome-math-n50-gpt-j-6b-v1,analysis_out/rome-math-n50-gpt-j-6b-v1/plans/gpt-j-6b/cases0-49_r01/methods/rome/captures/rome-math-ablation.json,gpt-j-6b,gpt-j,development,cases0-49_r01,rome,40,complete,5,True,M0_raw,25,262.99041748046875,19.017196655273438,5,2,True,not_evaluated_uncalibrated,True
rome-math-n50-gpt-j-6b-v1,analysis_out/rome-math-n50-gpt-j-6b-v1/plans/gpt-j-6b/cases0-49_r01/methods/rome/captures/rome-math-ablation.json,gpt-j-6b,gpt-j,development,cases0-49_r01,rome,40,complete,5,True,M1_raw,2,160.15736389160156,51.189292907714844,5,2,True,not_evaluated_uncalibrated,True
rome-math-n50-gpt-j-6b-v1,analysis_out/rome-math-n50-gpt-j-6b-v1/plans/gpt-j-6b/cases0-49_r01/methods/rome/captures/rome-math-ablation.json,gpt-j-6b,gpt-j,development,cases0-49_r01,rome,41,complete,5,True,M0,2,0.018704870715737343,0.005735929124057293,5,2,True,not_evaluated_uncalibrated,True
rome-math-n50-gpt-j-6b-v1,analysis_out/rome-math-n50-gpt-j-6b-v1/plans/gpt-j-6b/cases0-49_r01/methods/rome/captures/rome-math-ablation.json,gpt-j-6b,gpt-j,development,cases0-49_r01,rome,41,complete,5,True,M1,2,0.014584077522158623,0.009005188941955566,5,2,True,not_evaluated_uncalibrated,True
rome-math-n50-gpt-j-6b-v1,analysis_out/rome-math-n50-gpt-j-6b-v1/plans/gpt-j-6b/cases0-49_r01/methods/rome/captures/rome-math-ablation.json,gpt-j-6b,gpt-j,development,cases0-49_r01,rome,41,complete,5,True,M2,5,3.1263616862015935,0.5177223629623087,5,2,True,not_evaluated_uncalibrated,True
rome-math-n50-gpt-j-6b-v1,analysis_out/rome-math-n50-gpt-j-6b-v1/plans/gpt-j-6b/cases0-49_r01/methods/rome/captures/rome-math-ablation.json,gpt-j-6b,gpt-j,development,cases0-49_r01,rome,41,complete,5,True,M3,5,9.126239776611328,5.367430210113525,5,2,True,not_evaluated_uncalibrated,True
rome-math-n50-gpt-j-6b-v1,analysis_out/rome-math-n50-gpt-j-6b-v1/plans/gpt-j-6b/cases0-49_r01/methods/rome/captures/rome-math-ablation.json,gpt-j-6b,gpt-j,development,cases0-49_r01,rome,41,complete,5,True,M0_raw,25,262.99041748046875,19.017196655273438,5,2,True,not_evaluated_uncalibrated,True
rome-math-n50-gpt-j-6b-v1,analysis_out/rome-math-n50-gpt-j-6b-v1/plans/gpt-j-6b/cases0-49_r01/methods/rome/captures/rome-math-ablation.json,gpt-j-6b,gpt-j,development,cases0-49_r01,rome,41,complete,5,True,M1_raw,2,160.15736389160156,51.189292907714844,5,2,True,not_evaluated_uncalibrated,True
rome-math-n50-gpt-j-6b-v1,analysis_out/rome-math-n50-gpt-j-6b-v1/plans/gpt-j-6b/cases0-49_r01/methods/rome/captures/rome-math-ablation.json,gpt-j-6b,gpt-j,development,cases0-49_r01,rome,42,complete,5,True,M0,2,0.018704870715737343,0.005735929124057293,5,2,True,not_evaluated_uncalibrated,False
rome-math-n50-gpt-j-6b-v1,analysis_out/rome-math-n50-gpt-j-6b-v1/plans/gpt-j-6b/cases0-49_r01/methods/rome/captures/rome-math-ablation.json,gpt-j-6b,gpt-j,development,cases0-49_r01,rome,42,complete,5,True,M1,2,0.014584077522158623,0.009005188941955566,5,2,True,not_evaluated_uncalibrated,False
rome-math-n50-gpt-j-6b-v1,analysis_out/rome-math-n50-gpt-j-6b-v1/plans/gpt-j-6b/cases0-49_r01/methods/rome/captures/rome-math-ablation.json,gpt-j-6b,gpt-j,development,cases0-49_r01,rome,42,complete,5,True,M2,5,3.196022711158757,0.5873833879194721,5,2,True,not_evaluated_uncalibrated,False
rome-math-n50-gpt-j-6b-v1,analysis_out/rome-math-n50-gpt-j-6b-v1/plans/gpt-j-6b/cases0-49_r01/methods/rome/captures/rome-math-ablation.json,gpt-j-6b,gpt-j,development,cases0-49_r01,rome,42,complete,5,True,M3,5,5.02000093460083,1.2611913681030273,5,2,True,not_evaluated_uncalibrated,False
rome-math-n50-gpt-j-6b-v1,analysis_out/rome-math-n50-gpt-j-6b-v1/plans/gpt-j-6b/cases0-49_r01/methods/rome/captures/rome-math-ablation.json,gpt-j-6b,gpt-j,development,cases0-49_r01,rome,42,complete,5,True,M0_raw,25,262.99041748046875,19.017196655273438,5,2,True,not_evaluated_uncalibrated,False
rome-math-n50-gpt-j-6b-v1,analysis_out/rome-math-n50-gpt-j-6b-v1/plans/gpt-j-6b/cases0-49_r01/methods/rome/captures/rome-math-ablation.json,gpt-j-6b,gpt-j,development,cases0-49_r01,rome,42,complete,5,True,M1_raw,2,160.15736389160156,51.189292907714844,5,2,True,not_evaluated_uncalibrated,False
rome-math-n50-gpt-j-6b-v1,analysis_out/rome-math-n50-gpt-j-6b-v1/plans/gpt-j-6b/cases0-49_r01/methods/rome/captures/rome-math-ablation.json,gpt-j-6b,gpt-j,development,cases0-49_r01,rome,43,complete,5,True,M0,2,0.018704870715737343,0.005459433421492577,5,5,True,not_evaluated_uncalibrated,True
rome-math-n50-gpt-j-6b-v1,analysis_out/rome-math-n50-gpt-j-6b-v1/plans/gpt-j-6b/cases0-49_r01/methods/rome/captures/rome-math-ablation.json,gpt-j-6b,gpt-j,development,cases0-49_r01,rome,43,complete,5,True,M1,2,0.014584077522158623,0.008219093549996614,5,5,True,not_evaluated_uncalibrated,True
rome-math-n50-gpt-j-6b-v1,analysis_out/rome-math-n50-gpt-j-6b-v1/plans/gpt-j-6b/cases0-49_r01/methods/rome/captures/rome-math-ablation.json,gpt-j-6b,gpt-j,development,cases0-49_r01,rome,43,complete,5,True,M2,5,5.531368566351935,2.92272924311265,5,5,True,not_evaluated_uncalibrated,True
rome-math-n50-gpt-j-6b-v1,analysis_out/rome-math-n50-gpt-j-6b-v1/plans/gpt-j-6b/cases0-49_r01/methods/rome/captures/rome-math-ablation.json,gpt-j-6b,gpt-j,development,cases0-49_r01,rome,43,complete,5,True,M3,5,18.03921127319336,14.280401706695557,5,5,True,not_evaluated_uncalibrated,True
rome-math-n50-gpt-j-6b-v1,analysis_out/rome-math-n50-gpt-j-6b-v1/plans/gpt-j-6b/cases0-49_r01/methods/rome/captures/rome-math-ablation.json,gpt-j-6b,gpt-j,development,cases0-49_r01,rome,43,complete,5,True,M0_raw,25,262.99041748046875,19.017196655273438,5,5,True,not_evaluated_uncalibrated,True
rome-math-n50-gpt-j-6b-v1,analysis_out/rome-math-n50-gpt-j-6b-v1/plans/gpt-j-6b/cases0-49_r01/methods/rome/captures/rome-math-ablation.json,gpt-j-6b,gpt-j,development,cases0-49_r01,rome,43,complete,5,True,M1_raw,2,160.15736389160156,51.189292907714844,5,5,True,not_evaluated_uncalibrated,True
rome-math-n50-gpt-j-6b-v1,analysis_out/rome-math-n50-gpt-j-6b-v1/plans/gpt-j-6b/cases0-49_r01/methods/rome/captures/rome-math-ablation.json,gpt-j-6b,gpt-j,development,cases0-49_r01,rome,44,complete,5,True,M0,2,0.018704870715737343,0.005735929124057293,5,2,True,not_evaluated_uncalibrated,False
rome-math-n50-gpt-j-6b-v1,analysis_out/rome-math-n50-gpt-j-6b-v1/plans/gpt-j-6b/cases0-49_r01/methods/rome/captures/rome-math-ablation.json,gpt-j-6b,gpt-j,development,cases0-49_r01,rome,44,complete,5,True,M1,2,0.014584077522158623,0.009005188941955566,5,2,True,not_evaluated_uncalibrated,False
rome-math-n50-gpt-j-6b-v1,analysis_out/rome-math-n50-gpt-j-6b-v1/plans/gpt-j-6b/cases0-49_r01/methods/rome/captures/rome-math-ablation.json,gpt-j-6b,gpt-j,development,cases0-49_r01,rome,44,complete,5,True,M2,5,3.0393996724972387,0.4307603492579539,5,2,True,not_evaluated_uncalibrated,False
rome-math-n50-gpt-j-6b-v1,analysis_out/rome-math-n50-gpt-j-6b-v1/plans/gpt-j-6b/cases0-49_r01/methods/rome/captures/rome-math-ablation.json,gpt-j-6b,gpt-j,development,cases0-49_r01,rome,44,complete,5,True,M3,5,5.705408573150635,1.946599006652832,5,2,True,not_evaluated_uncalibrated,False
rome-math-n50-gpt-j-6b-v1,analysis_out/rome-math-n50-gpt-j-6b-v1/plans/gpt-j-6b/cases0-49_r01/methods/rome/captures/rome-math-ablation.json,gpt-j-6b,gpt-j,development,cases0-49_r01,rome,44,complete,5,True,M0_raw,25,262.99041748046875,19.017196655273438,5,2,True,not_evaluated_uncalibrated,False
rome-math-n50-gpt-j-6b-v1,analysis_out/rome-math-n50-gpt-j-6b-v1/plans/gpt-j-6b/cases0-49_r01/methods/rome/captures/rome-math-ablation.json,gpt-j-6b,gpt-j,development,cases0-49_r01,rome,44,complete,5,True,M1_raw,2,160.15736389160156,51.189292907714844,5,2,True,not_evaluated_uncalibrated,False
rome-math-n50-gpt-j-6b-v1,analysis_out/rome-math-n50-gpt-j-6b-v1/plans/gpt-j-6b/cases0-49_r01/methods/rome/captures/rome-math-ablation.json,gpt-j-6b,gpt-j,development,cases0-49_r01,rome,45,complete,5,True,M0,2,0.018704870715737343,0.005735929124057293,2,2,True,not_evaluated_uncalibrated,False
rome-math-n50-gpt-j-6b-v1,analysis_out/rome-math-n50-gpt-j-6b-v1/plans/gpt-j-6b/cases0-49_r01/methods/rome/captures/rome-math-ablation.json,gpt-j-6b,gpt-j,development,cases0-49_r01,rome,45,complete,5,True,M1,2,0.014584077522158623,0.009005188941955566,2,2,True,not_evaluated_uncalibrated,False
rome-math-n50-gpt-j-6b-v1,analysis_out/rome-math-n50-gpt-j-6b-v1/plans/gpt-j-6b/cases0-49_r01/methods/rome/captures/rome-math-ablation.json,gpt-j-6b,gpt-j,development,cases0-49_r01,rome,45,complete,5,True,M2,5,2.8276524674879213,0.2190131442486365,2,2,True,not_evaluated_uncalibrated,False
rome-math-n50-gpt-j-6b-v1,analysis_out/rome-math-n50-gpt-j-6b-v1/plans/gpt-j-6b/cases0-49_r01/methods/rome/captures/rome-math-ablation.json,gpt-j-6b,gpt-j,development,cases0-49_r01,rome,45,complete,5,True,M3,2,3.7588095664978027,0.08955240249633789,2,2,True,not_evaluated_uncalibrated,False
rome-math-n50-gpt-j-6b-v1,analysis_out/rome-math-n50-gpt-j-6b-v1/plans/gpt-j-6b/cases0-49_r01/methods/rome/captures/rome-math-ablation.json,gpt-j-6b,gpt-j,development,cases0-49_r01,rome,45,complete,5,True,M0_raw,25,262.99041748046875,19.017196655273438,2,2,True,not_evaluated_uncalibrated,False
rome-math-n50-gpt-j-6b-v1,analysis_out/rome-math-n50-gpt-j-6b-v1/plans/gpt-j-6b/cases0-49_r01/methods/rome/captures/rome-math-ablation.json,gpt-j-6b,gpt-j,development,cases0-49_r01,rome,45,complete,5,True,M1_raw,2,160.15736389160156,51.189292907714844,2,2,True,not_evaluated_uncalibrated,False
rome-math-n50-gpt-j-6b-v1,analysis_out/rome-math-n50-gpt-j-6b-v1/plans/gpt-j-6b/cases0-49_r01/methods/rome/captures/rome-math-ablation.json,gpt-j-6b,gpt-j,development,cases0-49_r01,rome,46,complete,5,True,M0,2,0.018704870715737343,0.005735929124057293,5,2,True,not_evaluated_uncalibrated,True
rome-math-n50-gpt-j-6b-v1,analysis_out/rome-math-n50-gpt-j-6b-v1/plans/gpt-j-6b/cases0-49_r01/methods/rome/captures/rome-math-ablation.json,gpt-j-6b,gpt-j,development,cases0-49_r01,rome,46,complete,5,True,M1,2,0.014584077522158623,0.009005188941955566,5,2,True,not_evaluated_uncalibrated,True
rome-math-n50-gpt-j-6b-v1,analysis_out/rome-math-n50-gpt-j-6b-v1/plans/gpt-j-6b/cases0-49_r01/methods/rome/captures/rome-math-ablation.json,gpt-j-6b,gpt-j,development,cases0-49_r01,rome,46,complete,5,True,M2,5,2.868015250570161,0.259375927330876,5,2,True,not_evaluated_uncalibrated,True
rome-math-n50-gpt-j-6b-v1,analysis_out/rome-math-n50-gpt-j-6b-v1/plans/gpt-j-6b/cases0-49_r01/methods/rome/captures/rome-math-ablation.json,gpt-j-6b,gpt-j,development,cases0-49_r01,rome,46,complete,5,True,M3,5,7.709591865539551,3.950782299041748,5,2,True,not_evaluated_uncalibrated,True
rome-math-n50-gpt-j-6b-v1,analysis_out/rome-math-n50-gpt-j-6b-v1/plans/gpt-j-6b/cases0-49_r01/methods/rome/captures/rome-math-ablation.json,gpt-j-6b,gpt-j,development,cases0-49_r01,rome,46,complete,5,True,M0_raw,25,262.99041748046875,19.017196655273438,5,2,True,not_evaluated_uncalibrated,True
rome-math-n50-gpt-j-6b-v1,analysis_out/rome-math-n50-gpt-j-6b-v1/plans/gpt-j-6b/cases0-49_r01/methods/rome/captures/rome-math-ablation.json,gpt-j-6b,gpt-j,development,cases0-49_r01,rome,46,complete,5,True,M1_raw,2,160.15736389160156,51.189292907714844,5,2,True,not_evaluated_uncalibrated,True
rome-math-n50-gpt-j-6b-v1,analysis_out/rome-math-n50-gpt-j-6b-v1/plans/gpt-j-6b/cases0-49_r01/methods/rome/captures/rome-math-ablation.json,gpt-j-6b,gpt-j,development,cases0-49_r01,rome,47,complete,5,True,M0,2,0.018704870715737343,0.005735929124057293,5,2,True,not_evaluated_uncalibrated,True
rome-math-n50-gpt-j-6b-v1,analysis_out/rome-math-n50-gpt-j-6b-v1/plans/gpt-j-6b/cases0-49_r01/methods/rome/captures/rome-math-ablation.json,gpt-j-6b,gpt-j,development,cases0-49_r01,rome,47,complete,5,True,M1,2,0.014584077522158623,0.009005188941955566,5,2,True,not_evaluated_uncalibrated,True
rome-math-n50-gpt-j-6b-v1,analysis_out/rome-math-n50-gpt-j-6b-v1/plans/gpt-j-6b/cases0-49_r01/methods/rome/captures/rome-math-ablation.json,gpt-j-6b,gpt-j,development,cases0-49_r01,rome,47,complete,5,True,M2,5,3.2427299329080608,0.634090609668776,5,2,True,not_evaluated_uncalibrated,True
rome-math-n50-gpt-j-6b-v1,analysis_out/rome-math-n50-gpt-j-6b-v1/plans/gpt-j-6b/cases0-49_r01/methods/rome/captures/rome-math-ablation.json,gpt-j-6b,gpt-j,development,cases0-49_r01,rome,47,complete,5,True,M3,5,8.838639259338379,5.079829692840576,5,2,True,not_evaluated_uncalibrated,True
rome-math-n50-gpt-j-6b-v1,analysis_out/rome-math-n50-gpt-j-6b-v1/plans/gpt-j-6b/cases0-49_r01/methods/rome/captures/rome-math-ablation.json,gpt-j-6b,gpt-j,development,cases0-49_r01,rome,47,complete,5,True,M0_raw,25,262.99041748046875,19.017196655273438,5,2,True,not_evaluated_uncalibrated,True
rome-math-n50-gpt-j-6b-v1,analysis_out/rome-math-n50-gpt-j-6b-v1/plans/gpt-j-6b/cases0-49_r01/methods/rome/captures/rome-math-ablation.json,gpt-j-6b,gpt-j,development,cases0-49_r01,rome,47,complete,5,True,M1_raw,2,160.15736389160156,51.189292907714844,5,2,True,not_evaluated_uncalibrated,True
rome-math-n50-gpt-j-6b-v1,analysis_out/rome-math-n50-gpt-j-6b-v1/plans/gpt-j-6b/cases0-49_r01/methods/rome/captures/rome-math-ablation.json,gpt-j-6b,gpt-j,development,cases0-49_r01,rome,48,complete,5,True,M0,2,0.018704870715737343,0.005735929124057293,5,2,True,not_evaluated_uncalibrated,True
rome-math-n50-gpt-j-6b-v1,analysis_out/rome-math-n50-gpt-j-6b-v1/plans/gpt-j-6b/cases0-49_r01/methods/rome/captures/rome-math-ablation.json,gpt-j-6b,gpt-j,development,cases0-49_r01,rome,48,complete,5,True,M1,2,0.014584077522158623,0.009005188941955566,5,2,True,not_evaluated_uncalibrated,True
rome-math-n50-gpt-j-6b-v1,analysis_out/rome-math-n50-gpt-j-6b-v1/plans/gpt-j-6b/cases0-49_r01/methods/rome/captures/rome-math-ablation.json,gpt-j-6b,gpt-j,development,cases0-49_r01,rome,48,complete,5,True,M2,5,3.990094998758683,1.381455675519398,5,2,True,not_evaluated_uncalibrated,True
rome-math-n50-gpt-j-6b-v1,analysis_out/rome-math-n50-gpt-j-6b-v1/plans/gpt-j-6b/cases0-49_r01/methods/rome/captures/rome-math-ablation.json,gpt-j-6b,gpt-j,development,cases0-49_r01,rome,48,complete,5,True,M3,5,12.079299926757812,8.32049036026001,5,2,True,not_evaluated_uncalibrated,True
rome-math-n50-gpt-j-6b-v1,analysis_out/rome-math-n50-gpt-j-6b-v1/plans/gpt-j-6b/cases0-49_r01/methods/rome/captures/rome-math-ablation.json,gpt-j-6b,gpt-j,development,cases0-49_r01,rome,48,complete,5,True,M0_raw,25,262.99041748046875,19.017196655273438,5,2,True,not_evaluated_uncalibrated,True
rome-math-n50-gpt-j-6b-v1,analysis_out/rome-math-n50-gpt-j-6b-v1/plans/gpt-j-6b/cases0-49_r01/methods/rome/captures/rome-math-ablation.json,gpt-j-6b,gpt-j,development,cases0-49_r01,rome,48,complete,5,True,M1_raw,2,160.15736389160156,51.189292907714844,5,2,True,not_evaluated_uncalibrated,True
rome-math-n50-gpt-j-6b-v1,analysis_out/rome-math-n50-gpt-j-6b-v1/plans/gpt-j-6b/cases0-49_r01/methods/rome/captures/rome-math-ablation.json,gpt-j-6b,gpt-j,development,cases0-49_r01,rome,49,complete,5,True,M0,2,0.018704870715737343,0.005735929124057293,5,2,True,not_evaluated_uncalibrated,True
rome-math-n50-gpt-j-6b-v1,analysis_out/rome-math-n50-gpt-j-6b-v1/plans/gpt-j-6b/cases0-49_r01/methods/rome/captures/rome-math-ablation.json,gpt-j-6b,gpt-j,development,cases0-49_r01,rome,49,complete,5,True,M1,2,0.014584077522158623,0.009005188941955566,5,2,True,not_evaluated_uncalibrated,True
rome-math-n50-gpt-j-6b-v1,analysis_out/rome-math-n50-gpt-j-6b-v1/plans/gpt-j-6b/cases0-49_r01/methods/rome/captures/rome-math-ablation.json,gpt-j-6b,gpt-j,development,cases0-49_r01,rome,49,complete,5,True,M2,5,3.0531654410266644,0.4445261177873796,5,2,True,not_evaluated_uncalibrated,True
rome-math-n50-gpt-j-6b-v1,analysis_out/rome-math-n50-gpt-j-6b-v1/plans/gpt-j-6b/cases0-49_r01/methods/rome/captures/rome-math-ablation.json,gpt-j-6b,gpt-j,development,cases0-49_r01,rome,49,complete,5,True,M3,5,9.350893020629883,5.59208345413208,5,2,True,not_evaluated_uncalibrated,True
rome-math-n50-gpt-j-6b-v1,analysis_out/rome-math-n50-gpt-j-6b-v1/plans/gpt-j-6b/cases0-49_r01/methods/rome/captures/rome-math-ablation.json,gpt-j-6b,gpt-j,development,cases0-49_r01,rome,49,complete,5,True,M0_raw,25,262.99041748046875,19.017196655273438,5,2,True,not_evaluated_uncalibrated,True
rome-math-n50-gpt-j-6b-v1,analysis_out/rome-math-n50-gpt-j-6b-v1/plans/gpt-j-6b/cases0-49_r01/methods/rome/captures/rome-math-ablation.json,gpt-j-6b,gpt-j,development,cases0-49_r01,rome,49,complete,5,True,M1_raw,2,160.15736389160156,51.189292907714844,5,2,True,not_evaluated_uncalibrated,True
rome-math-n50-gpt-j-6b-v1,analysis_out/rome-math-n50-gpt-j-6b-v1/plans/gpt-j-6b/cases0-49_r01/methods/rome/captures/rome-math-ablation.json,gpt-j-6b,gpt-j,development,cases0-49_r01,rome,50,complete,5,True,M0,2,0.018704870715737343,0.005735929124057293,5,2,True,not_evaluated_uncalibrated,True
rome-math-n50-gpt-j-6b-v1,analysis_out/rome-math-n50-gpt-j-6b-v1/plans/gpt-j-6b/cases0-49_r01/methods/rome/captures/rome-math-ablation.json,gpt-j-6b,gpt-j,development,cases0-49_r01,rome,50,complete,5,True,M1,2,0.014584077522158623,0.009005188941955566,5,2,True,not_evaluated_uncalibrated,True
rome-math-n50-gpt-j-6b-v1,analysis_out/rome-math-n50-gpt-j-6b-v1/plans/gpt-j-6b/cases0-49_r01/methods/rome/captures/rome-math-ablation.json,gpt-j-6b,gpt-j,development,cases0-49_r01,rome,50,complete,5,True,M2,5,3.5556272044705746,0.9469878812312897,5,2,True,not_evaluated_uncalibrated,True
rome-math-n50-gpt-j-6b-v1,analysis_out/rome-math-n50-gpt-j-6b-v1/plans/gpt-j-6b/cases0-49_r01/methods/rome/captures/rome-math-ablation.json,gpt-j-6b,gpt-j,development,cases0-49_r01,rome,50,complete,5,True,M3,5,9.2222261428833,5.463416576385498,5,2,True,not_evaluated_uncalibrated,True
rome-math-n50-gpt-j-6b-v1,analysis_out/rome-math-n50-gpt-j-6b-v1/plans/gpt-j-6b/cases0-49_r01/methods/rome/captures/rome-math-ablation.json,gpt-j-6b,gpt-j,development,cases0-49_r01,rome,50,complete,5,True,M0_raw,25,262.99041748046875,19.017196655273438,5,2,True,not_evaluated_uncalibrated,True
rome-math-n50-gpt-j-6b-v1,analysis_out/rome-math-n50-gpt-j-6b-v1/plans/gpt-j-6b/cases0-49_r01/methods/rome/captures/rome-math-ablation.json,gpt-j-6b,gpt-j,development,cases0-49_r01,rome,50,complete,5,True,M1_raw,2,160.15736389160156,51.189292907714844,5,2,True,not_evaluated_uncalibrated,True
rome-math-n50-gpt-j-6b-v1,analysis_out/rome-math-n50-gpt-j-6b-v1/plans/gpt-j-6b/cases0-49_r01/methods/rome/captures/rome-math-ablation.json,gpt-j-6b,gpt-j,development,cases0-49_r01,rome,52,complete,5,True,M0,2,0.018704870715737343,0.005735929124057293,5,2,True,not_evaluated_uncalibrated,True
rome-math-n50-gpt-j-6b-v1,analysis_out/rome-math-n50-gpt-j-6b-v1/plans/gpt-j-6b/cases0-49_r01/methods/rome/captures/rome-math-ablation.json,gpt-j-6b,gpt-j,development,cases0-49_r01,rome,52,complete,5,True,M1,2,0.014584077522158623,0.009005188941955566,5,2,True,not_evaluated_uncalibrated,True
rome-math-n50-gpt-j-6b-v1,analysis_out/rome-math-n50-gpt-j-6b-v1/plans/gpt-j-6b/cases0-49_r01/methods/rome/captures/rome-math-ablation.json,gpt-j-6b,gpt-j,development,cases0-49_r01,rome,52,complete,5,True,M2,5,3.4493362661036207,0.8406969428643358,5,2,True,not_evaluated_uncalibrated,True
rome-math-n50-gpt-j-6b-v1,analysis_out/rome-math-n50-gpt-j-6b-v1/plans/gpt-j-6b/cases0-49_r01/methods/rome/captures/rome-math-ablation.json,gpt-j-6b,gpt-j,development,cases0-49_r01,rome,52,complete,5,True,M3,5,9.876363754272461,6.117554187774658,5,2,True,not_evaluated_uncalibrated,True
rome-math-n50-gpt-j-6b-v1,analysis_out/rome-math-n50-gpt-j-6b-v1/plans/gpt-j-6b/cases0-49_r01/methods/rome/captures/rome-math-ablation.json,gpt-j-6b,gpt-j,development,cases0-49_r01,rome,52,complete,5,True,M0_raw,25,262.99041748046875,19.017196655273438,5,2,True,not_evaluated_uncalibrated,True
rome-math-n50-gpt-j-6b-v1,analysis_out/rome-math-n50-gpt-j-6b-v1/plans/gpt-j-6b/cases0-49_r01/methods/rome/captures/rome-math-ablation.json,gpt-j-6b,gpt-j,development,cases0-49_r01,rome,52,complete,5,True,M1_raw,2,160.15736389160156,51.189292907714844,5,2,True,not_evaluated_uncalibrated,True
rome-math-n50-gpt-j-6b-v1,analysis_out/rome-math-n50-gpt-j-6b-v1/plans/gpt-j-6b/cases0-49_r01/methods/rome/captures/rome-math-ablation.json,gpt-j-6b,gpt-j,development,cases0-49_r01,rome,53,complete,5,True,M0,2,0.018704870715737343,0.005735929124057293,5,2,True,not_evaluated_uncalibrated,True
rome-math-n50-gpt-j-6b-v1,analysis_out/rome-math-n50-gpt-j-6b-v1/plans/gpt-j-6b/cases0-49_r01/methods/rome/captures/rome-math-ablation.json,gpt-j-6b,gpt-j,development,cases0-49_r01,rome,53,complete,5,True,M1,2,0.014584077522158623,0.009005188941955566,5,2,True,not_evaluated_uncalibrated,True
rome-math-n50-gpt-j-6b-v1,analysis_out/rome-math-n50-gpt-j-6b-v1/plans/gpt-j-6b/cases0-49_r01/methods/rome/captures/rome-math-ablation.json,gpt-j-6b,gpt-j,development,cases0-49_r01,rome,53,complete,5,True,M2,5,4.267373996723189,1.6587346734839046,5,2,True,not_evaluated_uncalibrated,True
rome-math-n50-gpt-j-6b-v1,analysis_out/rome-math-n50-gpt-j-6b-v1/plans/gpt-j-6b/cases0-49_r01/methods/rome/captures/rome-math-ablation.json,gpt-j-6b,gpt-j,development,cases0-49_r01,rome,53,complete,5,True,M3,5,14.13670539855957,10.377895832061768,5,2,True,not_evaluated_uncalibrated,True
rome-math-n50-gpt-j-6b-v1,analysis_out/rome-math-n50-gpt-j-6b-v1/plans/gpt-j-6b/cases0-49_r01/methods/rome/captures/rome-math-ablation.json,gpt-j-6b,gpt-j,development,cases0-49_r01,rome,53,complete,5,True,M0_raw,25,262.99041748046875,19.017196655273438,5,2,True,not_evaluated_uncalibrated,True
rome-math-n50-gpt-j-6b-v1,analysis_out/rome-math-n50-gpt-j-6b-v1/plans/gpt-j-6b/cases0-49_r01/methods/rome/captures/rome-math-ablation.json,gpt-j-6b,gpt-j,development,cases0-49_r01,rome,53,complete,5,True,M1_raw,2,160.15736389160156,51.189292907714844,5,2,True,not_evaluated_uncalibrated,True
rome-math-n50-gpt2-xl-v1,analysis_out/rome-math-n50-gpt2-xl-v1/plans/gpt2-xl/cases0-49_r01/methods/rome/captures/rome-math-ablation.json,gpt2-xl,gpt2,development,cases0-49_r01,rome,0,complete,16,True,M0,4,0.016893386840820312,3.39653342962265e-05,16,4,True,not_evaluated_uncalibrated,True
rome-math-n50-gpt2-xl-v1,analysis_out/rome-math-n50-gpt2-xl-v1/plans/gpt2-xl/cases0-49_r01/methods/rome/captures/rome-math-ablation.json,gpt2-xl,gpt2,development,cases0-49_r01,rome,0,complete,16,True,M1,4,0.0065510026179254055,0.001170394942164421,16,4,True,not_evaluated_uncalibrated,True
rome-math-n50-gpt2-xl-v1,analysis_out/rome-math-n50-gpt2-xl-v1/plans/gpt2-xl/cases0-49_r01/methods/rome/captures/rome-math-ablation.json,gpt2-xl,gpt2,development,cases0-49_r01,rome,0,complete,16,True,M2,42,2.0299276016602787,0.7123205739104286,16,4,True,not_evaluated_uncalibrated,True
rome-math-n50-gpt2-xl-v1,analysis_out/rome-math-n50-gpt2-xl-v1/plans/gpt2-xl/cases0-49_r01/methods/rome/captures/rome-math-ablation.json,gpt2-xl,gpt2,development,cases0-49_r01,rome,0,complete,16,True,M3,16,3.6830766201019287,0.4661235809326172,16,4,True,not_evaluated_uncalibrated,True
rome-math-n50-gpt2-xl-v1,analysis_out/rome-math-n50-gpt2-xl-v1/plans/gpt2-xl/cases0-49_r01/methods/rome/captures/rome-math-ablation.json,gpt2-xl,gpt2,development,cases0-49_r01,rome,0,complete,16,True,M0_raw,43,430.9852294921875,21.468780517578125,16,4,True,not_evaluated_uncalibrated,True
rome-math-n50-gpt2-xl-v1,analysis_out/rome-math-n50-gpt2-xl-v1/plans/gpt2-xl/cases0-49_r01/methods/rome/captures/rome-math-ablation.json,gpt2-xl,gpt2,development,cases0-49_r01,rome,0,complete,16,True,M1_raw,43,83.7782974243164,1.0367660522460938,16,4,True,not_evaluated_uncalibrated,True
rome-math-n50-gpt2-xl-v1,analysis_out/rome-math-n50-gpt2-xl-v1/plans/gpt2-xl/cases0-49_r01/methods/rome/captures/rome-math-ablation.json,gpt2-xl,gpt2,development,cases0-49_r01,rome,1,complete,16,True,M0,4,0.016893386840820312,0.00016324594616889954,16,4,True,not_evaluated_uncalibrated,True
rome-math-n50-gpt2-xl-v1,analysis_out/rome-math-n50-gpt2-xl-v1/plans/gpt2-xl/cases0-49_r01/methods/rome/captures/rome-math-ablation.json,gpt2-xl,gpt2,development,cases0-49_r01,rome,1,complete,16,True,M1,4,0.0065510026179254055,0.001170394942164421,16,4,True,not_evaluated_uncalibrated,True
rome-math-n50-gpt2-xl-v1,analysis_out/rome-math-n50-gpt2-xl-v1/plans/gpt2-xl/cases0-49_r01/methods/rome/captures/rome-math-ablation.json,gpt2-xl,gpt2,development,cases0-49_r01,rome,1,complete,16,True,M2,42,2.0299276016602787,0.8204055239381616,16,4,True,not_evaluated_uncalibrated,True
rome-math-n50-gpt2-xl-v1,analysis_out/rome-math-n50-gpt2-xl-v1/plans/gpt2-xl/cases0-49_r01/methods/rome/captures/rome-math-ablation.json,gpt2-xl,gpt2,development,cases0-49_r01,rome,1,complete,16,True,M3,16,4.010466575622559,0.7935135364532471,16,4,True,not_evaluated_uncalibrated,True
rome-math-n50-gpt2-xl-v1,analysis_out/rome-math-n50-gpt2-xl-v1/plans/gpt2-xl/cases0-49_r01/methods/rome/captures/rome-math-ablation.json,gpt2-xl,gpt2,development,cases0-49_r01,rome,1,complete,16,True,M0_raw,43,430.9852294921875,21.468780517578125,16,4,True,not_evaluated_uncalibrated,True
rome-math-n50-gpt2-xl-v1,analysis_out/rome-math-n50-gpt2-xl-v1/plans/gpt2-xl/cases0-49_r01/methods/rome/captures/rome-math-ablation.json,gpt2-xl,gpt2,development,cases0-49_r01,rome,1,complete,16,True,M1_raw,43,83.7782974243164,1.0367660522460938,16,4,True,not_evaluated_uncalibrated,True
rome-math-n50-gpt2-xl-v1,analysis_out/rome-math-n50-gpt2-xl-v1/plans/gpt2-xl/cases0-49_r01/methods/rome/captures/rome-math-ablation.json,gpt2-xl,gpt2,development,cases0-49_r01,rome,2,complete,16,True,M0,16,0.017004719004034996,0.00011133216321468353,16,16,True,not_evaluated_uncalibrated,True
rome-math-n50-gpt2-xl-v1,analysis_out/rome-math-n50-gpt2-xl-v1/plans/gpt2-xl/cases0-49_r01/methods/rome/captures/rome-math-ablation.json,gpt2-xl,gpt2,development,cases0-49_r01,rome,2,complete,16,True,M1,4,0.0065510026179254055,0.001170394942164421,16,16,True,not_evaluated_uncalibrated,True
rome-math-n50-gpt2-xl-v1,analysis_out/rome-math-n50-gpt2-xl-v1/plans/gpt2-xl/cases0-49_r01/methods/rome/captures/rome-math-ablation.json,gpt2-xl,gpt2,development,cases0-49_r01,rome,2,complete,16,True,M2,42,2.0299276016602787,0.5210200025939171,16,16,True,not_evaluated_uncalibrated,True
rome-math-n50-gpt2-xl-v1,analysis_out/rome-math-n50-gpt2-xl-v1/plans/gpt2-xl/cases0-49_r01/methods/rome/captures/rome-math-ablation.json,gpt2-xl,gpt2,development,cases0-49_r01,rome,2,complete,16,True,M3,16,5.604630947113037,2.3876779079437256,16,16,True,not_evaluated_uncalibrated,True
rome-math-n50-gpt2-xl-v1,analysis_out/rome-math-n50-gpt2-xl-v1/plans/gpt2-xl/cases0-49_r01/methods/rome/captures/rome-math-ablation.json,gpt2-xl,gpt2,development,cases0-49_r01,rome,2,complete,16,True,M0_raw,43,430.9852294921875,21.468780517578125,16,16,True,not_evaluated_uncalibrated,True
rome-math-n50-gpt2-xl-v1,analysis_out/rome-math-n50-gpt2-xl-v1/plans/gpt2-xl/cases0-49_r01/methods/rome/captures/rome-math-ablation.json,gpt2-xl,gpt2,development,cases0-49_r01,rome,2,complete,16,True,M1_raw,43,83.7782974243164,1.0367660522460938,16,16,True,not_evaluated_uncalibrated,True
rome-math-n50-gpt2-xl-v1,analysis_out/rome-math-n50-gpt2-xl-v1/plans/gpt2-xl/cases0-49_r01/methods/rome/captures/rome-math-ablation.json,gpt2-xl,gpt2,development,cases0-49_r01,rome,3,complete,16,True,M0,16,0.01701139286160469,0.00011800602078437805,16,16,True,not_evaluated_uncalibrated,True
rome-math-n50-gpt2-xl-v1,analysis_out/rome-math-n50-gpt2-xl-v1/plans/gpt2-xl/cases0-49_r01/methods/rome/captures/rome-math-ablation.json,gpt2-xl,gpt2,development,cases0-49_r01,rome,3,complete,16,True,M1,4,0.0065510026179254055,0.001170394942164421,16,16,True,not_evaluated_uncalibrated,True
rome-math-n50-gpt2-xl-v1,analysis_out/rome-math-n50-gpt2-xl-v1/plans/gpt2-xl/cases0-49_r01/methods/rome/captures/rome-math-ablation.json,gpt2-xl,gpt2,development,cases0-49_r01,rome,3,complete,16,True,M2,42,2.0299276016602787,0.5068473791833596,16,16,True,not_evaluated_uncalibrated,True
rome-math-n50-gpt2-xl-v1,analysis_out/rome-math-n50-gpt2-xl-v1/plans/gpt2-xl/cases0-49_r01/methods/rome/captures/rome-math-ablation.json,gpt2-xl,gpt2,development,cases0-49_r01,rome,3,complete,16,True,M3,16,6.899333953857422,3.6823809146881104,16,16,True,not_evaluated_uncalibrated,True
rome-math-n50-gpt2-xl-v1,analysis_out/rome-math-n50-gpt2-xl-v1/plans/gpt2-xl/cases0-49_r01/methods/rome/captures/rome-math-ablation.json,gpt2-xl,gpt2,development,cases0-49_r01,rome,3,complete,16,True,M0_raw,43,430.9852294921875,21.468780517578125,16,16,True,not_evaluated_uncalibrated,True
rome-math-n50-gpt2-xl-v1,analysis_out/rome-math-n50-gpt2-xl-v1/plans/gpt2-xl/cases0-49_r01/methods/rome/captures/rome-math-ablation.json,gpt2-xl,gpt2,development,cases0-49_r01,rome,3,complete,16,True,M1_raw,43,83.7782974243164,1.0367660522460938,16,16,True,not_evaluated_uncalibrated,True
rome-math-n50-gpt2-xl-v1,analysis_out/rome-math-n50-gpt2-xl-v1/plans/gpt2-xl/cases0-49_r01/methods/rome/captures/rome-math-ablation.json,gpt2-xl,gpt2,development,cases0-49_r01,rome,4,complete,16,False,M0,4,0.016893386840820312,0.0002112817019224167,42,4,True,not_evaluated_uncalibrated,True
rome-math-n50-gpt2-xl-v1,analysis_out/rome-math-n50-gpt2-xl-v1/plans/gpt2-xl/cases0-49_r01/methods/rome/captures/rome-math-ablation.json,gpt2-xl,gpt2,development,cases0-49_r01,rome,4,complete,16,False,M1,4,0.0065510026179254055,0.001170394942164421,42,4,True,not_evaluated_uncalibrated,True
rome-math-n50-gpt2-xl-v1,analysis_out/rome-math-n50-gpt2-xl-v1/plans/gpt2-xl/cases0-49_r01/methods/rome/captures/rome-math-ablation.json,gpt2-xl,gpt2,development,cases0-49_r01,rome,4,complete,16,False,M2,42,2.0299276016602787,0.8204055239381616,42,4,True,not_evaluated_uncalibrated,True
rome-math-n50-gpt2-xl-v1,analysis_out/rome-math-n50-gpt2-xl-v1/plans/gpt2-xl/cases0-49_r01/methods/rome/captures/rome-math-ablation.json,gpt2-xl,gpt2,development,cases0-49_r01,rome,4,complete,16,False,M3,42,3.2169530391693115,1.366746425628662,42,4,True,not_evaluated_uncalibrated,True
rome-math-n50-gpt2-xl-v1,analysis_out/rome-math-n50-gpt2-xl-v1/plans/gpt2-xl/cases0-49_r01/methods/rome/captures/rome-math-ablation.json,gpt2-xl,gpt2,development,cases0-49_r01,rome,4,complete,16,False,M0_raw,43,430.9852294921875,21.468780517578125,42,4,True,not_evaluated_uncalibrated,True
rome-math-n50-gpt2-xl-v1,analysis_out/rome-math-n50-gpt2-xl-v1/plans/gpt2-xl/cases0-49_r01/methods/rome/captures/rome-math-ablation.json,gpt2-xl,gpt2,development,cases0-49_r01,rome,4,complete,16,False,M1_raw,43,83.7782974243164,1.0367660522460938,42,4,True,not_evaluated_uncalibrated,True
rome-math-n50-gpt2-xl-v1,analysis_out/rome-math-n50-gpt2-xl-v1/plans/gpt2-xl/cases0-49_r01/methods/rome/captures/rome-math-ablation.json,gpt2-xl,gpt2,development,cases0-49_r01,rome,5,complete,16,True,M0,4,0.016893386840820312,0.00018999725580215454,16,4,True,not_evaluated_uncalibrated,True
rome-math-n50-gpt2-xl-v1,analysis_out/rome-math-n50-gpt2-xl-v1/plans/gpt2-xl/cases0-49_r01/methods/rome/captures/rome-math-ablation.json,gpt2-xl,gpt2,development,cases0-49_r01,rome,5,complete,16,True,M1,4,0.0065510026179254055,0.001170394942164421,16,4,True,not_evaluated_uncalibrated,True
rome-math-n50-gpt2-xl-v1,analysis_out/rome-math-n50-gpt2-xl-v1/plans/gpt2-xl/cases0-49_r01/methods/rome/captures/rome-math-ablation.json,gpt2-xl,gpt2,development,cases0-49_r01,rome,5,complete,16,True,M2,42,2.0299276016602787,0.8204055239381616,16,4,True,not_evaluated_uncalibrated,True
rome-math-n50-gpt2-xl-v1,analysis_out/rome-math-n50-gpt2-xl-v1/plans/gpt2-xl/cases0-49_r01/methods/rome/captures/rome-math-ablation.json,gpt2-xl,gpt2,development,cases0-49_r01,rome,5,complete,16,True,M3,16,3.4014317989349365,0.184478759765625,16,4,True,not_evaluated_uncalibrated,True
rome-math-n50-gpt2-xl-v1,analysis_out/rome-math-n50-gpt2-xl-v1/plans/gpt2-xl/cases0-49_r01/methods/rome/captures/rome-math-ablation.json,gpt2-xl,gpt2,development,cases0-49_r01,rome,5,complete,16,True,M0_raw,43,430.9852294921875,21.468780517578125,16,4,True,not_evaluated_uncalibrated,True
rome-math-n50-gpt2-xl-v1,analysis_out/rome-math-n50-gpt2-xl-v1/plans/gpt2-xl/cases0-49_r01/methods/rome/captures/rome-math-ablation.json,gpt2-xl,gpt2,development,cases0-49_r01,rome,5,complete,16,True,M1_raw,43,83.7782974243164,1.0367660522460938,16,4,True,not_evaluated_uncalibrated,True
rome-math-n50-gpt2-xl-v1,analysis_out/rome-math-n50-gpt2-xl-v1/plans/gpt2-xl/cases0-49_r01/methods/rome/captures/rome-math-ablation.json,gpt2-xl,gpt2,development,cases0-49_r01,rome,6,complete,16,True,M0,4,0.016893386840820312,0.00011714920401573181,42,4,True,not_evaluated_uncalibrated,True
rome-math-n50-gpt2-xl-v1,analysis_out/rome-math-n50-gpt2-xl-v1/plans/gpt2-xl/cases0-49_r01/methods/rome/captures/rome-math-ablation.json,gpt2-xl,gpt2,development,cases0-49_r01,rome,6,complete,16,True,M1,4,0.0065510026179254055,0.001170394942164421,42,4,True,not_evaluated_uncalibrated,True
rome-math-n50-gpt2-xl-v1,analysis_out/rome-math-n50-gpt2-xl-v1/plans/gpt2-xl/cases0-49_r01/methods/rome/captures/rome-math-ablation.json,gpt2-xl,gpt2,development,cases0-49_r01,rome,6,complete,16,True,M2,42,2.0299276016602787,0.8204055239381616,42,4,True,not_evaluated_uncalibrated,True
rome-math-n50-gpt2-xl-v1,analysis_out/rome-math-n50-gpt2-xl-v1/plans/gpt2-xl/cases0-49_r01/methods/rome/captures/rome-math-ablation.json,gpt2-xl,gpt2,development,cases0-49_r01,rome,6,complete,16,True,M3,42,3.2169530391693115,0.18938159942626953,42,4,True,not_evaluated_uncalibrated,True
rome-math-n50-gpt2-xl-v1,analysis_out/rome-math-n50-gpt2-xl-v1/plans/gpt2-xl/cases0-49_r01/methods/rome/captures/rome-math-ablation.json,gpt2-xl,gpt2,development,cases0-49_r01,rome,6,complete,16,True,M0_raw,43,430.9852294921875,21.468780517578125,42,4,True,not_evaluated_uncalibrated,True
rome-math-n50-gpt2-xl-v1,analysis_out/rome-math-n50-gpt2-xl-v1/plans/gpt2-xl/cases0-49_r01/methods/rome/captures/rome-math-ablation.json,gpt2-xl,gpt2,development,cases0-49_r01,rome,6,complete,16,True,M1_raw,43,83.7782974243164,1.0367660522460938,42,4,True,not_evaluated_uncalibrated,True
rome-math-n50-gpt2-xl-v1,analysis_out/rome-math-n50-gpt2-xl-v1/plans/gpt2-xl/cases0-49_r01/methods/rome/captures/rome-math-ablation.json,gpt2-xl,gpt2,development,cases0-49_r01,rome,7,complete,16,True,M0,16,0.017075391486287117,0.0001820046454668045,16,16,True,not_evaluated_uncalibrated,True
rome-math-n50-gpt2-xl-v1,analysis_out/rome-math-n50-gpt2-xl-v1/plans/gpt2-xl/cases0-49_r01/methods/rome/captures/rome-math-ablation.json,gpt2-xl,gpt2,development,cases0-49_r01,rome,7,complete,16,True,M1,4,0.0065510026179254055,0.001170394942164421,16,16,True,not_evaluated_uncalibrated,True
rome-math-n50-gpt2-xl-v1,analysis_out/rome-math-n50-gpt2-xl-v1/plans/gpt2-xl/cases0-49_r01/methods/rome/captures/rome-math-ablation.json,gpt2-xl,gpt2,development,cases0-49_r01,rome,7,complete,16,True,M2,42,2.0299276016602787,0.4630829703525001,16,16,True,not_evaluated_uncalibrated,True
rome-math-n50-gpt2-xl-v1,analysis_out/rome-math-n50-gpt2-xl-v1/plans/gpt2-xl/cases0-49_r01/methods/rome/captures/rome-math-ablation.json,gpt2-xl,gpt2,development,cases0-49_r01,rome,7,complete,16,True,M3,16,5.010732173919678,1.7937791347503662,16,16,True,not_evaluated_uncalibrated,True
rome-math-n50-gpt2-xl-v1,analysis_out/rome-math-n50-gpt2-xl-v1/plans/gpt2-xl/cases0-49_r01/methods/rome/captures/rome-math-ablation.json,gpt2-xl,gpt2,development,cases0-49_r01,rome,7,complete,16,True,M0_raw,43,430.9852294921875,21.468780517578125,16,16,True,not_evaluated_uncalibrated,True
rome-math-n50-gpt2-xl-v1,analysis_out/rome-math-n50-gpt2-xl-v1/plans/gpt2-xl/cases0-49_r01/methods/rome/captures/rome-math-ablation.json,gpt2-xl,gpt2,development,cases0-49_r01,rome,7,complete,16,True,M1_raw,43,83.7782974243164,1.0367660522460938,16,16,True,not_evaluated_uncalibrated,True
rome-math-n50-gpt2-xl-v1,analysis_out/rome-math-n50-gpt2-xl-v1/plans/gpt2-xl/cases0-49_r01/methods/rome/captures/rome-math-ablation.json,gpt2-xl,gpt2,development,cases0-49_r01,rome,8,complete,16,False,M0,4,0.016893386840820312,0.0002112817019224167,42,4,True,not_evaluated_uncalibrated,True
rome-math-n50-gpt2-xl-v1,analysis_out/rome-math-n50-gpt2-xl-v1/plans/gpt2-xl/cases0-49_r01/methods/rome/captures/rome-math-ablation.json,gpt2-xl,gpt2,development,cases0-49_r01,rome,8,complete,16,False,M1,4,0.0065510026179254055,0.001170394942164421,42,4,True,not_evaluated_uncalibrated,True
rome-math-n50-gpt2-xl-v1,analysis_out/rome-math-n50-gpt2-xl-v1/plans/gpt2-xl/cases0-49_r01/methods/rome/captures/rome-math-ablation.json,gpt2-xl,gpt2,development,cases0-49_r01,rome,8,complete,16,False,M2,42,2.0299276016602787,0.8204055239381616,42,4,True,not_evaluated_uncalibrated,True
rome-math-n50-gpt2-xl-v1,analysis_out/rome-math-n50-gpt2-xl-v1/plans/gpt2-xl/cases0-49_r01/methods/rome/captures/rome-math-ablation.json,gpt2-xl,gpt2,development,cases0-49_r01,rome,8,complete,16,False,M3,42,3.2169530391693115,0.7289791107177734,42,4,True,not_evaluated_uncalibrated,True
rome-math-n50-gpt2-xl-v1,analysis_out/rome-math-n50-gpt2-xl-v1/plans/gpt2-xl/cases0-49_r01/methods/rome/captures/rome-math-ablation.json,gpt2-xl,gpt2,development,cases0-49_r01,rome,8,complete,16,False,M0_raw,43,430.9852294921875,21.468780517578125,42,4,True,not_evaluated_uncalibrated,True
rome-math-n50-gpt2-xl-v1,analysis_out/rome-math-n50-gpt2-xl-v1/plans/gpt2-xl/cases0-49_r01/methods/rome/captures/rome-math-ablation.json,gpt2-xl,gpt2,development,cases0-49_r01,rome,8,complete,16,False,M1_raw,43,83.7782974243164,1.0367660522460938,42,4,True,not_evaluated_uncalibrated,True
rome-math-n50-gpt2-xl-v1,analysis_out/rome-math-n50-gpt2-xl-v1/plans/gpt2-xl/cases0-49_r01/methods/rome/captures/rome-math-ablation.json,gpt2-xl,gpt2,development,cases0-49_r01,rome,9,complete,16,True,M0,4,0.016893386840820312,7.932446897029877e-05,16,4,True,not_evaluated_uncalibrated,True
rome-math-n50-gpt2-xl-v1,analysis_out/rome-math-n50-gpt2-xl-v1/plans/gpt2-xl/cases0-49_r01/methods/rome/captures/rome-math-ablation.json,gpt2-xl,gpt2,development,cases0-49_r01,rome,9,complete,16,True,M1,4,0.0065510026179254055,0.001170394942164421,16,4,True,not_evaluated_uncalibrated,True
rome-math-n50-gpt2-xl-v1,analysis_out/rome-math-n50-gpt2-xl-v1/plans/gpt2-xl/cases0-49_r01/methods/rome/captures/rome-math-ablation.json,gpt2-xl,gpt2,development,cases0-49_r01,rome,9,complete,16,True,M2,42,2.0299276016602787,0.7627152387952849,16,4,True,not_evaluated_uncalibrated,True
rome-math-n50-gpt2-xl-v1,analysis_out/rome-math-n50-gpt2-xl-v1/plans/gpt2-xl/cases0-49_r01/methods/rome/captures/rome-math-ablation.json,gpt2-xl,gpt2,development,cases0-49_r01,rome,9,complete,16,True,M3,16,4.0000152587890625,0.783062219619751,16,4,True,not_evaluated_uncalibrated,True
rome-math-n50-gpt2-xl-v1,analysis_out/rome-math-n50-gpt2-xl-v1/plans/gpt2-xl/cases0-49_r01/methods/rome/captures/rome-math-ablation.json,gpt2-xl,gpt2,development,cases0-49_r01,rome,9,complete,16,True,M0_raw,43,430.9852294921875,21.468780517578125,16,4,True,not_evaluated_uncalibrated,True
rome-math-n50-gpt2-xl-v1,analysis_out/rome-math-n50-gpt2-xl-v1/plans/gpt2-xl/cases0-49_r01/methods/rome/captures/rome-math-ablation.json,gpt2-xl,gpt2,development,cases0-49_r01,rome,9,complete,16,True,M1_raw,43,83.7782974243164,1.0367660522460938,16,4,True,not_evaluated_uncalibrated,True
rome-math-n50-gpt2-xl-v1,analysis_out/rome-math-n50-gpt2-xl-v1/plans/gpt2-xl/cases0-49_r01/methods/rome/captures/rome-math-ablation.json,gpt2-xl,gpt2,development,cases0-49_r01,rome,10,complete,16,True,M0,16,0.017390264198184013,0.0004968773573637009,16,16,True,not_evaluated_uncalibrated,True
rome-math-n50-gpt2-xl-v1,analysis_out/rome-math-n50-gpt2-xl-v1/plans/gpt2-xl/cases0-49_r01/methods/rome/captures/rome-math-ablation.json,gpt2-xl,gpt2,development,cases0-49_r01,rome,10,complete,16,True,M1,4,0.0065510026179254055,0.00029834406450390816,16,16,True,not_evaluated_uncalibrated,True
rome-math-n50-gpt2-xl-v1,analysis_out/rome-math-n50-gpt2-xl-v1/plans/gpt2-xl/cases0-49_r01/methods/rome/captures/rome-math-ablation.json,gpt2-xl,gpt2,development,cases0-49_r01,rome,10,complete,16,True,M2,42,2.0299276016602787,0.1721160516428859,16,16,True,not_evaluated_uncalibrated,True
rome-math-n50-gpt2-xl-v1,analysis_out/rome-math-n50-gpt2-xl-v1/plans/gpt2-xl/cases0-49_r01/methods/rome/captures/rome-math-ablation.json,gpt2-xl,gpt2,development,cases0-49_r01,rome,10,complete,16,True,M3,16,6.460646152496338,3.2436931133270264,16,16,True,not_evaluated_uncalibrated,True
rome-math-n50-gpt2-xl-v1,analysis_out/rome-math-n50-gpt2-xl-v1/plans/gpt2-xl/cases0-49_r01/methods/rome/captures/rome-math-ablation.json,gpt2-xl,gpt2,development,cases0-49_r01,rome,10,complete,16,True,M0_raw,43,430.9852294921875,21.468780517578125,16,16,True,not_evaluated_uncalibrated,True
rome-math-n50-gpt2-xl-v1,analysis_out/rome-math-n50-gpt2-xl-v1/plans/gpt2-xl/cases0-49_r01/methods/rome/captures/rome-math-ablation.json,gpt2-xl,gpt2,development,cases0-49_r01,rome,10,complete,16,True,M1_raw,43,83.7782974243164,1.0367660522460938,16,16,True,not_evaluated_uncalibrated,True
rome-math-n50-gpt2-xl-v1,analysis_out/rome-math-n50-gpt2-xl-v1/plans/gpt2-xl/cases0-49_r01/methods/rome/captures/rome-math-ablation.json,gpt2-xl,gpt2,development,cases0-49_r01,rome,11,complete,16,True,M0,4,0.016893386840820312,0.00015843845903873444,16,4,True,not_evaluated_uncalibrated,True
rome-math-n50-gpt2-xl-v1,analysis_out/rome-math-n50-gpt2-xl-v1/plans/gpt2-xl/cases0-49_r01/methods/rome/captures/rome-math-ablation.json,gpt2-xl,gpt2,development,cases0-49_r01,rome,11,complete,16,True,M1,4,0.0065510026179254055,0.001170394942164421,16,4,True,not_evaluated_uncalibrated,True
rome-math-n50-gpt2-xl-v1,analysis_out/rome-math-n50-gpt2-xl-v1/plans/gpt2-xl/cases0-49_r01/methods/rome/captures/rome-math-ablation.json,gpt2-xl,gpt2,development,cases0-49_r01,rome,11,complete,16,True,M2,42,2.0299276016602787,0.8204055239381616,16,4,True,not_evaluated_uncalibrated,True
rome-math-n50-gpt2-xl-v1,analysis_out/rome-math-n50-gpt2-xl-v1/plans/gpt2-xl/cases0-49_r01/methods/rome/captures/rome-math-ablation.json,gpt2-xl,gpt2,development,cases0-49_r01,rome,11,complete,16,True,M3,16,4.117424011230469,0.9004709720611572,16,4,True,not_evaluated_uncalibrated,True
rome-math-n50-gpt2-xl-v1,analysis_out/rome-math-n50-gpt2-xl-v1/plans/gpt2-xl/cases0-49_r01/methods/rome/captures/rome-math-ablation.json,gpt2-xl,gpt2,development,cases0-49_r01,rome,11,complete,16,True,M0_raw,43,430.9852294921875,21.468780517578125,16,4,True,not_evaluated_uncalibrated,True
rome-math-n50-gpt2-xl-v1,analysis_out/rome-math-n50-gpt2-xl-v1/plans/gpt2-xl/cases0-49_r01/methods/rome/captures/rome-math-ablation.json,gpt2-xl,gpt2,development,cases0-49_r01,rome,11,complete,16,True,M1_raw,43,83.7782974243164,1.0367660522460938,16,4,True,not_evaluated_uncalibrated,True
rome-math-n50-gpt2-xl-v1,analysis_out/rome-math-n50-gpt2-xl-v1/plans/gpt2-xl/cases0-49_r01/methods/rome/captures/rome-math-ablation.json,gpt2-xl,gpt2,development,cases0-49_r01,rome,12,complete,16,True,M0,4,0.016893386840820312,0.00016104616224765778,16,4,True,not_evaluated_uncalibrated,True
rome-math-n50-gpt2-xl-v1,analysis_out/rome-math-n50-gpt2-xl-v1/plans/gpt2-xl/cases0-49_r01/methods/rome/captures/rome-math-ablation.json,gpt2-xl,gpt2,development,cases0-49_r01,rome,12,complete,16,True,M1,4,0.0065510026179254055,0.001170394942164421,16,4,True,not_evaluated_uncalibrated,True
rome-math-n50-gpt2-xl-v1,analysis_out/rome-math-n50-gpt2-xl-v1/plans/gpt2-xl/cases0-49_r01/methods/rome/captures/rome-math-ablation.json,gpt2-xl,gpt2,development,cases0-49_r01,rome,12,complete,16,True,M2,42,2.0299276016602787,0.8204055239381616,16,4,True,not_evaluated_uncalibrated,True
rome-math-n50-gpt2-xl-v1,analysis_out/rome-math-n50-gpt2-xl-v1/plans/gpt2-xl/cases0-49_r01/methods/rome/captures/rome-math-ablation.json,gpt2-xl,gpt2,development,cases0-49_r01,rome,12,complete,16,True,M3,16,3.853569984436035,0.6366169452667236,16,4,True,not_evaluated_uncalibrated,True
rome-math-n50-gpt2-xl-v1,analysis_out/rome-math-n50-gpt2-xl-v1/plans/gpt2-xl/cases0-49_r01/methods/rome/captures/rome-math-ablation.json,gpt2-xl,gpt2,development,cases0-49_r01,rome,12,complete,16,True,M0_raw,43,430.9852294921875,21.468780517578125,16,4,True,not_evaluated_uncalibrated,True
rome-math-n50-gpt2-xl-v1,analysis_out/rome-math-n50-gpt2-xl-v1/plans/gpt2-xl/cases0-49_r01/methods/rome/captures/rome-math-ablation.json,gpt2-xl,gpt2,development,cases0-49_r01,rome,12,complete,16,True,M1_raw,43,83.7782974243164,1.0367660522460938,16,4,True,not_evaluated_uncalibrated,True
rome-math-n50-gpt2-xl-v1,analysis_out/rome-math-n50-gpt2-xl-v1/plans/gpt2-xl/cases0-49_r01/methods/rome/captures/rome-math-ablation.json,gpt2-xl,gpt2,development,cases0-49_r01,rome,14,complete,16,True,M0,16,0.0169440396130085,5.0652772188186646e-05,16,16,True,not_evaluated_uncalibrated,True
rome-math-n50-gpt2-xl-v1,analysis_out/rome-math-n50-gpt2-xl-v1/plans/gpt2-xl/cases0-49_r01/methods/rome/captures/rome-math-ablation.json,gpt2-xl,gpt2,development,cases0-49_r01,rome,14,complete,16,True,M1,4,0.0065510026179254055,0.001170394942164421,16,16,True,not_evaluated_uncalibrated,True
rome-math-n50-gpt2-xl-v1,analysis_out/rome-math-n50-gpt2-xl-v1/plans/gpt2-xl/cases0-49_r01/methods/rome/captures/rome-math-ablation.json,gpt2-xl,gpt2,development,cases0-49_r01,rome,14,complete,16,True,M2,42,2.0299276016602787,0.6015508238895066,16,16,True,not_evaluated_uncalibrated,True
rome-math-n50-gpt2-xl-v1,analysis_out/rome-math-n50-gpt2-xl-v1/plans/gpt2-xl/cases0-49_r01/methods/rome/captures/rome-math-ablation.json,gpt2-xl,gpt2,development,cases0-49_r01,rome,14,complete,16,True,M3,16,5.352865695953369,2.1359126567840576,16,16,True,not_evaluated_uncalibrated,True
rome-math-n50-gpt2-xl-v1,analysis_out/rome-math-n50-gpt2-xl-v1/plans/gpt2-xl/cases0-49_r01/methods/rome/captures/rome-math-ablation.json,gpt2-xl,gpt2,development,cases0-49_r01,rome,14,complete,16,True,M0_raw,43,430.9852294921875,21.468780517578125,16,16,True,not_evaluated_uncalibrated,True
rome-math-n50-gpt2-xl-v1,analysis_out/rome-math-n50-gpt2-xl-v1/plans/gpt2-xl/cases0-49_r01/methods/rome/captures/rome-math-ablation.json,gpt2-xl,gpt2,development,cases0-49_r01,rome,14,complete,16,True,M1_raw,43,83.7782974243164,1.0367660522460938,16,16,True,not_evaluated_uncalibrated,True
rome-math-n50-gpt2-xl-v1,analysis_out/rome-math-n50-gpt2-xl-v1/plans/gpt2-xl/cases0-49_r01/methods/rome/captures/rome-math-ablation.json,gpt2-xl,gpt2,development,cases0-49_r01,rome,15,complete,16,True,M0,16,0.01731690764427185,0.0004235208034515381,16,16,True,not_evaluated_uncalibrated,True
rome-math-n50-gpt2-xl-v1,analysis_out/rome-math-n50-gpt2-xl-v1/plans/gpt2-xl/cases0-49_r01/methods/rome/captures/rome-math-ablation.json,gpt2-xl,gpt2,development,cases0-49_r01,rome,15,complete,16,True,M1,4,0.0065510026179254055,0.000512570608407259,16,16,True,not_evaluated_uncalibrated,True
rome-math-n50-gpt2-xl-v1,analysis_out/rome-math-n50-gpt2-xl-v1/plans/gpt2-xl/cases0-49_r01/methods/rome/captures/rome-math-ablation.json,gpt2-xl,gpt2,development,cases0-49_r01,rome,15,complete,16,True,M2,42,2.0299276016602787,0.2624070506181564,16,16,True,not_evaluated_uncalibrated,True
rome-math-n50-gpt2-xl-v1,analysis_out/rome-math-n50-gpt2-xl-v1/plans/gpt2-xl/cases0-49_r01/methods/rome/captures/rome-math-ablation.json,gpt2-xl,gpt2,development,cases0-49_r01,rome,15,complete,16,True,M3,16,5.399778366088867,2.1828253269195557,16,16,True,not_evaluated_uncalibrated,True
rome-math-n50-gpt2-xl-v1,analysis_out/rome-math-n50-gpt2-xl-v1/plans/gpt2-xl/cases0-49_r01/methods/rome/captures/rome-math-ablation.json,gpt2-xl,gpt2,development,cases0-49_r01,rome,15,complete,16,True,M0_raw,43,430.9852294921875,21.468780517578125,16,16,True,not_evaluated_uncalibrated,True
rome-math-n50-gpt2-xl-v1,analysis_out/rome-math-n50-gpt2-xl-v1/plans/gpt2-xl/cases0-49_r01/methods/rome/captures/rome-math-ablation.json,gpt2-xl,gpt2,development,cases0-49_r01,rome,15,complete,16,True,M1_raw,43,83.7782974243164,1.0367660522460938,16,16,True,not_evaluated_uncalibrated,True
rome-math-n50-gpt2-xl-v1,analysis_out/rome-math-n50-gpt2-xl-v1/plans/gpt2-xl/cases0-49_r01/methods/rome/captures/rome-math-ablation.json,gpt2-xl,gpt2,development,cases0-49_r01,rome,16,complete,16,True,M0,16,0.01731172949075699,0.000418342649936676,16,16,True,not_evaluated_uncalibrated,True
rome-math-n50-gpt2-xl-v1,analysis_out/rome-math-n50-gpt2-xl-v1/plans/gpt2-xl/cases0-49_r01/methods/rome/captures/rome-math-ablation.json,gpt2-xl,gpt2,development,cases0-49_r01,rome,16,complete,16,True,M1,4,0.0065510026179254055,0.0005459794774651527,16,16,True,not_evaluated_uncalibrated,True
rome-math-n50-gpt2-xl-v1,analysis_out/rome-math-n50-gpt2-xl-v1/plans/gpt2-xl/cases0-49_r01/methods/rome/captures/rome-math-ablation.json,gpt2-xl,gpt2,development,cases0-49_r01,rome,16,complete,16,True,M2,42,2.0299276016602787,0.21607512637529003,16,16,True,not_evaluated_uncalibrated,True
rome-math-n50-gpt2-xl-v1,analysis_out/rome-math-n50-gpt2-xl-v1/plans/gpt2-xl/cases0-49_r01/methods/rome/captures/rome-math-ablation.json,gpt2-xl,gpt2,development,cases0-49_r01,rome,16,complete,16,True,M3,16,8.083921432495117,4.866968393325806,16,16,True,not_evaluated_uncalibrated,True
rome-math-n50-gpt2-xl-v1,analysis_out/rome-math-n50-gpt2-xl-v1/plans/gpt2-xl/cases0-49_r01/methods/rome/captures/rome-math-ablation.json,gpt2-xl,gpt2,development,cases0-49_r01,rome,16,complete,16,True,M0_raw,43,430.9852294921875,21.468780517578125,16,16,True,not_evaluated_uncalibrated,True
rome-math-n50-gpt2-xl-v1,analysis_out/rome-math-n50-gpt2-xl-v1/plans/gpt2-xl/cases0-49_r01/methods/rome/captures/rome-math-ablation.json,gpt2-xl,gpt2,development,cases0-49_r01,rome,16,complete,16,True,M1_raw,43,83.7782974243164,1.0367660522460938,16,16,True,not_evaluated_uncalibrated,True
rome-math-n50-gpt2-xl-v1,analysis_out/rome-math-n50-gpt2-xl-v1/plans/gpt2-xl/cases0-49_r01/methods/rome/captures/rome-math-ablation.json,gpt2-xl,gpt2,development,cases0-49_r01,rome,17,complete,16,True,M0,4,0.016893386840820312,2.4354085326194763e-05,16,16,True,not_evaluated_uncalibrated,True
rome-math-n50-gpt2-xl-v1,analysis_out/rome-math-n50-gpt2-xl-v1/plans/gpt2-xl/cases0-49_r01/methods/rome/captures/rome-math-ablation.json,gpt2-xl,gpt2,development,cases0-49_r01,rome,17,complete,16,True,M1,4,0.0065510026179254055,0.001170394942164421,16,16,True,not_evaluated_uncalibrated,True
rome-math-n50-gpt2-xl-v1,analysis_out/rome-math-n50-gpt2-xl-v1/plans/gpt2-xl/cases0-49_r01/methods/rome/captures/rome-math-ablation.json,gpt2-xl,gpt2,development,cases0-49_r01,rome,17,complete,16,True,M2,42,2.0299276016602787,0.6775939231680108,16,16,True,not_evaluated_uncalibrated,True
rome-math-n50-gpt2-xl-v1,analysis_out/rome-math-n50-gpt2-xl-v1/plans/gpt2-xl/cases0-49_r01/methods/rome/captures/rome-math-ablation.json,gpt2-xl,gpt2,development,cases0-49_r01,rome,17,complete,16,True,M3,16,4.665567398071289,1.4486143589019775,16,16,True,not_evaluated_uncalibrated,True
rome-math-n50-gpt2-xl-v1,analysis_out/rome-math-n50-gpt2-xl-v1/plans/gpt2-xl/cases0-49_r01/methods/rome/captures/rome-math-ablation.json,gpt2-xl,gpt2,development,cases0-49_r01,rome,17,complete,16,True,M0_raw,43,430.9852294921875,21.468780517578125,16,16,True,not_evaluated_uncalibrated,True
rome-math-n50-gpt2-xl-v1,analysis_out/rome-math-n50-gpt2-xl-v1/plans/gpt2-xl/cases0-49_r01/methods/rome/captures/rome-math-ablation.json,gpt2-xl,gpt2,development,cases0-49_r01,rome,17,complete,16,True,M1_raw,43,83.7782974243164,1.0367660522460938,16,16,True,not_evaluated_uncalibrated,True
rome-math-n50-gpt2-xl-v1,analysis_out/rome-math-n50-gpt2-xl-v1/plans/gpt2-xl/cases0-49_r01/methods/rome/captures/rome-math-ablation.json,gpt2-xl,gpt2,development,cases0-49_r01,rome,19,complete,16,True,M0,4,0.016893386840820312,0.00012768059968948364,16,4,True,not_evaluated_uncalibrated,True
rome-math-n50-gpt2-xl-v1,analysis_out/rome-math-n50-gpt2-xl-v1/plans/gpt2-xl/cases0-49_r01/methods/rome/captures/rome-math-ablation.json,gpt2-xl,gpt2,development,cases0-49_r01,rome,19,complete,16,True,M1,4,0.0065510026179254055,0.001170394942164421,16,4,True,not_evaluated_uncalibrated,True
rome-math-n50-gpt2-xl-v1,analysis_out/rome-math-n50-gpt2-xl-v1/plans/gpt2-xl/cases0-49_r01/methods/rome/captures/rome-math-ablation.json,gpt2-xl,gpt2,development,cases0-49_r01,rome,19,complete,16,True,M2,42,2.0299276016602787,0.8204055239381616,16,4,True,not_evaluated_uncalibrated,True
rome-math-n50-gpt2-xl-v1,analysis_out/rome-math-n50-gpt2-xl-v1/plans/gpt2-xl/cases0-49_r01/methods/rome/captures/rome-math-ablation.json,gpt2-xl,gpt2,development,cases0-49_r01,rome,19,complete,16,True,M3,16,3.458282470703125,0.24132943153381348,16,4,True,not_evaluated_uncalibrated,True
rome-math-n50-gpt2-xl-v1,analysis_out/rome-math-n50-gpt2-xl-v1/plans/gpt2-xl/cases0-49_r01/methods/rome/captures/rome-math-ablation.json,gpt2-xl,gpt2,development,cases0-49_r01,rome,19,complete,16,True,M0_raw,43,430.9852294921875,21.468780517578125,16,4,True,not_evaluated_uncalibrated,True
rome-math-n50-gpt2-xl-v1,analysis_out/rome-math-n50-gpt2-xl-v1/plans/gpt2-xl/cases0-49_r01/methods/rome/captures/rome-math-ablation.json,gpt2-xl,gpt2,development,cases0-49_r01,rome,19,complete,16,True,M1_raw,43,83.7782974243164,1.0367660522460938,16,4,True,not_evaluated_uncalibrated,True
rome-math-n50-gpt2-xl-v1,analysis_out/rome-math-n50-gpt2-xl-v1/plans/gpt2-xl/cases0-49_r01/methods/rome/captures/rome-math-ablation.json,gpt2-xl,gpt2,development,cases0-49_r01,rome,20,complete,16,True,M0,16,0.01709889806807041,0.00020551122725009918,16,16,True,not_evaluated_uncalibrated,True
rome-math-n50-gpt2-xl-v1,analysis_out/rome-math-n50-gpt2-xl-v1/plans/gpt2-xl/cases0-49_r01/methods/rome/captures/rome-math-ablation.json,gpt2-xl,gpt2,development,cases0-49_r01,rome,20,complete,16,True,M1,4,0.0065510026179254055,0.001170394942164421,16,16,True,not_evaluated_uncalibrated,True
rome-math-n50-gpt2-xl-v1,analysis_out/rome-math-n50-gpt2-xl-v1/plans/gpt2-xl/cases0-49_r01/methods/rome/captures/rome-math-ablation.json,gpt2-xl,gpt2,development,cases0-49_r01,rome,20,complete,16,True,M2,42,2.0299276016602787,0.43630462686030524,16,16,True,not_evaluated_uncalibrated,True
rome-math-n50-gpt2-xl-v1,analysis_out/rome-math-n50-gpt2-xl-v1/plans/gpt2-xl/cases0-49_r01/methods/rome/captures/rome-math-ablation.json,gpt2-xl,gpt2,development,cases0-49_r01,rome,20,complete,16,True,M3,16,5.8148322105407715,2.59787917137146,16,16,True,not_evaluated_uncalibrated,True
rome-math-n50-gpt2-xl-v1,analysis_out/rome-math-n50-gpt2-xl-v1/plans/gpt2-xl/cases0-49_r01/methods/rome/captures/rome-math-ablation.json,gpt2-xl,gpt2,development,cases0-49_r01,rome,20,complete,16,True,M0_raw,43,430.9852294921875,21.468780517578125,16,16,True,not_evaluated_uncalibrated,True
rome-math-n50-gpt2-xl-v1,analysis_out/rome-math-n50-gpt2-xl-v1/plans/gpt2-xl/cases0-49_r01/methods/rome/captures/rome-math-ablation.json,gpt2-xl,gpt2,development,cases0-49_r01,rome,20,complete,16,True,M1_raw,43,83.7782974243164,1.0367660522460938,16,16,True,not_evaluated_uncalibrated,True
rome-math-n50-gpt2-xl-v1,analysis_out/rome-math-n50-gpt2-xl-v1/plans/gpt2-xl/cases0-49_r01/methods/rome/captures/rome-math-ablation.json,gpt2-xl,gpt2,development,cases0-49_r01,rome,21,complete,16,True,M0,16,0.01697230525314808,7.891841232776642e-05,16,16,True,not_evaluated_uncalibrated,True
rome-math-n50-gpt2-xl-v1,analysis_out/rome-math-n50-gpt2-xl-v1/plans/gpt2-xl/cases0-49_r01/methods/rome/captures/rome-math-ablation.json,gpt2-xl,gpt2,development,cases0-49_r01,rome,21,complete,16,True,M1,4,0.0065510026179254055,0.001170394942164421,16,16,True,not_evaluated_uncalibrated,True
rome-math-n50-gpt2-xl-v1,analysis_out/rome-math-n50-gpt2-xl-v1/plans/gpt2-xl/cases0-49_r01/methods/rome/captures/rome-math-ablation.json,gpt2-xl,gpt2,development,cases0-49_r01,rome,21,complete,16,True,M2,42,2.0299276016602787,0.5681485126138117,16,16,True,not_evaluated_uncalibrated,True
rome-math-n50-gpt2-xl-v1,analysis_out/rome-math-n50-gpt2-xl-v1/plans/gpt2-xl/cases0-49_r01/methods/rome/captures/rome-math-ablation.json,gpt2-xl,gpt2,development,cases0-49_r01,rome,21,complete,16,True,M3,16,5.177140712738037,1.9601876735687256,16,16,True,not_evaluated_uncalibrated,True
rome-math-n50-gpt2-xl-v1,analysis_out/rome-math-n50-gpt2-xl-v1/plans/gpt2-xl/cases0-49_r01/methods/rome/captures/rome-math-ablation.json,gpt2-xl,gpt2,development,cases0-49_r01,rome,21,complete,16,True,M0_raw,43,430.9852294921875,21.468780517578125,16,16,True,not_evaluated_uncalibrated,True
rome-math-n50-gpt2-xl-v1,analysis_out/rome-math-n50-gpt2-xl-v1/plans/gpt2-xl/cases0-49_r01/methods/rome/captures/rome-math-ablation.json,gpt2-xl,gpt2,development,cases0-49_r01,rome,21,complete,16,True,M1_raw,43,83.7782974243164,1.0367660522460938,16,16,True,not_evaluated_uncalibrated,True
rome-math-n50-gpt2-xl-v1,analysis_out/rome-math-n50-gpt2-xl-v1/plans/gpt2-xl/cases0-49_r01/methods/rome/captures/rome-math-ablation.json,gpt2-xl,gpt2,development,cases0-49_r01,rome,22,complete,16,True,M0,16,0.01718188263475895,0.0002884957939386368,16,16,True,not_evaluated_uncalibrated,True
rome-math-n50-gpt2-xl-v1,analysis_out/rome-math-n50-gpt2-xl-v1/plans/gpt2-xl/cases0-49_r01/methods/rome/captures/rome-math-ablation.json,gpt2-xl,gpt2,development,cases0-49_r01,rome,22,complete,16,True,M1,4,0.0065510026179254055,0.0009356928057968616,16,16,True,not_evaluated_uncalibrated,True
rome-math-n50-gpt2-xl-v1,analysis_out/rome-math-n50-gpt2-xl-v1/plans/gpt2-xl/cases0-49_r01/methods/rome/captures/rome-math-ablation.json,gpt2-xl,gpt2,development,cases0-49_r01,rome,22,complete,16,True,M2,42,2.0299276016602787,0.33815011537625406,16,16,True,not_evaluated_uncalibrated,True
rome-math-n50-gpt2-xl-v1,analysis_out/rome-math-n50-gpt2-xl-v1/plans/gpt2-xl/cases0-49_r01/methods/rome/captures/rome-math-ablation.json,gpt2-xl,gpt2,development,cases0-49_r01,rome,22,complete,16,True,M3,16,7.143712043762207,3.9267590045928955,16,16,True,not_evaluated_uncalibrated,True
rome-math-n50-gpt2-xl-v1,analysis_out/rome-math-n50-gpt2-xl-v1/plans/gpt2-xl/cases0-49_r01/methods/rome/captures/rome-math-ablation.json,gpt2-xl,gpt2,development,cases0-49_r01,rome,22,complete,16,True,M0_raw,43,430.9852294921875,21.468780517578125,16,16,True,not_evaluated_uncalibrated,True
rome-math-n50-gpt2-xl-v1,analysis_out/rome-math-n50-gpt2-xl-v1/plans/gpt2-xl/cases0-49_r01/methods/rome/captures/rome-math-ablation.json,gpt2-xl,gpt2,development,cases0-49_r01,rome,22,complete,16,True,M1_raw,43,83.7782974243164,1.0367660522460938,16,16,True,not_evaluated_uncalibrated,True
rome-math-n50-gpt2-xl-v1,analysis_out/rome-math-n50-gpt2-xl-v1/plans/gpt2-xl/cases0-49_r01/methods/rome/captures/rome-math-ablation.json,gpt2-xl,gpt2,development,cases0-49_r01,rome,23,complete,16,True,M0,4,0.016893386840820312,7.750652730464935e-05,16,4,True,not_evaluated_uncalibrated,True
rome-math-n50-gpt2-xl-v1,analysis_out/rome-math-n50-gpt2-xl-v1/plans/gpt2-xl/cases0-49_r01/methods/rome/captures/rome-math-ablation.json,gpt2-xl,gpt2,development,cases0-49_r01,rome,23,complete,16,True,M1,4,0.0065510026179254055,0.001170394942164421,16,4,True,not_evaluated_uncalibrated,True
rome-math-n50-gpt2-xl-v1,analysis_out/rome-math-n50-gpt2-xl-v1/plans/gpt2-xl/cases0-49_r01/methods/rome/captures/rome-math-ablation.json,gpt2-xl,gpt2,development,cases0-49_r01,rome,23,complete,16,True,M2,42,2.0299276016602787,0.7589701111275307,16,4,True,not_evaluated_uncalibrated,True
rome-math-n50-gpt2-xl-v1,analysis_out/rome-math-n50-gpt2-xl-v1/plans/gpt2-xl/cases0-49_r01/methods/rome/captures/rome-math-ablation.json,gpt2-xl,gpt2,development,cases0-49_r01,rome,23,complete,16,True,M3,16,3.463146924972534,0.24619388580322266,16,4,True,not_evaluated_uncalibrated,True
rome-math-n50-gpt2-xl-v1,analysis_out/rome-math-n50-gpt2-xl-v1/plans/gpt2-xl/cases0-49_r01/methods/rome/captures/rome-math-ablation.json,gpt2-xl,gpt2,development,cases0-49_r01,rome,23,complete,16,True,M0_raw,43,430.9852294921875,21.468780517578125,16,4,True,not_evaluated_uncalibrated,True
rome-math-n50-gpt2-xl-v1,analysis_out/rome-math-n50-gpt2-xl-v1/plans/gpt2-xl/cases0-49_r01/methods/rome/captures/rome-math-ablation.json,gpt2-xl,gpt2,development,cases0-49_r01,rome,23,complete,16,True,M1_raw,43,83.7782974243164,1.0367660522460938,16,4,True,not_evaluated_uncalibrated,True
rome-math-n50-gpt2-xl-v1,analysis_out/rome-math-n50-gpt2-xl-v1/plans/gpt2-xl/cases0-49_r01/methods/rome/captures/rome-math-ablation.json,gpt2-xl,gpt2,development,cases0-49_r01,rome,24,complete,16,True,M0,4,0.016893386840820312,7.416307926177979e-05,16,4,True,not_evaluated_uncalibrated,True
rome-math-n50-gpt2-xl-v1,analysis_out/rome-math-n50-gpt2-xl-v1/plans/gpt2-xl/cases0-49_r01/methods/rome/captures/rome-math-ablation.json,gpt2-xl,gpt2,development,cases0-49_r01,rome,24,complete,16,True,M1,4,0.0065510026179254055,0.001170394942164421,16,4,True,not_evaluated_uncalibrated,True
rome-math-n50-gpt2-xl-v1,analysis_out/rome-math-n50-gpt2-xl-v1/plans/gpt2-xl/cases0-49_r01/methods/rome/captures/rome-math-ablation.json,gpt2-xl,gpt2,development,cases0-49_r01,rome,24,complete,16,True,M2,42,2.0299276016602787,0.7538207861693949,16,4,True,not_evaluated_uncalibrated,True
rome-math-n50-gpt2-xl-v1,analysis_out/rome-math-n50-gpt2-xl-v1/plans/gpt2-xl/cases0-49_r01/methods/rome/captures/rome-math-ablation.json,gpt2-xl,gpt2,development,cases0-49_r01,rome,24,complete,16,True,M3,16,3.675840377807617,0.45888733863830566,16,4,True,not_evaluated_uncalibrated,True
rome-math-n50-gpt2-xl-v1,analysis_out/rome-math-n50-gpt2-xl-v1/plans/gpt2-xl/cases0-49_r01/methods/rome/captures/rome-math-ablation.json,gpt2-xl,gpt2,development,cases0-49_r01,rome,24,complete,16,True,M0_raw,43,430.9852294921875,21.468780517578125,16,4,True,not_evaluated_uncalibrated,True
rome-math-n50-gpt2-xl-v1,analysis_out/rome-math-n50-gpt2-xl-v1/plans/gpt2-xl/cases0-49_r01/methods/rome/captures/rome-math-ablation.json,gpt2-xl,gpt2,development,cases0-49_r01,rome,24,complete,16,True,M1_raw,43,83.7782974243164,1.0367660522460938,16,4,True,not_evaluated_uncalibrated,True
rome-math-n50-gpt2-xl-v1,analysis_out/rome-math-n50-gpt2-xl-v1/plans/gpt2-xl/cases0-49_r01/methods/rome/captures/rome-math-ablation.json,gpt2-xl,gpt2,development,cases0-49_r01,rome,25,complete,16,True,M0,16,0.017639195546507835,0.0007088426500558853,16,16,True,not_evaluated_uncalibrated,True
rome-math-n50-gpt2-xl-v1,analysis_out/rome-math-n50-gpt2-xl-v1/plans/gpt2-xl/cases0-49_r01/methods/rome/captures/rome-math-ablation.json,gpt2-xl,gpt2,development,cases0-49_r01,rome,25,complete,16,True,M1,16,0.006928283255547285,0.0003772806376218796,16,16,True,not_evaluated_uncalibrated,True
rome-math-n50-gpt2-xl-v1,analysis_out/rome-math-n50-gpt2-xl-v1/plans/gpt2-xl/cases0-49_r01/methods/rome/captures/rome-math-ablation.json,gpt2-xl,gpt2,development,cases0-49_r01,rome,25,complete,16,True,M2,16,2.0664422034546797,0.036514601794400914,16,16,True,not_evaluated_uncalibrated,True
rome-math-n50-gpt2-xl-v1,analysis_out/rome-math-n50-gpt2-xl-v1/plans/gpt2-xl/cases0-49_r01/methods/rome/captures/rome-math-ablation.json,gpt2-xl,gpt2,development,cases0-49_r01,rome,25,complete,16,True,M3,16,6.909850597381592,3.6928975582122803,16,16,True,not_evaluated_uncalibrated,True
rome-math-n50-gpt2-xl-v1,analysis_out/rome-math-n50-gpt2-xl-v1/plans/gpt2-xl/cases0-49_r01/methods/rome/captures/rome-math-ablation.json,gpt2-xl,gpt2,development,cases0-49_r01,rome,25,complete,16,True,M0_raw,43,430.9852294921875,21.468780517578125,16,16,True,not_evaluated_uncalibrated,True
rome-math-n50-gpt2-xl-v1,analysis_out/rome-math-n50-gpt2-xl-v1/plans/gpt2-xl/cases0-49_r01/methods/rome/captures/rome-math-ablation.json,gpt2-xl,gpt2,development,cases0-49_r01,rome,25,complete,16,True,M1_raw,16,90.35163116455078,6.573333740234375,16,16,True,not_evaluated_uncalibrated,True
rome-math-n50-gpt2-xl-v1,analysis_out/rome-math-n50-gpt2-xl-v1/plans/gpt2-xl/cases0-49_r01/methods/rome/captures/rome-math-ablation.json,gpt2-xl,gpt2,development,cases0-49_r01,rome,26,complete,16,True,M0,16,0.017092669382691383,0.00019928254187107086,16,16,True,not_evaluated_uncalibrated,True
rome-math-n50-gpt2-xl-v1,analysis_out/rome-math-n50-gpt2-xl-v1/plans/gpt2-xl/cases0-49_r01/methods/rome/captures/rome-math-ablation.json,gpt2-xl,gpt2,development,cases0-49_r01,rome,26,complete,16,True,M1,4,0.0065510026179254055,0.001170394942164421,16,16,True,not_evaluated_uncalibrated,True
rome-math-n50-gpt2-xl-v1,analysis_out/rome-math-n50-gpt2-xl-v1/plans/gpt2-xl/cases0-49_r01/methods/rome/captures/rome-math-ablation.json,gpt2-xl,gpt2,development,cases0-49_r01,rome,26,complete,16,True,M2,42,2.0299276016602787,0.4476945658247782,16,16,True,not_evaluated_uncalibrated,True
rome-math-n50-gpt2-xl-v1,analysis_out/rome-math-n50-gpt2-xl-v1/plans/gpt2-xl/cases0-49_r01/methods/rome/captures/rome-math-ablation.json,gpt2-xl,gpt2,development,cases0-49_r01,rome,26,complete,16,True,M3,16,5.436898231506348,2.219945192337036,16,16,True,not_evaluated_uncalibrated,True
rome-math-n50-gpt2-xl-v1,analysis_out/rome-math-n50-gpt2-xl-v1/plans/gpt2-xl/cases0-49_r01/methods/rome/captures/rome-math-ablation.json,gpt2-xl,gpt2,development,cases0-49_r01,rome,26,complete,16,True,M0_raw,43,430.9852294921875,21.468780517578125,16,16,True,not_evaluated_uncalibrated,True
rome-math-n50-gpt2-xl-v1,analysis_out/rome-math-n50-gpt2-xl-v1/plans/gpt2-xl/cases0-49_r01/methods/rome/captures/rome-math-ablation.json,gpt2-xl,gpt2,development,cases0-49_r01,rome,26,complete,16,True,M1_raw,43,83.7782974243164,1.0367660522460938,16,16,True,not_evaluated_uncalibrated,True
rome-math-n50-gpt2-xl-v1,analysis_out/rome-math-n50-gpt2-xl-v1/plans/gpt2-xl/cases0-49_r01/methods/rome/captures/rome-math-ablation.json,gpt2-xl,gpt2,development,cases0-49_r01,rome,27,complete,16,True,M0,4,0.016893386840820312,3.394857048988342e-05,16,16,True,not_evaluated_uncalibrated,True
rome-math-n50-gpt2-xl-v1,analysis_out/rome-math-n50-gpt2-xl-v1/plans/gpt2-xl/cases0-49_r01/methods/rome/captures/rome-math-ablation.json,gpt2-xl,gpt2,development,cases0-49_r01,rome,27,complete,16,True,M1,4,0.0065510026179254055,0.001170394942164421,16,16,True,not_evaluated_uncalibrated,True
rome-math-n50-gpt2-xl-v1,analysis_out/rome-math-n50-gpt2-xl-v1/plans/gpt2-xl/cases0-49_r01/methods/rome/captures/rome-math-ablation.json,gpt2-xl,gpt2,development,cases0-49_r01,rome,27,complete,16,True,M2,42,2.0299276016602787,0.6915610297493444,16,16,True,not_evaluated_uncalibrated,True
rome-math-n50-gpt2-xl-v1,analysis_out/rome-math-n50-gpt2-xl-v1/plans/gpt2-xl/cases0-49_r01/methods/rome/captures/rome-math-ablation.json,gpt2-xl,gpt2,development,cases0-49_r01,rome,27,complete,16,True,M3,16,5.094994068145752,1.8780410289764404,16,16,True,not_evaluated_uncalibrated,True
rome-math-n50-gpt2-xl-v1,analysis_out/rome-math-n50-gpt2-xl-v1/plans/gpt2-xl/cases0-49_r01/methods/rome/captures/rome-math-ablation.json,gpt2-xl,gpt2,development,cases0-49_r01,rome,27,complete,16,True,M0_raw,43,430.9852294921875,21.468780517578125,16,16,True,not_evaluated_uncalibrated,True
rome-math-n50-gpt2-xl-v1,analysis_out/rome-math-n50-gpt2-xl-v1/plans/gpt2-xl/cases0-49_r01/methods/rome/captures/rome-math-ablation.json,gpt2-xl,gpt2,development,cases0-49_r01,rome,27,complete,16,True,M1_raw,43,83.7782974243164,1.0367660522460938,16,16,True,not_evaluated_uncalibrated,True
rome-math-n50-gpt2-xl-v1,analysis_out/rome-math-n50-gpt2-xl-v1/plans/gpt2-xl/cases0-49_r01/methods/rome/captures/rome-math-ablation.json,gpt2-xl,gpt2,development,cases0-49_r01,rome,28,complete,16,True,M0,16,0.017038442194461823,0.00014505535364151,16,16,True,not_evaluated_uncalibrated,True
rome-math-n50-gpt2-xl-v1,analysis_out/rome-math-n50-gpt2-xl-v1/plans/gpt2-xl/cases0-49_r01/methods/rome/captures/rome-math-ablation.json,gpt2-xl,gpt2,development,cases0-49_r01,rome,28,complete,16,True,M1,4,0.0065510026179254055,0.001170394942164421,16,16,True,not_evaluated_uncalibrated,True
rome-math-n50-gpt2-xl-v1,analysis_out/rome-math-n50-gpt2-xl-v1/plans/gpt2-xl/cases0-49_r01/methods/rome/captures/rome-math-ablation.json,gpt2-xl,gpt2,development,cases0-49_r01,rome,28,complete,16,True,M2,42,2.0299276016602787,0.5241721684973675,16,16,True,not_evaluated_uncalibrated,True
rome-math-n50-gpt2-xl-v1,analysis_out/rome-math-n50-gpt2-xl-v1/plans/gpt2-xl/cases0-49_r01/methods/rome/captures/rome-math-ablation.json,gpt2-xl,gpt2,development,cases0-49_r01,rome,28,complete,16,True,M3,16,4.833002090454102,1.61604905128479,16,16,True,not_evaluated_uncalibrated,True
rome-math-n50-gpt2-xl-v1,analysis_out/rome-math-n50-gpt2-xl-v1/plans/gpt2-xl/cases0-49_r01/methods/rome/captures/rome-math-ablation.json,gpt2-xl,gpt2,development,cases0-49_r01,rome,28,complete,16,True,M0_raw,43,430.9852294921875,21.468780517578125,16,16,True,not_evaluated_uncalibrated,True
rome-math-n50-gpt2-xl-v1,analysis_out/rome-math-n50-gpt2-xl-v1/plans/gpt2-xl/cases0-49_r01/methods/rome/captures/rome-math-ablation.json,gpt2-xl,gpt2,development,cases0-49_r01,rome,28,complete,16,True,M1_raw,43,83.7782974243164,1.0367660522460938,16,16,True,not_evaluated_uncalibrated,True
rome-math-n50-gpt2-xl-v1,analysis_out/rome-math-n50-gpt2-xl-v1/plans/gpt2-xl/cases0-49_r01/methods/rome/captures/rome-math-ablation.json,gpt2-xl,gpt2,development,cases0-49_r01,rome,29,complete,16,True,M0,16,0.01694929599761963,5.5909156799316406e-05,16,16,True,not_evaluated_uncalibrated,True
rome-math-n50-gpt2-xl-v1,analysis_out/rome-math-n50-gpt2-xl-v1/plans/gpt2-xl/cases0-49_r01/methods/rome/captures/rome-math-ablation.json,gpt2-xl,gpt2,development,cases0-49_r01,rome,29,complete,16,True,M1,4,0.0065510026179254055,0.001170394942164421,16,16,True,not_evaluated_uncalibrated,True
rome-math-n50-gpt2-xl-v1,analysis_out/rome-math-n50-gpt2-xl-v1/plans/gpt2-xl/cases0-49_r01/methods/rome/captures/rome-math-ablation.json,gpt2-xl,gpt2,development,cases0-49_r01,rome,29,complete,16,True,M2,42,2.0299276016602787,0.6353309637391737,16,16,True,not_evaluated_uncalibrated,True
rome-math-n50-gpt2-xl-v1,analysis_out/rome-math-n50-gpt2-xl-v1/plans/gpt2-xl/cases0-49_r01/methods/rome/captures/rome-math-ablation.json,gpt2-xl,gpt2,development,cases0-49_r01,rome,29,complete,16,True,M3,16,3.6444520950317383,0.42749905586242676,16,16,True,not_evaluated_uncalibrated,True
rome-math-n50-gpt2-xl-v1,analysis_out/rome-math-n50-gpt2-xl-v1/plans/gpt2-xl/cases0-49_r01/methods/rome/captures/rome-math-ablation.json,gpt2-xl,gpt2,development,cases0-49_r01,rome,29,complete,16,True,M0_raw,43,430.9852294921875,21.468780517578125,16,16,True,not_evaluated_uncalibrated,True
rome-math-n50-gpt2-xl-v1,analysis_out/rome-math-n50-gpt2-xl-v1/plans/gpt2-xl/cases0-49_r01/methods/rome/captures/rome-math-ablation.json,gpt2-xl,gpt2,development,cases0-49_r01,rome,29,complete,16,True,M1_raw,43,83.7782974243164,1.0367660522460938,16,16,True,not_evaluated_uncalibrated,True
rome-math-n50-gpt2-xl-v1,analysis_out/rome-math-n50-gpt2-xl-v1/plans/gpt2-xl/cases0-49_r01/methods/rome/captures/rome-math-ablation.json,gpt2-xl,gpt2,development,cases0-49_r01,rome,30,complete,16,True,M0,4,0.016893386840820312,4.244595766067505e-05,16,16,True,not_evaluated_uncalibrated,True
rome-math-n50-gpt2-xl-v1,analysis_out/rome-math-n50-gpt2-xl-v1/plans/gpt2-xl/cases0-49_r01/methods/rome/captures/rome-math-ablation.json,gpt2-xl,gpt2,development,cases0-49_r01,rome,30,complete,16,True,M1,4,0.0065510026179254055,0.001170394942164421,16,16,True,not_evaluated_uncalibrated,True
rome-math-n50-gpt2-xl-v1,analysis_out/rome-math-n50-gpt2-xl-v1/plans/gpt2-xl/cases0-49_r01/methods/rome/captures/rome-math-ablation.json,gpt2-xl,gpt2,development,cases0-49_r01,rome,30,complete,16,True,M2,42,2.0299276016602787,0.735899408439056,16,16,True,not_evaluated_uncalibrated,True
rome-math-n50-gpt2-xl-v1,analysis_out/rome-math-n50-gpt2-xl-v1/plans/gpt2-xl/cases0-49_r01/methods/rome/captures/rome-math-ablation.json,gpt2-xl,gpt2,development,cases0-49_r01,rome,30,complete,16,True,M3,16,3.9305689334869385,0.713615894317627,16,16,True,not_evaluated_uncalibrated,True
rome-math-n50-gpt2-xl-v1,analysis_out/rome-math-n50-gpt2-xl-v1/plans/gpt2-xl/cases0-49_r01/methods/rome/captures/rome-math-ablation.json,gpt2-xl,gpt2,development,cases0-49_r01,rome,30,complete,16,True,M0_raw,43,430.9852294921875,21.468780517578125,16,16,True,not_evaluated_uncalibrated,True
rome-math-n50-gpt2-xl-v1,analysis_out/rome-math-n50-gpt2-xl-v1/plans/gpt2-xl/cases0-49_r01/methods/rome/captures/rome-math-ablation.json,gpt2-xl,gpt2,development,cases0-49_r01,rome,30,complete,16,True,M1_raw,43,83.7782974243164,1.0367660522460938,16,16,True,not_evaluated_uncalibrated,True
rome-math-n50-gpt2-xl-v1,analysis_out/rome-math-n50-gpt2-xl-v1/plans/gpt2-xl/cases0-49_r01/methods/rome/captures/rome-math-ablation.json,gpt2-xl,gpt2,development,cases0-49_r01,rome,31,complete,16,True,M0,16,0.017450163140892982,0.00055677630007267,16,16,True,not_evaluated_uncalibrated,True
rome-math-n50-gpt2-xl-v1,analysis_out/rome-math-n50-gpt2-xl-v1/plans/gpt2-xl/cases0-49_r01/methods/rome/captures/rome-math-ablation.json,gpt2-xl,gpt2,development,cases0-49_r01,rome,31,complete,16,True,M1,4,0.0065510026179254055,0.00011882325634360313,16,16,True,not_evaluated_uncalibrated,True
rome-math-n50-gpt2-xl-v1,analysis_out/rome-math-n50-gpt2-xl-v1/plans/gpt2-xl/cases0-49_r01/methods/rome/captures/rome-math-ablation.json,gpt2-xl,gpt2,development,cases0-49_r01,rome,31,complete,16,True,M2,42,2.0299276016602787,0.16222259909139325,16,16,True,not_evaluated_uncalibrated,True
rome-math-n50-gpt2-xl-v1,analysis_out/rome-math-n50-gpt2-xl-v1/plans/gpt2-xl/cases0-49_r01/methods/rome/captures/rome-math-ablation.json,gpt2-xl,gpt2,development,cases0-49_r01,rome,31,complete,16,True,M3,16,5.266124725341797,2.0491716861724854,16,16,True,not_evaluated_uncalibrated,True
rome-math-n50-gpt2-xl-v1,analysis_out/rome-math-n50-gpt2-xl-v1/plans/gpt2-xl/cases0-49_r01/methods/rome/captures/rome-math-ablation.json,gpt2-xl,gpt2,development,cases0-49_r01,rome,31,complete,16,True,M0_raw,43,430.9852294921875,21.468780517578125,16,16,True,not_evaluated_uncalibrated,True
rome-math-n50-gpt2-xl-v1,analysis_out/rome-math-n50-gpt2-xl-v1/plans/gpt2-xl/cases0-49_r01/methods/rome/captures/rome-math-ablation.json,gpt2-xl,gpt2,development,cases0-49_r01,rome,31,complete,16,True,M1_raw,16,83.81693267822266,0.03863525390625,16,16,True,not_evaluated_uncalibrated,True
rome-math-n50-gpt2-xl-v1,analysis_out/rome-math-n50-gpt2-xl-v1/plans/gpt2-xl/cases0-49_r01/methods/rome/captures/rome-math-ablation.json,gpt2-xl,gpt2,development,cases0-49_r01,rome,32,complete,16,True,M0,16,0.017141293734312057,0.000247906893491745,16,16,True,not_evaluated_uncalibrated,True
rome-math-n50-gpt2-xl-v1,analysis_out/rome-math-n50-gpt2-xl-v1/plans/gpt2-xl/cases0-49_r01/methods/rome/captures/rome-math-ablation.json,gpt2-xl,gpt2,development,cases0-49_r01,rome,32,complete,16,True,M1,4,0.0065510026179254055,0.0010455450974404812,16,16,True,not_evaluated_uncalibrated,True
rome-math-n50-gpt2-xl-v1,analysis_out/rome-math-n50-gpt2-xl-v1/plans/gpt2-xl/cases0-49_r01/methods/rome/captures/rome-math-ablation.json,gpt2-xl,gpt2,development,cases0-49_r01,rome,32,complete,16,True,M2,42,2.0299276016602787,0.4103969062345585,16,16,True,not_evaluated_uncalibrated,True
rome-math-n50-gpt2-xl-v1,analysis_out/rome-math-n50-gpt2-xl-v1/plans/gpt2-xl/cases0-49_r01/methods/rome/captures/rome-math-ablation.json,gpt2-xl,gpt2,development,cases0-49_r01,rome,32,complete,16,True,M3,16,5.171158790588379,1.9542057514190674,16,16,True,not_evaluated_uncalibrated,True
rome-math-n50-gpt2-xl-v1,analysis_out/rome-math-n50-gpt2-xl-v1/plans/gpt2-xl/cases0-49_r01/methods/rome/captures/rome-math-ablation.json,gpt2-xl,gpt2,development,cases0-49_r01,rome,32,complete,16,True,M0_raw,43,430.9852294921875,21.468780517578125,16,16,True,not_evaluated_uncalibrated,True
rome-math-n50-gpt2-xl-v1,analysis_out/rome-math-n50-gpt2-xl-v1/plans/gpt2-xl/cases0-49_r01/methods/rome/captures/rome-math-ablation.json,gpt2-xl,gpt2,development,cases0-49_r01,rome,32,complete,16,True,M1_raw,43,83.7782974243164,1.0367660522460938,16,16,True,not_evaluated_uncalibrated,True
rome-math-n50-gpt2-xl-v1,analysis_out/rome-math-n50-gpt2-xl-v1/plans/gpt2-xl/cases0-49_r01/methods/rome/captures/rome-math-ablation.json,gpt2-xl,gpt2,development,cases0-49_r01,rome,33,complete,16,True,M0,16,0.01699702814221382,0.00010364130139350891,16,16,True,not_evaluated_uncalibrated,True
rome-math-n50-gpt2-xl-v1,analysis_out/rome-math-n50-gpt2-xl-v1/plans/gpt2-xl/cases0-49_r01/methods/rome/captures/rome-math-ablation.json,gpt2-xl,gpt2,development,cases0-49_r01,rome,33,complete,16,True,M1,4,0.0065510026179254055,0.001170394942164421,16,16,True,not_evaluated_uncalibrated,True
rome-math-n50-gpt2-xl-v1,analysis_out/rome-math-n50-gpt2-xl-v1/plans/gpt2-xl/cases0-49_r01/methods/rome/captures/rome-math-ablation.json,gpt2-xl,gpt2,development,cases0-49_r01,rome,33,complete,16,True,M2,42,2.0299276016602787,0.5722185875950845,16,16,True,not_evaluated_uncalibrated,True
rome-math-n50-gpt2-xl-v1,analysis_out/rome-math-n50-gpt2-xl-v1/plans/gpt2-xl/cases0-49_r01/methods/rome/captures/rome-math-ablation.json,gpt2-xl,gpt2,development,cases0-49_r01,rome,33,complete,16,True,M3,16,4.140923023223877,0.9239699840545654,16,16,True,not_evaluated_uncalibrated,True
rome-math-n50-gpt2-xl-v1,analysis_out/rome-math-n50-gpt2-xl-v1/plans/gpt2-xl/cases0-49_r01/methods/rome/captures/rome-math-ablation.json,gpt2-xl,gpt2,development,cases0-49_r01,rome,33,complete,16,True,M0_raw,43,430.9852294921875,21.468780517578125,16,16,True,not_evaluated_uncalibrated,True
rome-math-n50-gpt2-xl-v1,analysis_out/rome-math-n50-gpt2-xl-v1/plans/gpt2-xl/cases0-49_r01/methods/rome/captures/rome-math-ablation.json,gpt2-xl,gpt2,development,cases0-49_r01,rome,33,complete,16,True,M1_raw,43,83.7782974243164,1.0367660522460938,16,16,True,not_evaluated_uncalibrated,True
rome-math-n50-gpt2-xl-v1,analysis_out/rome-math-n50-gpt2-xl-v1/plans/gpt2-xl/cases0-49_r01/methods/rome/captures/rome-math-ablation.json,gpt2-xl,gpt2,development,cases0-49_r01,rome,34,complete,16,True,M0,16,0.017022371292114258,0.0001289844512939453,16,16,True,not_evaluated_uncalibrated,True
rome-math-n50-gpt2-xl-v1,analysis_out/rome-math-n50-gpt2-xl-v1/plans/gpt2-xl/cases0-49_r01/methods/rome/captures/rome-math-ablation.json,gpt2-xl,gpt2,development,cases0-49_r01,rome,34,complete,16,True,M1,4,0.0065510026179254055,0.001170394942164421,16,16,True,not_evaluated_uncalibrated,True
rome-math-n50-gpt2-xl-v1,analysis_out/rome-math-n50-gpt2-xl-v1/plans/gpt2-xl/cases0-49_r01/methods/rome/captures/rome-math-ablation.json,gpt2-xl,gpt2,development,cases0-49_r01,rome,34,complete,16,True,M2,42,2.0299276016602787,0.5153535258108342,16,16,True,not_evaluated_uncalibrated,True
rome-math-n50-gpt2-xl-v1,analysis_out/rome-math-n50-gpt2-xl-v1/plans/gpt2-xl/cases0-49_r01/methods/rome/captures/rome-math-ablation.json,gpt2-xl,gpt2,development,cases0-49_r01,rome,34,complete,16,True,M3,16,5.486785411834717,2.2698323726654053,16,16,True,not_evaluated_uncalibrated,True
rome-math-n50-gpt2-xl-v1,analysis_out/rome-math-n50-gpt2-xl-v1/plans/gpt2-xl/cases0-49_r01/methods/rome/captures/rome-math-ablation.json,gpt2-xl,gpt2,development,cases0-49_r01,rome,34,complete,16,True,M0_raw,43,430.9852294921875,21.468780517578125,16,16,True,not_evaluated_uncalibrated,True
rome-math-n50-gpt2-xl-v1,analysis_out/rome-math-n50-gpt2-xl-v1/plans/gpt2-xl/cases0-49_r01/methods/rome/captures/rome-math-ablation.json,gpt2-xl,gpt2,development,cases0-49_r01,rome,34,complete,16,True,M1_raw,43,83.7782974243164,1.0367660522460938,16,16,True,not_evaluated_uncalibrated,True
rome-math-n50-gpt2-xl-v1,analysis_out/rome-math-n50-gpt2-xl-v1/plans/gpt2-xl/cases0-49_r01/methods/rome/captures/rome-math-ablation.json,gpt2-xl,gpt2,development,cases0-49_r01,rome,35,complete,16,True,M0,4,0.016893386840820312,0.00015251711010932922,16,4,True,not_evaluated_uncalibrated,True
rome-math-n50-gpt2-xl-v1,analysis_out/rome-math-n50-gpt2-xl-v1/plans/gpt2-xl/cases0-49_r01/methods/rome/captures/rome-math-ablation.json,gpt2-xl,gpt2,development,cases0-49_r01,rome,35,complete,16,True,M1,4,0.0065510026179254055,0.001170394942164421,16,4,True,not_evaluated_uncalibrated,True
rome-math-n50-gpt2-xl-v1,analysis_out/rome-math-n50-gpt2-xl-v1/plans/gpt2-xl/cases0-49_r01/methods/rome/captures/rome-math-ablation.json,gpt2-xl,gpt2,development,cases0-49_r01,rome,35,complete,16,True,M2,42,2.0299276016602787,0.8204055239381616,16,4,True,not_evaluated_uncalibrated,True
rome-math-n50-gpt2-xl-v1,analysis_out/rome-math-n50-gpt2-xl-v1/plans/gpt2-xl/cases0-49_r01/methods/rome/captures/rome-math-ablation.json,gpt2-xl,gpt2,development,cases0-49_r01,rome,35,complete,16,True,M3,16,3.4876842498779297,0.27073121070861816,16,4,True,not_evaluated_uncalibrated,True
rome-math-n50-gpt2-xl-v1,analysis_out/rome-math-n50-gpt2-xl-v1/plans/gpt2-xl/cases0-49_r01/methods/rome/captures/rome-math-ablation.json,gpt2-xl,gpt2,development,cases0-49_r01,rome,35,complete,16,True,M0_raw,43,430.9852294921875,21.468780517578125,16,4,True,not_evaluated_uncalibrated,True
rome-math-n50-gpt2-xl-v1,analysis_out/rome-math-n50-gpt2-xl-v1/plans/gpt2-xl/cases0-49_r01/methods/rome/captures/rome-math-ablation.json,gpt2-xl,gpt2,development,cases0-49_r01,rome,35,complete,16,True,M1_raw,43,83.7782974243164,1.0367660522460938,16,4,True,not_evaluated_uncalibrated,True
rome-math-n50-gpt2-xl-v1,analysis_out/rome-math-n50-gpt2-xl-v1/plans/gpt2-xl/cases0-49_r01/methods/rome/captures/rome-math-ablation.json,gpt2-xl,gpt2,development,cases0-49_r01,rome,36,complete,16,True,M0,16,0.016907937824726105,1.4550983905792236e-05,16,16,True,not_evaluated_uncalibrated,True
rome-math-n50-gpt2-xl-v1,analysis_out/rome-math-n50-gpt2-xl-v1/plans/gpt2-xl/cases0-49_r01/methods/rome/captures/rome-math-ablation.json,gpt2-xl,gpt2,development,cases0-49_r01,rome,36,complete,16,True,M1,4,0.0065510026179254055,0.001170394942164421,16,16,True,not_evaluated_uncalibrated,True
rome-math-n50-gpt2-xl-v1,analysis_out/rome-math-n50-gpt2-xl-v1/plans/gpt2-xl/cases0-49_r01/methods/rome/captures/rome-math-ablation.json,gpt2-xl,gpt2,development,cases0-49_r01,rome,36,complete,16,True,M2,42,2.0299276016602787,0.6424601373928192,16,16,True,not_evaluated_uncalibrated,True
rome-math-n50-gpt2-xl-v1,analysis_out/rome-math-n50-gpt2-xl-v1/plans/gpt2-xl/cases0-49_r01/methods/rome/captures/rome-math-ablation.json,gpt2-xl,gpt2,development,cases0-49_r01,rome,36,complete,16,True,M3,16,4.827721118927002,1.6107680797576904,16,16,True,not_evaluated_uncalibrated,True
rome-math-n50-gpt2-xl-v1,analysis_out/rome-math-n50-gpt2-xl-v1/plans/gpt2-xl/cases0-49_r01/methods/rome/captures/rome-math-ablation.json,gpt2-xl,gpt2,development,cases0-49_r01,rome,36,complete,16,True,M0_raw,43,430.9852294921875,21.468780517578125,16,16,True,not_evaluated_uncalibrated,True
rome-math-n50-gpt2-xl-v1,analysis_out/rome-math-n50-gpt2-xl-v1/plans/gpt2-xl/cases0-49_r01/methods/rome/captures/rome-math-ablation.json,gpt2-xl,gpt2,development,cases0-49_r01,rome,36,complete,16,True,M1_raw,43,83.7782974243164,1.0367660522460938,16,16,True,not_evaluated_uncalibrated,True
rome-math-n50-gpt2-xl-v1,analysis_out/rome-math-n50-gpt2-xl-v1/plans/gpt2-xl/cases0-49_r01/methods/rome/captures/rome-math-ablation.json,gpt2-xl,gpt2,development,cases0-49_r01,rome,38,complete,16,True,M0,16,0.017341775819659233,0.0004483889788389206,16,16,True,not_evaluated_uncalibrated,True
rome-math-n50-gpt2-xl-v1,analysis_out/rome-math-n50-gpt2-xl-v1/plans/gpt2-xl/cases0-49_r01/methods/rome/captures/rome-math-ablation.json,gpt2-xl,gpt2,development,cases0-49_r01,rome,38,complete,16,True,M1,4,0.0065510026179254055,0.00042359810322523117,16,16,True,not_evaluated_uncalibrated,True
rome-math-n50-gpt2-xl-v1,analysis_out/rome-math-n50-gpt2-xl-v1/plans/gpt2-xl/cases0-49_r01/methods/rome/captures/rome-math-ablation.json,gpt2-xl,gpt2,development,cases0-49_r01,rome,38,complete,16,True,M2,42,2.0299276016602787,0.24956512533817632,16,16,True,not_evaluated_uncalibrated,True
rome-math-n50-gpt2-xl-v1,analysis_out/rome-math-n50-gpt2-xl-v1/plans/gpt2-xl/cases0-49_r01/methods/rome/captures/rome-math-ablation.json,gpt2-xl,gpt2,development,cases0-49_r01,rome,38,complete,16,True,M3,16,4.725010871887207,1.5080578327178955,16,16,True,not_evaluated_uncalibrated,True
rome-math-n50-gpt2-xl-v1,analysis_out/rome-math-n50-gpt2-xl-v1/plans/gpt2-xl/cases0-49_r01/methods/rome/captures/rome-math-ablation.json,gpt2-xl,gpt2,development,cases0-49_r01,rome,38,complete,16,True,M0_raw,43,430.9852294921875,21.468780517578125,16,16,True,not_evaluated_uncalibrated,True
rome-math-n50-gpt2-xl-v1,analysis_out/rome-math-n50-gpt2-xl-v1/plans/gpt2-xl/cases0-49_r01/methods/rome/captures/rome-math-ablation.json,gpt2-xl,gpt2,development,cases0-49_r01,rome,38,complete,16,True,M1_raw,43,83.7782974243164,1.0367660522460938,16,16,True,not_evaluated_uncalibrated,True
rome-math-n50-gpt2-xl-v1,analysis_out/rome-math-n50-gpt2-xl-v1/plans/gpt2-xl/cases0-49_r01/methods/rome/captures/rome-math-ablation.json,gpt2-xl,gpt2,development,cases0-49_r01,rome,39,complete,16,True,M0,4,0.016893386840820312,3.900192677974701e-05,16,16,True,not_evaluated_uncalibrated,True
rome-math-n50-gpt2-xl-v1,analysis_out/rome-math-n50-gpt2-xl-v1/plans/gpt2-xl/cases0-49_r01/methods/rome/captures/rome-math-ablation.json,gpt2-xl,gpt2,development,cases0-49_r01,rome,39,complete,16,True,M1,4,0.0065510026179254055,0.001170394942164421,16,16,True,not_evaluated_uncalibrated,True
rome-math-n50-gpt2-xl-v1,analysis_out/rome-math-n50-gpt2-xl-v1/plans/gpt2-xl/cases0-49_r01/methods/rome/captures/rome-math-ablation.json,gpt2-xl,gpt2,development,cases0-49_r01,rome,39,complete,16,True,M2,42,2.0299276016602787,0.7038023839324437,16,16,True,not_evaluated_uncalibrated,True
rome-math-n50-gpt2-xl-v1,analysis_out/rome-math-n50-gpt2-xl-v1/plans/gpt2-xl/cases0-49_r01/methods/rome/captures/rome-math-ablation.json,gpt2-xl,gpt2,development,cases0-49_r01,rome,39,complete,16,True,M3,16,4.436980724334717,1.2200276851654053,16,16,True,not_evaluated_uncalibrated,True
rome-math-n50-gpt2-xl-v1,analysis_out/rome-math-n50-gpt2-xl-v1/plans/gpt2-xl/cases0-49_r01/methods/rome/captures/rome-math-ablation.json,gpt2-xl,gpt2,development,cases0-49_r01,rome,39,complete,16,True,M0_raw,43,430.9852294921875,21.468780517578125,16,16,True,not_evaluated_uncalibrated,True
rome-math-n50-gpt2-xl-v1,analysis_out/rome-math-n50-gpt2-xl-v1/plans/gpt2-xl/cases0-49_r01/methods/rome/captures/rome-math-ablation.json,gpt2-xl,gpt2,development,cases0-49_r01,rome,39,complete,16,True,M1_raw,43,83.7782974243164,1.0367660522460938,16,16,True,not_evaluated_uncalibrated,True
rome-math-n50-gpt2-xl-v1,analysis_out/rome-math-n50-gpt2-xl-v1/plans/gpt2-xl/cases0-49_r01/methods/rome/captures/rome-math-ablation.json,gpt2-xl,gpt2,development,cases0-49_r01,rome,40,complete,16,True,M0,4,0.016893386840820312,6.23892992734909e-05,16,16,True,not_evaluated_uncalibrated,True
rome-math-n50-gpt2-xl-v1,analysis_out/rome-math-n50-gpt2-xl-v1/plans/gpt2-xl/cases0-49_r01/methods/rome/captures/rome-math-ablation.json,gpt2-xl,gpt2,development,cases0-49_r01,rome,40,complete,16,True,M1,4,0.0065510026179254055,0.001170394942164421,16,16,True,not_evaluated_uncalibrated,True
rome-math-n50-gpt2-xl-v1,analysis_out/rome-math-n50-gpt2-xl-v1/plans/gpt2-xl/cases0-49_r01/methods/rome/captures/rome-math-ablation.json,gpt2-xl,gpt2,development,cases0-49_r01,rome,40,complete,16,True,M2,42,2.0299276016602787,0.7052052427200657,16,16,True,not_evaluated_uncalibrated,True
rome-math-n50-gpt2-xl-v1,analysis_out/rome-math-n50-gpt2-xl-v1/plans/gpt2-xl/cases0-49_r01/methods/rome/captures/rome-math-ablation.json,gpt2-xl,gpt2,development,cases0-49_r01,rome,40,complete,16,True,M3,16,5.937649726867676,2.7206966876983643,16,16,True,not_evaluated_uncalibrated,True
rome-math-n50-gpt2-xl-v1,analysis_out/rome-math-n50-gpt2-xl-v1/plans/gpt2-xl/cases0-49_r01/methods/rome/captures/rome-math-ablation.json,gpt2-xl,gpt2,development,cases0-49_r01,rome,40,complete,16,True,M0_raw,43,430.9852294921875,21.468780517578125,16,16,True,not_evaluated_uncalibrated,True
rome-math-n50-gpt2-xl-v1,analysis_out/rome-math-n50-gpt2-xl-v1/plans/gpt2-xl/cases0-49_r01/methods/rome/captures/rome-math-ablation.json,gpt2-xl,gpt2,development,cases0-49_r01,rome,40,complete,16,True,M1_raw,43,83.7782974243164,1.0367660522460938,16,16,True,not_evaluated_uncalibrated,True
rome-math-n50-gpt2-xl-v1,analysis_out/rome-math-n50-gpt2-xl-v1/plans/gpt2-xl/cases0-49_r01/methods/rome/captures/rome-math-ablation.json,gpt2-xl,gpt2,development,cases0-49_r01,rome,41,complete,16,True,M0,4,0.016893386840820312,5.866214632987976e-05,16,16,True,not_evaluated_uncalibrated,True
rome-math-n50-gpt2-xl-v1,analysis_out/rome-math-n50-gpt2-xl-v1/plans/gpt2-xl/cases0-49_r01/methods/rome/captures/rome-math-ablation.json,gpt2-xl,gpt2,development,cases0-49_r01,rome,41,complete,16,True,M1,4,0.0065510026179254055,0.001170394942164421,16,16,True,not_evaluated_uncalibrated,True
rome-math-n50-gpt2-xl-v1,analysis_out/rome-math-n50-gpt2-xl-v1/plans/gpt2-xl/cases0-49_r01/methods/rome/captures/rome-math-ablation.json,gpt2-xl,gpt2,development,cases0-49_r01,rome,41,complete,16,True,M2,42,2.0299276016602787,0.7265030988634202,16,16,True,not_evaluated_uncalibrated,True
rome-math-n50-gpt2-xl-v1,analysis_out/rome-math-n50-gpt2-xl-v1/plans/gpt2-xl/cases0-49_r01/methods/rome/captures/rome-math-ablation.json,gpt2-xl,gpt2,development,cases0-49_r01,rome,41,complete,16,True,M3,16,4.712605953216553,1.4956529140472412,16,16,True,not_evaluated_uncalibrated,True
rome-math-n50-gpt2-xl-v1,analysis_out/rome-math-n50-gpt2-xl-v1/plans/gpt2-xl/cases0-49_r01/methods/rome/captures/rome-math-ablation.json,gpt2-xl,gpt2,development,cases0-49_r01,rome,41,complete,16,True,M0_raw,43,430.9852294921875,21.468780517578125,16,16,True,not_evaluated_uncalibrated,True
rome-math-n50-gpt2-xl-v1,analysis_out/rome-math-n50-gpt2-xl-v1/plans/gpt2-xl/cases0-49_r01/methods/rome/captures/rome-math-ablation.json,gpt2-xl,gpt2,development,cases0-49_r01,rome,41,complete,16,True,M1_raw,43,83.7782974243164,1.0367660522460938,16,16,True,not_evaluated_uncalibrated,True
rome-math-n50-gpt2-xl-v1,analysis_out/rome-math-n50-gpt2-xl-v1/plans/gpt2-xl/cases0-49_r01/methods/rome/captures/rome-math-ablation.json,gpt2-xl,gpt2,development,cases0-49_r01,rome,42,complete,16,True,M0,16,0.016936667263507843,4.328042268753052e-05,16,16,True,not_evaluated_uncalibrated,True
rome-math-n50-gpt2-xl-v1,analysis_out/rome-math-n50-gpt2-xl-v1/plans/gpt2-xl/cases0-49_r01/methods/rome/captures/rome-math-ablation.json,gpt2-xl,gpt2,development,cases0-49_r01,rome,42,complete,16,True,M1,4,0.0065510026179254055,0.001170394942164421,16,16,True,not_evaluated_uncalibrated,True
rome-math-n50-gpt2-xl-v1,analysis_out/rome-math-n50-gpt2-xl-v1/plans/gpt2-xl/cases0-49_r01/methods/rome/captures/rome-math-ablation.json,gpt2-xl,gpt2,development,cases0-49_r01,rome,42,complete,16,True,M2,42,2.0299276016602787,0.6189514976608836,16,16,True,not_evaluated_uncalibrated,True
rome-math-n50-gpt2-xl-v1,analysis_out/rome-math-n50-gpt2-xl-v1/plans/gpt2-xl/cases0-49_r01/methods/rome/captures/rome-math-ablation.json,gpt2-xl,gpt2,development,cases0-49_r01,rome,42,complete,16,True,M3,16,4.69556999206543,1.4786169528961182,16,16,True,not_evaluated_uncalibrated,True
rome-math-n50-gpt2-xl-v1,analysis_out/rome-math-n50-gpt2-xl-v1/plans/gpt2-xl/cases0-49_r01/methods/rome/captures/rome-math-ablation.json,gpt2-xl,gpt2,development,cases0-49_r01,rome,42,complete,16,True,M0_raw,43,430.9852294921875,21.468780517578125,16,16,True,not_evaluated_uncalibrated,True
rome-math-n50-gpt2-xl-v1,analysis_out/rome-math-n50-gpt2-xl-v1/plans/gpt2-xl/cases0-49_r01/methods/rome/captures/rome-math-ablation.json,gpt2-xl,gpt2,development,cases0-49_r01,rome,42,complete,16,True,M1_raw,43,83.7782974243164,1.0367660522460938,16,16,True,not_evaluated_uncalibrated,True
rome-math-n50-gpt2-xl-v1,analysis_out/rome-math-n50-gpt2-xl-v1/plans/gpt2-xl/cases0-49_r01/methods/rome/captures/rome-math-ablation.json,gpt2-xl,gpt2,development,cases0-49_r01,rome,43,complete,16,True,M0,16,0.017281170934438705,0.00038778409361839294,16,16,True,not_evaluated_uncalibrated,True
rome-math-n50-gpt2-xl-v1,analysis_out/rome-math-n50-gpt2-xl-v1/plans/gpt2-xl/cases0-49_r01/methods/rome/captures/rome-math-ablation.json,gpt2-xl,gpt2,development,cases0-49_r01,rome,43,complete,16,True,M1,4,0.0065510026179254055,0.0006221584044396877,16,16,True,not_evaluated_uncalibrated,True
rome-math-n50-gpt2-xl-v1,analysis_out/rome-math-n50-gpt2-xl-v1/plans/gpt2-xl/cases0-49_r01/methods/rome/captures/rome-math-ablation.json,gpt2-xl,gpt2,development,cases0-49_r01,rome,43,complete,16,True,M2,42,2.0299276016602787,0.2776410822801767,16,16,True,not_evaluated_uncalibrated,True
rome-math-n50-gpt2-xl-v1,analysis_out/rome-math-n50-gpt2-xl-v1/plans/gpt2-xl/cases0-49_r01/methods/rome/captures/rome-math-ablation.json,gpt2-xl,gpt2,development,cases0-49_r01,rome,43,complete,16,True,M3,16,5.6991400718688965,2.482187032699585,16,16,True,not_evaluated_uncalibrated,True
rome-math-n50-gpt2-xl-v1,analysis_out/rome-math-n50-gpt2-xl-v1/plans/gpt2-xl/cases0-49_r01/methods/rome/captures/rome-math-ablation.json,gpt2-xl,gpt2,development,cases0-49_r01,rome,43,complete,16,True,M0_raw,43,430.9852294921875,21.468780517578125,16,16,True,not_evaluated_uncalibrated,True
rome-math-n50-gpt2-xl-v1,analysis_out/rome-math-n50-gpt2-xl-v1/plans/gpt2-xl/cases0-49_r01/methods/rome/captures/rome-math-ablation.json,gpt2-xl,gpt2,development,cases0-49_r01,rome,43,complete,16,True,M1_raw,43,83.7782974243164,1.0367660522460938,16,16,True,not_evaluated_uncalibrated,True
rome-math-n50-gpt2-xl-v1,analysis_out/rome-math-n50-gpt2-xl-v1/plans/gpt2-xl/cases0-49_r01/methods/rome/captures/rome-math-ablation.json,gpt2-xl,gpt2,development,cases0-49_r01,rome,44,complete,16,True,M0,16,0.016979722306132317,8.633546531200409e-05,16,16,True,not_evaluated_uncalibrated,True
rome-math-n50-gpt2-xl-v1,analysis_out/rome-math-n50-gpt2-xl-v1/plans/gpt2-xl/cases0-49_r01/methods/rome/captures/rome-math-ablation.json,gpt2-xl,gpt2,development,cases0-49_r01,rome,44,complete,16,True,M1,4,0.0065510026179254055,0.001170394942164421,16,16,True,not_evaluated_uncalibrated,True
rome-math-n50-gpt2-xl-v1,analysis_out/rome-math-n50-gpt2-xl-v1/plans/gpt2-xl/cases0-49_r01/methods/rome/captures/rome-math-ablation.json,gpt2-xl,gpt2,development,cases0-49_r01,rome,44,complete,16,True,M2,42,2.0299276016602787,0.5512000658926248,16,16,True,not_evaluated_uncalibrated,True
rome-math-n50-gpt2-xl-v1,analysis_out/rome-math-n50-gpt2-xl-v1/plans/gpt2-xl/cases0-49_r01/methods/rome/captures/rome-math-ablation.json,gpt2-xl,gpt2,development,cases0-49_r01,rome,44,complete,16,True,M3,16,5.325052261352539,2.1080992221832275,16,16,True,not_evaluated_uncalibrated,True
rome-math-n50-gpt2-xl-v1,analysis_out/rome-math-n50-gpt2-xl-v1/plans/gpt2-xl/cases0-49_r01/methods/rome/captures/rome-math-ablation.json,gpt2-xl,gpt2,development,cases0-49_r01,rome,44,complete,16,True,M0_raw,43,430.9852294921875,21.468780517578125,16,16,True,not_evaluated_uncalibrated,True
rome-math-n50-gpt2-xl-v1,analysis_out/rome-math-n50-gpt2-xl-v1/plans/gpt2-xl/cases0-49_r01/methods/rome/captures/rome-math-ablation.json,gpt2-xl,gpt2,development,cases0-49_r01,rome,44,complete,16,True,M1_raw,43,83.7782974243164,1.0367660522460938,16,16,True,not_evaluated_uncalibrated,True
rome-math-n50-gpt2-xl-v1,analysis_out/rome-math-n50-gpt2-xl-v1/plans/gpt2-xl/cases0-49_r01/methods/rome/captures/rome-math-ablation.json,gpt2-xl,gpt2,development,cases0-49_r01,rome,45,complete,16,True,M0,4,0.016893386840820312,0.0001713242381811142,16,4,True,not_evaluated_uncalibrated,True
rome-math-n50-gpt2-xl-v1,analysis_out/rome-math-n50-gpt2-xl-v1/plans/gpt2-xl/cases0-49_r01/methods/rome/captures/rome-math-ablation.json,gpt2-xl,gpt2,development,cases0-49_r01,rome,45,complete,16,True,M1,4,0.0065510026179254055,0.001170394942164421,16,4,True,not_evaluated_uncalibrated,True
rome-math-n50-gpt2-xl-v1,analysis_out/rome-math-n50-gpt2-xl-v1/plans/gpt2-xl/cases0-49_r01/methods/rome/captures/rome-math-ablation.json,gpt2-xl,gpt2,development,cases0-49_r01,rome,45,complete,16,True,M2,42,2.0299276016602787,0.8204055239381616,16,4,True,not_evaluated_uncalibrated,True
rome-math-n50-gpt2-xl-v1,analysis_out/rome-math-n50-gpt2-xl-v1/plans/gpt2-xl/cases0-49_r01/methods/rome/captures/rome-math-ablation.json,gpt2-xl,gpt2,development,cases0-49_r01,rome,45,complete,16,True,M3,16,4.0228986740112305,0.805945634841919,16,4,True,not_evaluated_uncalibrated,True
rome-math-n50-gpt2-xl-v1,analysis_out/rome-math-n50-gpt2-xl-v1/plans/gpt2-xl/cases0-49_r01/methods/rome/captures/rome-math-ablation.json,gpt2-xl,gpt2,development,cases0-49_r01,rome,45,complete,16,True,M0_raw,43,430.9852294921875,21.468780517578125,16,4,True,not_evaluated_uncalibrated,True
rome-math-n50-gpt2-xl-v1,analysis_out/rome-math-n50-gpt2-xl-v1/plans/gpt2-xl/cases0-49_r01/methods/rome/captures/rome-math-ablation.json,gpt2-xl,gpt2,development,cases0-49_r01,rome,45,complete,16,True,M1_raw,43,83.7782974243164,1.0367660522460938,16,4,True,not_evaluated_uncalibrated,True
rome-math-n50-gpt2-xl-v1,analysis_out/rome-math-n50-gpt2-xl-v1/plans/gpt2-xl/cases0-49_r01/methods/rome/captures/rome-math-ablation.json,gpt2-xl,gpt2,development,cases0-49_r01,rome,46,complete,16,True,M0,16,0.01695544272661209,6.205588579177856e-05,16,16,True,not_evaluated_uncalibrated,True
rome-math-n50-gpt2-xl-v1,analysis_out/rome-math-n50-gpt2-xl-v1/plans/gpt2-xl/cases0-49_r01/methods/rome/captures/rome-math-ablation.json,gpt2-xl,gpt2,development,cases0-49_r01,rome,46,complete,16,True,M1,4,0.0065510026179254055,0.001170394942164421,16,16,True,not_evaluated_uncalibrated,True
rome-math-n50-gpt2-xl-v1,analysis_out/rome-math-n50-gpt2-xl-v1/plans/gpt2-xl/cases0-49_r01/methods/rome/captures/rome-math-ablation.json,gpt2-xl,gpt2,development,cases0-49_r01,rome,46,complete,16,True,M2,42,2.0299276016602787,0.5895955942754276,16,16,True,not_evaluated_uncalibrated,True
rome-math-n50-gpt2-xl-v1,analysis_out/rome-math-n50-gpt2-xl-v1/plans/gpt2-xl/cases0-49_r01/methods/rome/captures/rome-math-ablation.json,gpt2-xl,gpt2,development,cases0-49_r01,rome,46,complete,16,True,M3,16,5.297791004180908,2.0808379650115967,16,16,True,not_evaluated_uncalibrated,True
rome-math-n50-gpt2-xl-v1,analysis_out/rome-math-n50-gpt2-xl-v1/plans/gpt2-xl/cases0-49_r01/methods/rome/captures/rome-math-ablation.json,gpt2-xl,gpt2,development,cases0-49_r01,rome,46,complete,16,True,M0_raw,43,430.9852294921875,21.468780517578125,16,16,True,not_evaluated_uncalibrated,True
rome-math-n50-gpt2-xl-v1,analysis_out/rome-math-n50-gpt2-xl-v1/plans/gpt2-xl/cases0-49_r01/methods/rome/captures/rome-math-ablation.json,gpt2-xl,gpt2,development,cases0-49_r01,rome,46,complete,16,True,M1_raw,43,83.7782974243164,1.0367660522460938,16,16,True,not_evaluated_uncalibrated,True
rome-math-n50-gpt2-xl-v1,analysis_out/rome-math-n50-gpt2-xl-v1/plans/gpt2-xl/cases0-49_r01/methods/rome/captures/rome-math-ablation.json,gpt2-xl,gpt2,development,cases0-49_r01,rome,47,complete,16,True,M0,4,0.016893386840820312,0.00010360963642597198,16,16,True,not_evaluated_uncalibrated,True
rome-math-n50-gpt2-xl-v1,analysis_out/rome-math-n50-gpt2-xl-v1/plans/gpt2-xl/cases0-49_r01/methods/rome/captures/rome-math-ablation.json,gpt2-xl,gpt2,development,cases0-49_r01,rome,47,complete,16,True,M1,4,0.0065510026179254055,0.001170394942164421,16,16,True,not_evaluated_uncalibrated,True
rome-math-n50-gpt2-xl-v1,analysis_out/rome-math-n50-gpt2-xl-v1/plans/gpt2-xl/cases0-49_r01/methods/rome/captures/rome-math-ablation.json,gpt2-xl,gpt2,development,cases0-49_r01,rome,47,complete,16,True,M2,42,2.0299276016602787,0.7739339157626914,16,16,True,not_evaluated_uncalibrated,True
rome-math-n50-gpt2-xl-v1,analysis_out/rome-math-n50-gpt2-xl-v1/plans/gpt2-xl/cases0-49_r01/methods/rome/captures/rome-math-ablation.json,gpt2-xl,gpt2,development,cases0-49_r01,rome,47,complete,16,True,M3,16,4.845620632171631,1.6286675930023193,16,16,True,not_evaluated_uncalibrated,True
rome-math-n50-gpt2-xl-v1,analysis_out/rome-math-n50-gpt2-xl-v1/plans/gpt2-xl/cases0-49_r01/methods/rome/captures/rome-math-ablation.json,gpt2-xl,gpt2,development,cases0-49_r01,rome,47,complete,16,True,M0_raw,43,430.9852294921875,21.468780517578125,16,16,True,not_evaluated_uncalibrated,True
rome-math-n50-gpt2-xl-v1,analysis_out/rome-math-n50-gpt2-xl-v1/plans/gpt2-xl/cases0-49_r01/methods/rome/captures/rome-math-ablation.json,gpt2-xl,gpt2,development,cases0-49_r01,rome,47,complete,16,True,M1_raw,43,83.7782974243164,1.0367660522460938,16,16,True,not_evaluated_uncalibrated,True
rome-math-n50-gpt2-xl-v1,analysis_out/rome-math-n50-gpt2-xl-v1/plans/gpt2-xl/cases0-49_r01/methods/rome/captures/rome-math-ablation.json,gpt2-xl,gpt2,development,cases0-49_r01,rome,48,complete,16,True,M0,16,0.01732327602803707,0.00042988918721675873,16,16,True,not_evaluated_uncalibrated,True
rome-math-n50-gpt2-xl-v1,analysis_out/rome-math-n50-gpt2-xl-v1/plans/gpt2-xl/cases0-49_r01/methods/rome/captures/rome-math-ablation.json,gpt2-xl,gpt2,development,cases0-49_r01,rome,48,complete,16,True,M1,4,0.0065510026179254055,0.0004967963322997093,16,16,True,not_evaluated_uncalibrated,True
rome-math-n50-gpt2-xl-v1,analysis_out/rome-math-n50-gpt2-xl-v1/plans/gpt2-xl/cases0-49_r01/methods/rome/captures/rome-math-ablation.json,gpt2-xl,gpt2,development,cases0-49_r01,rome,48,complete,16,True,M2,42,2.0299276016602787,0.19606969425548515,16,16,True,not_evaluated_uncalibrated,True
rome-math-n50-gpt2-xl-v1,analysis_out/rome-math-n50-gpt2-xl-v1/plans/gpt2-xl/cases0-49_r01/methods/rome/captures/rome-math-ablation.json,gpt2-xl,gpt2,development,cases0-49_r01,rome,48,complete,16,True,M3,16,6.254870414733887,3.037917375564575,16,16,True,not_evaluated_uncalibrated,True
rome-math-n50-gpt2-xl-v1,analysis_out/rome-math-n50-gpt2-xl-v1/plans/gpt2-xl/cases0-49_r01/methods/rome/captures/rome-math-ablation.json,gpt2-xl,gpt2,development,cases0-49_r01,rome,48,complete,16,True,M0_raw,43,430.9852294921875,21.468780517578125,16,16,True,not_evaluated_uncalibrated,True
rome-math-n50-gpt2-xl-v1,analysis_out/rome-math-n50-gpt2-xl-v1/plans/gpt2-xl/cases0-49_r01/methods/rome/captures/rome-math-ablation.json,gpt2-xl,gpt2,development,cases0-49_r01,rome,48,complete,16,True,M1_raw,43,83.7782974243164,1.0367660522460938,16,16,True,not_evaluated_uncalibrated,True
rome-math-n50-gpt2-xl-v1,analysis_out/rome-math-n50-gpt2-xl-v1/plans/gpt2-xl/cases0-49_r01/methods/rome/captures/rome-math-ablation.json,gpt2-xl,gpt2,development,cases0-49_r01,rome,49,complete,16,True,M0,16,0.01699746586382389,0.00010407902300357819,16,16,True,not_evaluated_uncalibrated,True
rome-math-n50-gpt2-xl-v1,analysis_out/rome-math-n50-gpt2-xl-v1/plans/gpt2-xl/cases0-49_r01/methods/rome/captures/rome-math-ablation.json,gpt2-xl,gpt2,development,cases0-49_r01,rome,49,complete,16,True,M1,4,0.0065510026179254055,0.001170394942164421,16,16,True,not_evaluated_uncalibrated,True
rome-math-n50-gpt2-xl-v1,analysis_out/rome-math-n50-gpt2-xl-v1/plans/gpt2-xl/cases0-49_r01/methods/rome/captures/rome-math-ablation.json,gpt2-xl,gpt2,development,cases0-49_r01,rome,49,complete,16,True,M2,42,2.0299276016602787,0.5351795893404783,16,16,True,not_evaluated_uncalibrated,True
rome-math-n50-gpt2-xl-v1,analysis_out/rome-math-n50-gpt2-xl-v1/plans/gpt2-xl/cases0-49_r01/methods/rome/captures/rome-math-ablation.json,gpt2-xl,gpt2,development,cases0-49_r01,rome,49,complete,16,True,M3,16,5.464160919189453,2.2472078800201416,16,16,True,not_evaluated_uncalibrated,True
rome-math-n50-gpt2-xl-v1,analysis_out/rome-math-n50-gpt2-xl-v1/plans/gpt2-xl/cases0-49_r01/methods/rome/captures/rome-math-ablation.json,gpt2-xl,gpt2,development,cases0-49_r01,rome,49,complete,16,True,M0_raw,43,430.9852294921875,21.468780517578125,16,16,True,not_evaluated_uncalibrated,True
rome-math-n50-gpt2-xl-v1,analysis_out/rome-math-n50-gpt2-xl-v1/plans/gpt2-xl/cases0-49_r01/methods/rome/captures/rome-math-ablation.json,gpt2-xl,gpt2,development,cases0-49_r01,rome,49,complete,16,True,M1_raw,43,83.7782974243164,1.0367660522460938,16,16,True,not_evaluated_uncalibrated,True
rome-math-n50-gpt2-xl-v1,analysis_out/rome-math-n50-gpt2-xl-v1/plans/gpt2-xl/cases0-49_r01/methods/rome/captures/rome-math-ablation.json,gpt2-xl,gpt2,development,cases0-49_r01,rome,50,complete,16,True,M0,16,0.01721411570906639,0.0003207288682460785,16,16,True,not_evaluated_uncalibrated,True
rome-math-n50-gpt2-xl-v1,analysis_out/rome-math-n50-gpt2-xl-v1/plans/gpt2-xl/cases0-49_r01/methods/rome/captures/rome-math-ablation.json,gpt2-xl,gpt2,development,cases0-49_r01,rome,50,complete,16,True,M1,4,0.0065510026179254055,0.000816218089312315,16,16,True,not_evaluated_uncalibrated,True
rome-math-n50-gpt2-xl-v1,analysis_out/rome-math-n50-gpt2-xl-v1/plans/gpt2-xl/cases0-49_r01/methods/rome/captures/rome-math-ablation.json,gpt2-xl,gpt2,development,cases0-49_r01,rome,50,complete,16,True,M2,42,2.0299276016602787,0.3621711286780174,16,16,True,not_evaluated_uncalibrated,True
rome-math-n50-gpt2-xl-v1,analysis_out/rome-math-n50-gpt2-xl-v1/plans/gpt2-xl/cases0-49_r01/methods/rome/captures/rome-math-ablation.json,gpt2-xl,gpt2,development,cases0-49_r01,rome,50,complete,16,True,M3,16,5.041737079620361,1.8247840404510498,16,16,True,not_evaluated_uncalibrated,True
rome-math-n50-gpt2-xl-v1,analysis_out/rome-math-n50-gpt2-xl-v1/plans/gpt2-xl/cases0-49_r01/methods/rome/captures/rome-math-ablation.json,gpt2-xl,gpt2,development,cases0-49_r01,rome,50,complete,16,True,M0_raw,43,430.9852294921875,21.468780517578125,16,16,True,not_evaluated_uncalibrated,True
rome-math-n50-gpt2-xl-v1,analysis_out/rome-math-n50-gpt2-xl-v1/plans/gpt2-xl/cases0-49_r01/methods/rome/captures/rome-math-ablation.json,gpt2-xl,gpt2,development,cases0-49_r01,rome,50,complete,16,True,M1_raw,43,83.7782974243164,1.0367660522460938,16,16,True,not_evaluated_uncalibrated,True
rome-math-n50-gpt2-xl-v1,analysis_out/rome-math-n50-gpt2-xl-v1/plans/gpt2-xl/cases0-49_r01/methods/rome/captures/rome-math-ablation.json,gpt2-xl,gpt2,development,cases0-49_r01,rome,52,complete,16,True,M0,4,0.016893386840820312,0.00011177174746990204,16,4,True,not_evaluated_uncalibrated,True
rome-math-n50-gpt2-xl-v1,analysis_out/rome-math-n50-gpt2-xl-v1/plans/gpt2-xl/cases0-49_r01/methods/rome/captures/rome-math-ablation.json,gpt2-xl,gpt2,development,cases0-49_r01,rome,52,complete,16,True,M1,4,0.0065510026179254055,0.001170394942164421,16,4,True,not_evaluated_uncalibrated,True
rome-math-n50-gpt2-xl-v1,analysis_out/rome-math-n50-gpt2-xl-v1/plans/gpt2-xl/cases0-49_r01/methods/rome/captures/rome-math-ablation.json,gpt2-xl,gpt2,development,cases0-49_r01,rome,52,complete,16,True,M2,42,2.0299276016602787,0.786522282710221,16,4,True,not_evaluated_uncalibrated,True
rome-math-n50-gpt2-xl-v1,analysis_out/rome-math-n50-gpt2-xl-v1/plans/gpt2-xl/cases0-49_r01/methods/rome/captures/rome-math-ablation.json,gpt2-xl,gpt2,development,cases0-49_r01,rome,52,complete,16,True,M3,16,4.1382856369018555,0.921332597732544,16,4,True,not_evaluated_uncalibrated,True
rome-math-n50-gpt2-xl-v1,analysis_out/rome-math-n50-gpt2-xl-v1/plans/gpt2-xl/cases0-49_r01/methods/rome/captures/rome-math-ablation.json,gpt2-xl,gpt2,development,cases0-49_r01,rome,52,complete,16,True,M0_raw,43,430.9852294921875,21.468780517578125,16,4,True,not_evaluated_uncalibrated,True
rome-math-n50-gpt2-xl-v1,analysis_out/rome-math-n50-gpt2-xl-v1/plans/gpt2-xl/cases0-49_r01/methods/rome/captures/rome-math-ablation.json,gpt2-xl,gpt2,development,cases0-49_r01,rome,52,complete,16,True,M1_raw,43,83.7782974243164,1.0367660522460938,16,4,True,not_evaluated_uncalibrated,True
rome-math-n50-gpt2-xl-v1,analysis_out/rome-math-n50-gpt2-xl-v1/plans/gpt2-xl/cases0-49_r01/methods/rome/captures/rome-math-ablation.json,gpt2-xl,gpt2,development,cases0-49_r01,rome,53,complete,16,True,M0,16,0.017513781785964966,0.0006177723407745361,16,16,True,not_evaluated_uncalibrated,True
rome-math-n50-gpt2-xl-v1,analysis_out/rome-math-n50-gpt2-xl-v1/plans/gpt2-xl/cases0-49_r01/methods/rome/captures/rome-math-ablation.json,gpt2-xl,gpt2,development,cases0-49_r01,rome,53,complete,16,True,M1,16,0.006592802237719297,4.179961979389191e-05,16,16,True,not_evaluated_uncalibrated,True
rome-math-n50-gpt2-xl-v1,analysis_out/rome-math-n50-gpt2-xl-v1/plans/gpt2-xl/cases0-49_r01/methods/rome/captures/rome-math-ablation.json,gpt2-xl,gpt2,development,cases0-49_r01,rome,53,complete,16,True,M2,42,2.0299276016602787,0.0650721207923124,16,16,True,not_evaluated_uncalibrated,True
rome-math-n50-gpt2-xl-v1,analysis_out/rome-math-n50-gpt2-xl-v1/plans/gpt2-xl/cases0-49_r01/methods/rome/captures/rome-math-ablation.json,gpt2-xl,gpt2,development,cases0-49_r01,rome,53,complete,16,True,M3,16,7.093858242034912,3.8769052028656006,16,16,True,not_evaluated_uncalibrated,True
rome-math-n50-gpt2-xl-v1,analysis_out/rome-math-n50-gpt2-xl-v1/plans/gpt2-xl/cases0-49_r01/methods/rome/captures/rome-math-ablation.json,gpt2-xl,gpt2,development,cases0-49_r01,rome,53,complete,16,True,M0_raw,43,430.9852294921875,21.468780517578125,16,16,True,not_evaluated_uncalibrated,True
rome-math-n50-gpt2-xl-v1,analysis_out/rome-math-n50-gpt2-xl-v1/plans/gpt2-xl/cases0-49_r01/methods/rome/captures/rome-math-ablation.json,gpt2-xl,gpt2,development,cases0-49_r01,rome,53,complete,16,True,M1_raw,16,85.9290771484375,2.1507797241210938,16,16,True,not_evaluated_uncalibrated,True
rome-math-n50-granite4-micro-v1,analysis_out/rome-math-n50-granite4-micro-v1/plans/granite4-micro/cases0-49_r01/methods/rome/captures/rome-math-ablation.json,granite4-micro,granite,development,cases0-49_r01,rome,0,complete,10,True,M0,10,0.1949869692325592,0.09670256823301315,10,10,True,not_evaluated_uncalibrated,True
rome-math-n50-granite4-micro-v1,analysis_out/rome-math-n50-granite4-micro-v1/plans/granite4-micro/cases0-49_r01/methods/rome/captures/rome-math-ablation.json,granite4-micro,granite,development,cases0-49_r01,rome,0,complete,10,True,M1,10,0.1945713758468628,0.0972566157579422,10,10,True,not_evaluated_uncalibrated,True
rome-math-n50-granite4-micro-v1,analysis_out/rome-math-n50-granite4-micro-v1/plans/granite4-micro/cases0-49_r01/methods/rome/captures/rome-math-ablation.json,granite4-micro,granite,development,cases0-49_r01,rome,0,complete,10,True,M2,10,149.91020934171576,146.54300110668476,10,10,True,not_evaluated_uncalibrated,True
rome-math-n50-granite4-micro-v1,analysis_out/rome-math-n50-granite4-micro-v1/plans/granite4-micro/cases0-49_r01/methods/rome/captures/rome-math-ablation.json,granite4-micro,granite,development,cases0-49_r01,rome,0,complete,10,True,M3,10,469.5931091308594,464.2333378791809,10,10,True,not_evaluated_uncalibrated,True
rome-math-n50-granite4-micro-v1,analysis_out/rome-math-n50-granite4-micro-v1/plans/granite4-micro/cases0-49_r01/methods/rome/captures/rome-math-ablation.json,granite4-micro,granite,development,cases0-49_r01,rome,0,complete,10,True,M0_raw,10,848.1036987304688,421.896484375,10,10,True,not_evaluated_uncalibrated,True
rome-math-n50-granite4-micro-v1,analysis_out/rome-math-n50-granite4-micro-v1/plans/granite4-micro/cases0-49_r01/methods/rome/captures/rome-math-ablation.json,granite4-micro,granite,development,cases0-49_r01,rome,0,complete,10,True,M1_raw,10,846.7476196289062,423.2880554199219,10,10,True,not_evaluated_uncalibrated,True
rome-math-n50-granite4-micro-v1,analysis_out/rome-math-n50-granite4-micro-v1/plans/granite4-micro/cases0-49_r01/methods/rome/captures/rome-math-ablation.json,granite4-micro,granite,development,cases0-49_r01,rome,1,complete,10,True,M0,10,0.38916489481925964,0.19419613480567932,10,10,True,not_evaluated_uncalibrated,True
rome-math-n50-granite4-micro-v1,analysis_out/rome-math-n50-granite4-micro-v1/plans/granite4-micro/cases0-49_r01/methods/rome/captures/rome-math-ablation.json,granite4-micro,granite,development,cases0-49_r01,rome,1,complete,10,True,M1,10,0.3889371156692505,0.19444064795970917,10,10,True,not_evaluated_uncalibrated,True
rome-math-n50-granite4-micro-v1,analysis_out/rome-math-n50-granite4-micro-v1/plans/granite4-micro/cases0-49_r01/methods/rome/captures/rome-math-ablation.json,granite4-micro,granite,development,cases0-49_r01,rome,1,complete,10,True,M2,10,110.67977027517684,107.31256204014582,10,10,True,not_evaluated_uncalibrated,True
rome-math-n50-granite4-micro-v1,analysis_out/rome-math-n50-granite4-micro-v1/plans/granite4-micro/cases0-49_r01/methods/rome/captures/rome-math-ablation.json,granite4-micro,granite,development,cases0-49_r01,rome,1,complete,10,True,M3,10,936.125732421875,930.7659611701965,10,10,True,not_evaluated_uncalibrated,True
rome-math-n50-granite4-micro-v1,analysis_out/rome-math-n50-granite4-micro-v1/plans/granite4-micro/cases0-49_r01/methods/rome/captures/rome-math-ablation.json,granite4-micro,granite,development,cases0-49_r01,rome,1,complete,10,True,M0_raw,10,2231.850341796875,1115.0975341796875,10,10,True,not_evaluated_uncalibrated,True
rome-math-n50-granite4-micro-v1,analysis_out/rome-math-n50-granite4-micro-v1/plans/granite4-micro/cases0-49_r01/methods/rome/captures/rome-math-ablation.json,granite4-micro,granite,development,cases0-49_r01,rome,1,complete,10,True,M1_raw,10,2231.335693359375,1115.577880859375,10,10,True,not_evaluated_uncalibrated,True
rome-math-n50-granite4-micro-v1,analysis_out/rome-math-n50-granite4-micro-v1/plans/granite4-micro/cases0-49_r01/methods/rome/captures/rome-math-ablation.json,granite4-micro,granite,development,cases0-49_r01,rome,2,complete,10,True,M0,10,0.36810430884361267,0.18363356590270996,10,10,True,not_evaluated_uncalibrated,True
rome-math-n50-granite4-micro-v1,analysis_out/rome-math-n50-granite4-micro-v1/plans/granite4-micro/cases0-49_r01/methods/rome/captures/rome-math-ablation.json,granite4-micro,granite,development,cases0-49_r01,rome,2,complete,10,True,M1,10,0.3678683638572693,0.18390561640262604,10,10,True,not_evaluated_uncalibrated,True
rome-math-n50-granite4-micro-v1,analysis_out/rome-math-n50-granite4-micro-v1/plans/granite4-micro/cases0-49_r01/methods/rome/captures/rome-math-ablation.json,granite4-micro,granite,development,cases0-49_r01,rome,2,complete,10,True,M2,10,105.57136637335317,102.20415813832216,10,10,True,not_evaluated_uncalibrated,True
rome-math-n50-granite4-micro-v1,analysis_out/rome-math-n50-granite4-micro-v1/plans/granite4-micro/cases0-49_r01/methods/rome/captures/rome-math-ablation.json,granite4-micro,granite,development,cases0-49_r01,rome,2,complete,10,True,M3,10,939.0919189453125,933.732147693634,10,10,True,not_evaluated_uncalibrated,True
rome-math-n50-granite4-micro-v1,analysis_out/rome-math-n50-granite4-micro-v1/plans/granite4-micro/cases0-49_r01/methods/rome/captures/rome-math-ablation.json,granite4-micro,granite,development,cases0-49_r01,rome,2,complete,10,True,M0_raw,10,2040.5770263671875,1019.3914794921875,10,10,True,not_evaluated_uncalibrated,True
rome-math-n50-granite4-micro-v1,analysis_out/rome-math-n50-granite4-micro-v1/plans/granite4-micro/cases0-49_r01/methods/rome/captures/rome-math-ablation.json,granite4-micro,granite,development,cases0-49_r01,rome,2,complete,10,True,M1_raw,10,2040.01416015625,1019.916748046875,10,10,True,not_evaluated_uncalibrated,True
rome-math-n50-granite4-micro-v1,analysis_out/rome-math-n50-granite4-micro-v1/plans/granite4-micro/cases0-49_r01/methods/rome/captures/rome-math-ablation.json,granite4-micro,granite,development,cases0-49_r01,rome,3,complete,10,True,M0,10,0.17943009734153748,0.08885617554187775,10,10,True,not_evaluated_uncalibrated,True
rome-math-n50-granite4-micro-v1,analysis_out/rome-math-n50-granite4-micro-v1/plans/granite4-micro/cases0-49_r01/methods/rome/captures/rome-math-ablation.json,granite4-micro,granite,development,cases0-49_r01,rome,3,complete,10,True,M1,10,0.1789771020412445,0.08944115787744522,10,10,True,not_evaluated_uncalibrated,True
rome-math-n50-granite4-micro-v1,analysis_out/rome-math-n50-granite4-micro-v1/plans/granite4-micro/cases0-49_r01/methods/rome/captures/rome-math-ablation.json,granite4-micro,granite,development,cases0-49_r01,rome,3,complete,10,True,M2,10,135.90412855840745,132.53692032337645,10,10,True,not_evaluated_uncalibrated,True
rome-math-n50-granite4-micro-v1,analysis_out/rome-math-n50-granite4-micro-v1/plans/granite4-micro/cases0-49_r01/methods/rome/captures/rome-math-ablation.json,granite4-micro,granite,development,cases0-49_r01,rome,3,complete,10,True,M3,10,433.0307312011719,427.6709599494934,10,10,True,not_evaluated_uncalibrated,True
rome-math-n50-granite4-micro-v1,analysis_out/rome-math-n50-granite4-micro-v1/plans/granite4-micro/cases0-49_r01/methods/rome/captures/rome-math-ablation.json,granite4-micro,granite,development,cases0-49_r01,rome,3,complete,10,True,M0_raw,10,765.58251953125,380.3970642089844,10,10,True,not_evaluated_uncalibrated,True
rome-math-n50-granite4-micro-v1,analysis_out/rome-math-n50-granite4-micro-v1/plans/granite4-micro/cases0-49_r01/methods/rome/captures/rome-math-ablation.json,granite4-micro,granite,development,cases0-49_r01,rome,3,complete,10,True,M1_raw,10,764.08056640625,381.8896484375,10,10,True,not_evaluated_uncalibrated,True
rome-math-n50-granite4-micro-v1,analysis_out/rome-math-n50-granite4-micro-v1/plans/granite4-micro/cases0-49_r01/methods/rome/captures/rome-math-ablation.json,granite4-micro,granite,development,cases0-49_r01,rome,4,complete,10,False,M0,10,0.19164583086967468,0.09500013291835785,10,10,True,not_evaluated_uncalibrated,True
rome-math-n50-granite4-micro-v1,analysis_out/rome-math-n50-granite4-micro-v1/plans/granite4-micro/cases0-49_r01/methods/rome/captures/rome-math-ablation.json,granite4-micro,granite,development,cases0-49_r01,rome,4,complete,10,False,M1,10,0.19122274219989777,0.09556648880243301,10,10,True,not_evaluated_uncalibrated,True
rome-math-n50-granite4-micro-v1,analysis_out/rome-math-n50-granite4-micro-v1/plans/granite4-micro/cases0-49_r01/methods/rome/captures/rome-math-ablation.json,granite4-micro,granite,development,cases0-49_r01,rome,4,complete,10,False,M2,10,146.7554585320602,143.3882502970292,10,10,True,not_evaluated_uncalibrated,True
rome-math-n50-granite4-micro-v1,analysis_out/rome-math-n50-granite4-micro-v1/plans/granite4-micro/cases0-49_r01/methods/rome/captures/rome-math-ablation.json,granite4-micro,granite,development,cases0-49_r01,rome,4,complete,10,False,M3,10,458.15167236328125,452.7919011116028,10,10,True,not_evaluated_uncalibrated,True
rome-math-n50-granite4-micro-v1,analysis_out/rome-math-n50-granite4-micro-v1/plans/granite4-micro/cases0-49_r01/methods/rome/captures/rome-math-ablation.json,granite4-micro,granite,development,cases0-49_r01,rome,4,complete,10,False,M0_raw,10,830.1038818359375,412.7855529785156,10,10,True,not_evaluated_uncalibrated,True
rome-math-n50-granite4-micro-v1,analysis_out/rome-math-n50-granite4-micro-v1/plans/granite4-micro/cases0-49_r01/methods/rome/captures/rome-math-ablation.json,granite4-micro,granite,development,cases0-49_r01,rome,4,complete,10,False,M1_raw,10,828.7178344726562,414.2510681152344,10,10,True,not_evaluated_uncalibrated,True
rome-math-n50-granite4-micro-v1,analysis_out/rome-math-n50-granite4-micro-v1/plans/granite4-micro/cases0-49_r01/methods/rome/captures/rome-math-ablation.json,granite4-micro,granite,development,cases0-49_r01,rome,5,complete,10,True,M0,10,0.2777036428451538,0.1383022516965866,10,10,True,not_evaluated_uncalibrated,True
rome-math-n50-granite4-micro-v1,analysis_out/rome-math-n50-granite4-micro-v1/plans/granite4-micro/cases0-49_r01/methods/rome/captures/rome-math-ablation.json,granite4-micro,granite,development,cases0-49_r01,rome,5,complete,10,True,M1,10,0.2774079740047455,0.138685405254364,10,10,True,not_evaluated_uncalibrated,True
rome-math-n50-granite4-micro-v1,analysis_out/rome-math-n50-granite4-micro-v1/plans/granite4-micro/cases0-49_r01/methods/rome/captures/rome-math-ablation.json,granite4-micro,granite,development,cases0-49_r01,rome,5,complete,10,True,M2,10,82.08845611463882,78.7212478796078,10,10,True,not_evaluated_uncalibrated,True
rome-math-n50-granite4-micro-v1,analysis_out/rome-math-n50-granite4-micro-v1/plans/granite4-micro/cases0-49_r01/methods/rome/captures/rome-math-ablation.json,granite4-micro,granite,development,cases0-49_r01,rome,5,complete,10,True,M3,10,635.0505981445312,629.6908268928528,10,10,True,not_evaluated_uncalibrated,True
rome-math-n50-granite4-micro-v1,analysis_out/rome-math-n50-granite4-micro-v1/plans/granite4-micro/cases0-49_r01/methods/rome/captures/rome-math-ablation.json,granite4-micro,granite,development,cases0-49_r01,rome,5,complete,10,True,M0_raw,10,1346.6260986328125,672.0054931640625,10,10,True,not_evaluated_uncalibrated,True
rome-math-n50-granite4-micro-v1,analysis_out/rome-math-n50-granite4-micro-v1/plans/granite4-micro/cases0-49_r01/methods/rome/captures/rome-math-ablation.json,granite4-micro,granite,development,cases0-49_r01,rome,5,complete,10,True,M1_raw,10,1345.7730712890625,672.8359375,10,10,True,not_evaluated_uncalibrated,True
rome-math-n50-granite4-micro-v1,analysis_out/rome-math-n50-granite4-micro-v1/plans/granite4-micro/cases0-49_r01/methods/rome/captures/rome-math-ablation.json,granite4-micro,granite,development,cases0-49_r01,rome,6,complete,10,True,M0,10,0.3493584990501404,0.17423951625823975,10,10,True,not_evaluated_uncalibrated,True
rome-math-n50-granite4-micro-v1,analysis_out/rome-math-n50-granite4-micro-v1/plans/granite4-micro/cases0-49_r01/methods/rome/captures/rome-math-ablation.json,granite4-micro,granite,development,cases0-49_r01,rome,6,complete,10,True,M1,10,0.3491138517856598,0.1745278686285019,10,10,True,not_evaluated_uncalibrated,True
rome-math-n50-granite4-micro-v1,analysis_out/rome-math-n50-granite4-micro-v1/plans/granite4-micro/cases0-49_r01/methods/rome/captures/rome-math-ablation.json,granite4-micro,granite,development,cases0-49_r01,rome,6,complete,10,True,M2,10,100.70351562778089,97.33630739274987,10,10,True,not_evaluated_uncalibrated,True
rome-math-n50-granite4-micro-v1,analysis_out/rome-math-n50-granite4-micro-v1/plans/granite4-micro/cases0-49_r01/methods/rome/captures/rome-math-ablation.json,granite4-micro,granite,development,cases0-49_r01,rome,6,complete,10,True,M3,10,798.896484375,793.5367131233215,10,10,True,not_evaluated_uncalibrated,True
rome-math-n50-granite4-micro-v1,analysis_out/rome-math-n50-granite4-micro-v1/plans/granite4-micro/cases0-49_r01/methods/rome/captures/rome-math-ablation.json,granite4-micro,granite,development,cases0-49_r01,rome,6,complete,10,True,M0_raw,10,1880.960693359375,939.51220703125,10,10,True,not_evaluated_uncalibrated,True
rome-math-n50-granite4-micro-v1,analysis_out/rome-math-n50-granite4-micro-v1/plans/granite4-micro/cases0-49_r01/methods/rome/captures/rome-math-ablation.json,granite4-micro,granite,development,cases0-49_r01,rome,6,complete,10,True,M1_raw,10,1880.3497314453125,940.0814819335938,10,10,True,not_evaluated_uncalibrated,True
rome-math-n50-granite4-micro-v1,analysis_out/rome-math-n50-granite4-micro-v1/plans/granite4-micro/cases0-49_r01/methods/rome/captures/rome-math-ablation.json,granite4-micro,granite,development,cases0-49_r01,rome,7,complete,10,True,M0,10,0.19659523665905,0.09751590341329575,10,10,True,not_evaluated_uncalibrated,True
rome-math-n50-granite4-micro-v1,analysis_out/rome-math-n50-granite4-micro-v1/plans/granite4-micro/cases0-49_r01/methods/rome/captures/rome-math-ablation.json,granite4-micro,granite,development,cases0-49_r01,rome,7,complete,10,True,M1,10,0.19618307054042816,0.09806160628795624,10,10,True,not_evaluated_uncalibrated,True
rome-math-n50-granite4-micro-v1,analysis_out/rome-math-n50-granite4-micro-v1/plans/granite4-micro/cases0-49_r01/methods/rome/captures/rome-math-ablation.json,granite4-micro,granite,development,cases0-49_r01,rome,7,complete,10,True,M2,10,150.46149945125998,147.09429121622898,10,10,True,not_evaluated_uncalibrated,True
rome-math-n50-granite4-micro-v1,analysis_out/rome-math-n50-granite4-micro-v1/plans/granite4-micro/cases0-49_r01/methods/rome/captures/rome-math-ablation.json,granite4-micro,granite,development,cases0-49_r01,rome,7,complete,10,True,M3,10,449.8262023925781,444.46643114089966,10,10,True,not_evaluated_uncalibrated,True
rome-math-n50-granite4-micro-v1,analysis_out/rome-math-n50-granite4-micro-v1/plans/granite4-micro/cases0-49_r01/methods/rome/captures/rome-math-ablation.json,granite4-micro,granite,development,cases0-49_r01,rome,7,complete,10,True,M0_raw,10,856.8328247070312,426.2940368652344,10,10,True,not_evaluated_uncalibrated,True
rome-math-n50-granite4-micro-v1,analysis_out/rome-math-n50-granite4-micro-v1/plans/granite4-micro/cases0-49_r01/methods/rome/captures/rome-math-ablation.json,granite4-micro,granite,development,cases0-49_r01,rome,7,complete,10,True,M1_raw,10,855.4913940429688,427.65557861328125,10,10,True,not_evaluated_uncalibrated,True
rome-math-n50-granite4-micro-v1,analysis_out/rome-math-n50-granite4-micro-v1/plans/granite4-micro/cases0-49_r01/methods/rome/captures/rome-math-ablation.json,granite4-micro,granite,development,cases0-49_r01,rome,8,complete,10,True,M0,10,0.2198420912027359,0.10921412706375122,10,10,True,not_evaluated_uncalibrated,True
rome-math-n50-granite4-micro-v1,analysis_out/rome-math-n50-granite4-micro-v1/plans/granite4-micro/cases0-49_r01/methods/rome/captures/rome-math-ablation.json,granite4-micro,granite,development,cases0-49_r01,rome,8,complete,10,True,M1,10,0.21947379410266876,0.10970033705234528,10,10,True,not_evaluated_uncalibrated,True
rome-math-n50-granite4-micro-v1,analysis_out/rome-math-n50-granite4-micro-v1/plans/granite4-micro/cases0-49_r01/methods/rome/captures/rome-math-ablation.json,granite4-micro,granite,development,cases0-49_r01,rome,8,complete,10,True,M2,10,172.02256289961673,168.65535466458573,10,10,True,not_evaluated_uncalibrated,True
rome-math-n50-granite4-micro-v1,analysis_out/rome-math-n50-granite4-micro-v1/plans/granite4-micro/cases0-49_r01/methods/rome/captures/rome-math-ablation.json,granite4-micro,granite,development,cases0-49_r01,rome,8,complete,10,True,M3,10,512.5731201171875,507.21334886550903,10,10,True,not_evaluated_uncalibrated,True
rome-math-n50-granite4-micro-v1,analysis_out/rome-math-n50-granite4-micro-v1/plans/granite4-micro/cases0-49_r01/methods/rome/captures/rome-math-ablation.json,granite4-micro,granite,development,cases0-49_r01,rome,8,complete,10,True,M0_raw,10,986.793701171875,491.53790283203125,10,10,True,not_evaluated_uncalibrated,True
rome-math-n50-granite4-micro-v1,analysis_out/rome-math-n50-granite4-micro-v1/plans/granite4-micro/cases0-49_r01/methods/rome/captures/rome-math-ablation.json,granite4-micro,granite,development,cases0-49_r01,rome,8,complete,10,True,M1_raw,10,985.6290283203125,492.7027893066406,10,10,True,not_evaluated_uncalibrated,True
rome-math-n50-granite4-micro-v1,analysis_out/rome-math-n50-granite4-micro-v1/plans/granite4-micro/cases0-49_r01/methods/rome/captures/rome-math-ablation.json,granite4-micro,granite,development,cases0-49_r01,rome,9,complete,10,True,M0,10,0.30047234892845154,0.149728462100029,10,10,True,not_evaluated_uncalibrated,True
rome-math-n50-granite4-micro-v1,analysis_out/rome-math-n50-granite4-micro-v1/plans/granite4-micro/cases0-49_r01/methods/rome/captures/rome-math-ablation.json,granite4-micro,granite,development,cases0-49_r01,rome,9,complete,10,True,M1,10,0.30019667744636536,0.15006570518016815,10,10,True,not_evaluated_uncalibrated,True
rome-math-n50-granite4-micro-v1,analysis_out/rome-math-n50-granite4-micro-v1/plans/granite4-micro/cases0-49_r01/methods/rome/captures/rome-math-ablation.json,granite4-micro,granite,development,cases0-49_r01,rome,9,complete,10,True,M2,10,88.19927120759694,84.83206297256592,10,10,True,not_evaluated_uncalibrated,True
rome-math-n50-granite4-micro-v1,analysis_out/rome-math-n50-granite4-micro-v1/plans/granite4-micro/cases0-49_r01/methods/rome/captures/rome-math-ablation.json,granite4-micro,granite,development,cases0-49_r01,rome,9,complete,10,True,M3,10,696.2554321289062,690.8956608772278,10,10,True,not_evaluated_uncalibrated,True
rome-math-n50-granite4-micro-v1,analysis_out/rome-math-n50-granite4-micro-v1/plans/granite4-micro/cases0-49_r01/methods/rome/captures/rome-math-ablation.json,granite4-micro,granite,development,cases0-49_r01,rome,9,complete,10,True,M0_raw,10,1504.4765625,751.0418701171875,10,10,True,not_evaluated_uncalibrated,True
rome-math-n50-granite4-micro-v1,analysis_out/rome-math-n50-granite4-micro-v1/plans/granite4-micro/cases0-49_r01/methods/rome/captures/rome-math-ablation.json,granite4-micro,granite,development,cases0-49_r01,rome,9,complete,10,True,M1_raw,10,1503.713134765625,751.753662109375,10,10,True,not_evaluated_uncalibrated,True
rome-math-n50-granite4-micro-v1,analysis_out/rome-math-n50-granite4-micro-v1/plans/granite4-micro/cases0-49_r01/methods/rome/captures/rome-math-ablation.json,granite4-micro,granite,development,cases0-49_r01,rome,10,complete,10,False,M0,10,0.15968206524848938,0.07888872176408768,10,10,True,not_evaluated_uncalibrated,True
rome-math-n50-granite4-micro-v1,analysis_out/rome-math-n50-granite4-micro-v1/plans/granite4-micro/cases0-49_r01/methods/rome/captures/rome-math-ablation.json,granite4-micro,granite,development,cases0-49_r01,rome,10,complete,10,False,M1,10,0.15916989743709564,0.07953911274671555,10,10,True,not_evaluated_uncalibrated,True
rome-math-n50-granite4-micro-v1,analysis_out/rome-math-n50-granite4-micro-v1/plans/granite4-micro/cases0-49_r01/methods/rome/captures/rome-math-ablation.json,granite4-micro,granite,development,cases0-49_r01,rome,10,complete,10,False,M2,10,119.02754255603006,115.66033432099904,10,10,True,not_evaluated_uncalibrated,True
rome-math-n50-granite4-micro-v1,analysis_out/rome-math-n50-granite4-micro-v1/plans/granite4-micro/cases0-49_r01/methods/rome/captures/rome-math-ablation.json,granite4-micro,granite,development,cases0-49_r01,rome,10,complete,10,False,M3,10,385.94281005859375,380.5830388069153,10,10,True,not_evaluated_uncalibrated,True
rome-math-n50-granite4-micro-v1,analysis_out/rome-math-n50-granite4-micro-v1/plans/granite4-micro/cases0-49_r01/methods/rome/captures/rome-math-ablation.json,granite4-micro,granite,development,cases0-49_r01,rome,10,complete,10,False,M0_raw,10,665.2371215820312,329.8955383300781,10,10,True,not_evaluated_uncalibrated,True
rome-math-n50-granite4-micro-v1,analysis_out/rome-math-n50-granite4-micro-v1/plans/granite4-micro/cases0-49_r01/methods/rome/captures/rome-math-ablation.json,granite4-micro,granite,development,cases0-49_r01,rome,10,complete,10,False,M1_raw,10,663.5075073242188,331.609130859375,10,10,True,not_evaluated_uncalibrated,True
rome-math-n50-granite4-micro-v1,analysis_out/rome-math-n50-granite4-micro-v1/plans/granite4-micro/cases0-49_r01/methods/rome/captures/rome-math-ablation.json,granite4-micro,granite,development,cases0-49_r01,rome,11,complete,10,True,M0,10,0.2801238000392914,0.13951973617076874,10,10,True,not_evaluated_uncalibrated,True
rome-math-n50-granite4-micro-v1,analysis_out/rome-math-n50-granite4-micro-v1/plans/granite4-micro/cases0-49_r01/methods/rome/captures/rome-math-ablation.json,granite4-micro,granite,development,cases0-49_r01,rome,11,complete,10,True,M1,10,0.2798304557800293,0.1398889571428299,10,10,True,not_evaluated_uncalibrated,True
rome-math-n50-granite4-micro-v1,analysis_out/rome-math-n50-granite4-micro-v1/plans/granite4-micro/cases0-49_r01/methods/rome/captures/rome-math-ablation.json,granite4-micro,granite,development,cases0-49_r01,rome,11,complete,10,True,M2,10,82.81466803126673,79.44745979623572,10,10,True,not_evaluated_uncalibrated,True
rome-math-n50-granite4-micro-v1,analysis_out/rome-math-n50-granite4-micro-v1/plans/granite4-micro/cases0-49_r01/methods/rome/captures/rome-math-ablation.json,granite4-micro,granite,development,cases0-49_r01,rome,11,complete,10,True,M3,10,642.4444580078125,637.084686756134,10,10,True,not_evaluated_uncalibrated,True
rome-math-n50-granite4-micro-v1,analysis_out/rome-math-n50-granite4-micro-v1/plans/granite4-micro/cases0-49_r01/methods/rome/captures/rome-math-ablation.json,granite4-micro,granite,development,cases0-49_r01,rome,11,complete,10,True,M0_raw,10,1362.934814453125,680.1824340820312,10,10,True,not_evaluated_uncalibrated,True
rome-math-n50-granite4-micro-v1,analysis_out/rome-math-n50-granite4-micro-v1/plans/granite4-micro/cases0-49_r01/methods/rome/captures/rome-math-ablation.json,granite4-micro,granite,development,cases0-49_r01,rome,11,complete,10,True,M1_raw,10,1362.0919189453125,680.9677124023438,10,10,True,not_evaluated_uncalibrated,True
rome-math-n50-granite4-micro-v1,analysis_out/rome-math-n50-granite4-micro-v1/plans/granite4-micro/cases0-49_r01/methods/rome/captures/rome-math-ablation.json,granite4-micro,granite,development,cases0-49_r01,rome,12,complete,10,True,M0,10,0.18381395936012268,0.09105691313743591,10,10,True,not_evaluated_uncalibrated,True
rome-math-n50-granite4-micro-v1,analysis_out/rome-math-n50-granite4-micro-v1/plans/granite4-micro/cases0-49_r01/methods/rome/captures/rome-math-ablation.json,granite4-micro,granite,development,cases0-49_r01,rome,12,complete,10,True,M1,10,0.18337208032608032,0.09164649248123169,10,10,True,not_evaluated_uncalibrated,True
rome-math-n50-granite4-micro-v1,analysis_out/rome-math-n50-granite4-micro-v1/plans/granite4-micro/cases0-49_r01/methods/rome/captures/rome-math-ablation.json,granite4-micro,granite,development,cases0-49_r01,rome,12,complete,10,True,M2,10,139.3695376501371,136.0023294151061,10,10,True,not_evaluated_uncalibrated,True
rome-math-n50-granite4-micro-v1,analysis_out/rome-math-n50-granite4-micro-v1/plans/granite4-micro/cases0-49_r01/methods/rome/captures/rome-math-ablation.json,granite4-micro,granite,development,cases0-49_r01,rome,12,complete,10,True,M3,10,441.2401428222656,435.88037157058716,10,10,True,not_evaluated_uncalibrated,True
rome-math-n50-granite4-micro-v1,analysis_out/rome-math-n50-granite4-micro-v1/plans/granite4-micro/cases0-49_r01/methods/rome/captures/rome-math-ablation.json,granite4-micro,granite,development,cases0-49_r01,rome,12,complete,10,True,M0_raw,10,788.5302734375,391.90203857421875,10,10,True,not_evaluated_uncalibrated,True
rome-math-n50-granite4-micro-v1,analysis_out/rome-math-n50-granite4-micro-v1/plans/granite4-micro/cases0-49_r01/methods/rome/captures/rome-math-ablation.json,granite4-micro,granite,development,cases0-49_r01,rome,12,complete,10,True,M1_raw,10,787.0715942382812,393.4732971191406,10,10,True,not_evaluated_uncalibrated,True
rome-math-n50-granite4-micro-v1,analysis_out/rome-math-n50-granite4-micro-v1/plans/granite4-micro/cases0-49_r01/methods/rome/captures/rome-math-ablation.json,granite4-micro,granite,development,cases0-49_r01,rome,14,complete,10,True,M0,10,0.18465423583984375,0.09149112552404404,10,10,True,not_evaluated_uncalibrated,True
rome-math-n50-granite4-micro-v1,analysis_out/rome-math-n50-granite4-micro-v1/plans/granite4-micro/cases0-49_r01/methods/rome/captures/rome-math-ablation.json,granite4-micro,granite,development,cases0-49_r01,rome,14,complete,10,True,M1,10,0.18421459197998047,0.09206470102071762,10,10,True,not_evaluated_uncalibrated,True
rome-math-n50-granite4-micro-v1,analysis_out/rome-math-n50-granite4-micro-v1/plans/granite4-micro/cases0-49_r01/methods/rome/captures/rome-math-ablation.json,granite4-micro,granite,development,cases0-49_r01,rome,14,complete,10,True,M2,10,140.15343806106753,136.78622982603653,10,10,True,not_evaluated_uncalibrated,True
rome-math-n50-granite4-micro-v1,analysis_out/rome-math-n50-granite4-micro-v1/plans/granite4-micro/cases0-49_r01/methods/rome/captures/rome-math-ablation.json,granite4-micro,granite,development,cases0-49_r01,rome,14,complete,10,True,M3,10,453.2738952636719,447.9141240119934,10,10,True,not_evaluated_uncalibrated,True
rome-math-n50-granite4-micro-v1,analysis_out/rome-math-n50-granite4-micro-v1/plans/granite4-micro/cases0-49_r01/methods/rome/captures/rome-math-ablation.json,granite4-micro,granite,development,cases0-49_r01,rome,14,complete,10,True,M0_raw,10,792.9493408203125,394.16094970703125,10,10,True,not_evaluated_uncalibrated,True
rome-math-n50-granite4-micro-v1,analysis_out/rome-math-n50-granite4-micro-v1/plans/granite4-micro/cases0-49_r01/methods/rome/captures/rome-math-ablation.json,granite4-micro,granite,development,cases0-49_r01,rome,14,complete,10,True,M1_raw,10,791.4987182617188,395.6160583496094,10,10,True,not_evaluated_uncalibrated,True
rome-math-n50-granite4-micro-v1,analysis_out/rome-math-n50-granite4-micro-v1/plans/granite4-micro/cases0-49_r01/methods/rome/captures/rome-math-ablation.json,granite4-micro,granite,development,cases0-49_r01,rome,15,complete,10,True,M0,10,0.14927995204925537,0.07360750436782837,10,10,True,not_evaluated_uncalibrated,True
rome-math-n50-granite4-micro-v1,analysis_out/rome-math-n50-granite4-micro-v1/plans/granite4-micro/cases0-49_r01/methods/rome/captures/rome-math-ablation.json,granite4-micro,granite,development,cases0-49_r01,rome,15,complete,10,True,M1,10,0.14872953295707703,0.0743267610669136,10,10,True,not_evaluated_uncalibrated,True
rome-math-n50-granite4-micro-v1,analysis_out/rome-math-n50-granite4-micro-v1/plans/granite4-micro/cases0-49_r01/methods/rome/captures/rome-math-ablation.json,granite4-micro,granite,development,cases0-49_r01,rome,15,complete,10,True,M2,10,110.79351388365066,107.42630564861965,10,10,True,not_evaluated_uncalibrated,True
rome-math-n50-granite4-micro-v1,analysis_out/rome-math-n50-granite4-micro-v1/plans/granite4-micro/cases0-49_r01/methods/rome/captures/rome-math-ablation.json,granite4-micro,granite,development,cases0-49_r01,rome,15,complete,10,True,M3,10,370.0035400390625,364.64376878738403,10,10,True,not_evaluated_uncalibrated,True
rome-math-n50-granite4-micro-v1,analysis_out/rome-math-n50-granite4-micro-v1/plans/granite4-micro/cases0-49_r01/methods/rome/captures/rome-math-ablation.json,granite4-micro,granite,development,cases0-49_r01,rome,15,complete,10,True,M0_raw,10,614.2484741210938,304.11883544921875,10,10,True,not_evaluated_uncalibrated,True
rome-math-n50-granite4-micro-v1,analysis_out/rome-math-n50-granite4-micro-v1/plans/granite4-micro/cases0-49_r01/methods/rome/captures/rome-math-ablation.json,granite4-micro,granite,development,cases0-49_r01,rome,15,complete,10,True,M1_raw,10,612.3756103515625,306.0709228515625,10,10,True,not_evaluated_uncalibrated,True
rome-math-n50-granite4-micro-v1,analysis_out/rome-math-n50-granite4-micro-v1/plans/granite4-micro/cases0-49_r01/methods/rome/captures/rome-math-ablation.json,granite4-micro,granite,development,cases0-49_r01,rome,16,complete,10,False,M0,10,0.21164128184318542,0.10509511828422546,10,10,True,not_evaluated_uncalibrated,True
rome-math-n50-granite4-micro-v1,analysis_out/rome-math-n50-granite4-micro-v1/plans/granite4-micro/cases0-49_r01/methods/rome/captures/rome-math-ablation.json,granite4-micro,granite,development,cases0-49_r01,rome,16,complete,10,False,M1,10,0.21125879883766174,0.10560533404350281,10,10,True,not_evaluated_uncalibrated,True
rome-math-n50-granite4-micro-v1,analysis_out/rome-math-n50-granite4-micro-v1/plans/granite4-micro/cases0-49_r01/methods/rome/captures/rome-math-ablation.json,granite4-micro,granite,development,cases0-49_r01,rome,16,complete,10,False,M2,10,164.3943691164915,161.0271608814605,10,10,True,not_evaluated_uncalibrated,True
rome-math-n50-granite4-micro-v1,analysis_out/rome-math-n50-granite4-micro-v1/plans/granite4-micro/cases0-49_r01/methods/rome/captures/rome-math-ablation.json,granite4-micro,granite,development,cases0-49_r01,rome,16,complete,10,False,M3,10,503.5032653808594,498.1434941291809,10,10,True,not_evaluated_uncalibrated,True
rome-math-n50-granite4-micro-v1,analysis_out/rome-math-n50-granite4-micro-v1/plans/granite4-micro/cases0-49_r01/methods/rome/captures/rome-math-ablation.json,granite4-micro,granite,development,cases0-49_r01,rome,16,complete,10,False,M0_raw,10,940.054443359375,468.1015625,10,10,True,not_evaluated_uncalibrated,True
rome-math-n50-granite4-micro-v1,analysis_out/rome-math-n50-granite4-micro-v1/plans/granite4-micro/cases0-49_r01/methods/rome/captures/rome-math-ablation.json,granite4-micro,granite,development,cases0-49_r01,rome,16,complete,10,False,M1_raw,10,938.8319702148438,469.3480224609375,10,10,True,not_evaluated_uncalibrated,True
rome-math-n50-granite4-micro-v1,analysis_out/rome-math-n50-granite4-micro-v1/plans/granite4-micro/cases0-49_r01/methods/rome/captures/rome-math-ablation.json,granite4-micro,granite,development,cases0-49_r01,rome,17,complete,10,True,M0,10,0.4373544752597809,0.2182978391647339,10,10,True,not_evaluated_uncalibrated,True
rome-math-n50-granite4-micro-v1,analysis_out/rome-math-n50-granite4-micro-v1/plans/granite4-micro/cases0-49_r01/methods/rome/captures/rome-math-ablation.json,granite4-micro,granite,development,cases0-49_r01,rome,17,complete,10,True,M1,10,0.43713998794555664,0.2185383141040802,10,10,True,not_evaluated_uncalibrated,True
rome-math-n50-granite4-micro-v1,analysis_out/rome-math-n50-granite4-micro-v1/plans/granite4-micro/cases0-49_r01/methods/rome/captures/rome-math-ablation.json,granite4-micro,granite,development,cases0-49_r01,rome,17,complete,10,True,M2,10,122.11610051793433,118.74889228290331,10,10,True,not_evaluated_uncalibrated,True
rome-math-n50-granite4-micro-v1,analysis_out/rome-math-n50-granite4-micro-v1/plans/granite4-micro/cases0-49_r01/methods/rome/captures/rome-math-ablation.json,granite4-micro,granite,development,cases0-49_r01,rome,17,complete,10,True,M3,10,974.759521484375,969.3997502326965,10,10,True,not_evaluated_uncalibrated,True
rome-math-n50-granite4-micro-v1,analysis_out/rome-math-n50-granite4-micro-v1/plans/granite4-micro/cases0-49_r01/methods/rome/captures/rome-math-ablation.json,granite4-micro,granite,development,cases0-49_r01,rome,17,complete,10,True,M0_raw,10,2723.36962890625,1360.975830078125,10,10,True,not_evaluated_uncalibrated,True
rome-math-n50-granite4-micro-v1,analysis_out/rome-math-n50-granite4-micro-v1/plans/granite4-micro/cases0-49_r01/methods/rome/captures/rome-math-ablation.json,granite4-micro,granite,development,cases0-49_r01,rome,17,complete,10,True,M1_raw,10,2722.947509765625,1361.4149169921875,10,10,True,not_evaluated_uncalibrated,True
rome-math-n50-granite4-micro-v1,analysis_out/rome-math-n50-granite4-micro-v1/plans/granite4-micro/cases0-49_r01/methods/rome/captures/rome-math-ablation.json,granite4-micro,granite,development,cases0-49_r01,rome,19,complete,10,True,M0,10,0.48066583275794983,0.24001316726207733,10,10,True,not_evaluated_uncalibrated,True
rome-math-n50-granite4-micro-v1,analysis_out/rome-math-n50-granite4-micro-v1/plans/granite4-micro/cases0-49_r01/methods/rome/captures/rome-math-ablation.json,granite4-micro,granite,development,cases0-49_r01,rome,19,complete,10,True,M1,10,0.48045849800109863,0.2402094304561615,10,10,True,not_evaluated_uncalibrated,True
rome-math-n50-granite4-micro-v1,analysis_out/rome-math-n50-granite4-micro-v1/plans/granite4-micro/cases0-49_r01/methods/rome/captures/rome-math-ablation.json,granite4-micro,granite,development,cases0-49_r01,rome,19,complete,10,True,M2,10,132.42492784519357,129.05771961016256,10,10,True,not_evaluated_uncalibrated,True
rome-math-n50-granite4-micro-v1,analysis_out/rome-math-n50-granite4-micro-v1/plans/granite4-micro/cases0-49_r01/methods/rome/captures/rome-math-ablation.json,granite4-micro,granite,development,cases0-49_r01,rome,19,complete,10,True,M3,10,1209.8338623046875,1204.474091053009,10,10,True,not_evaluated_uncalibrated,True
rome-math-n50-granite4-micro-v1,analysis_out/rome-math-n50-granite4-micro-v1/plans/granite4-micro/cases0-49_r01/methods/rome/captures/rome-math-ablation.json,granite4-micro,granite,development,cases0-49_r01,rome,19,complete,10,True,M0_raw,10,3242.569091796875,1620.712158203125,10,10,True,not_evaluated_uncalibrated,True
rome-math-n50-granite4-micro-v1,analysis_out/rome-math-n50-granite4-micro-v1/plans/granite4-micro/cases0-49_r01/methods/rome/captures/rome-math-ablation.json,granite4-micro,granite,development,cases0-49_r01,rome,19,complete,10,True,M1_raw,10,3242.21484375,1621.04296875,10,10,True,not_evaluated_uncalibrated,True
rome-math-n50-granite4-micro-v1,analysis_out/rome-math-n50-granite4-micro-v1/plans/granite4-micro/cases0-49_r01/methods/rome/captures/rome-math-ablation.json,granite4-micro,granite,development,cases0-49_r01,rome,20,complete,10,True,M0,10,0.5931490063667297,0.29630595445632935,10,10,True,not_evaluated_uncalibrated,True
rome-math-n50-granite4-micro-v1,analysis_out/rome-math-n50-granite4-micro-v1/plans/granite4-micro/cases0-49_r01/methods/rome/captures/rome-math-ablation.json,granite4-micro,granite,development,cases0-49_r01,rome,20,complete,10,True,M1,10,0.592946469783783,0.2964598834514618,10,10,True,not_evaluated_uncalibrated,True
rome-math-n50-granite4-micro-v1,analysis_out/rome-math-n50-granite4-micro-v1/plans/granite4-micro/cases0-49_r01/methods/rome/captures/rome-math-ablation.json,granite4-micro,granite,development,cases0-49_r01,rome,20,complete,10,True,M2,10,157.1674702614788,153.8002620264478,10,10,True,not_evaluated_uncalibrated,True
rome-math-n50-granite4-micro-v1,analysis_out/rome-math-n50-granite4-micro-v1/plans/granite4-micro/cases0-49_r01/methods/rome/captures/rome-math-ablation.json,granite4-micro,granite,development,cases0-49_r01,rome,20,complete,10,True,M3,10,1339.651611328125,1334.2918400764465,10,10,True,not_evaluated_uncalibrated,True
rome-math-n50-granite4-micro-v1,analysis_out/rome-math-n50-granite4-micro-v1/plans/granite4-micro/cases0-49_r01/methods/rome/captures/rome-math-ablation.json,granite4-micro,granite,development,cases0-49_r01,rome,20,complete,10,True,M0_raw,10,5108.7783203125,2554.0205078125,10,10,True,not_evaluated_uncalibrated,True
rome-math-n50-granite4-micro-v1,analysis_out/rome-math-n50-granite4-micro-v1/plans/granite4-micro/cases0-49_r01/methods/rome/captures/rome-math-ablation.json,granite4-micro,granite,development,cases0-49_r01,rome,20,complete,10,True,M1_raw,10,5108.55322265625,2554.230224609375,10,10,True,not_evaluated_uncalibrated,True
rome-math-n50-granite4-micro-v1,analysis_out/rome-math-n50-granite4-micro-v1/plans/granite4-micro/cases0-49_r01/methods/rome/captures/rome-math-ablation.json,granite4-micro,granite,development,cases0-49_r01,rome,21,complete,10,True,M0,10,0.19996418058872223,0.0992221087217331,10,10,True,not_evaluated_uncalibrated,True
rome-math-n50-granite4-micro-v1,analysis_out/rome-math-n50-granite4-micro-v1/plans/granite4-micro/cases0-49_r01/methods/rome/captures/rome-math-ablation.json,granite4-micro,granite,development,cases0-49_r01,rome,21,complete,10,True,M1,10,0.19955897331237793,0.09974454343318939,10,10,True,not_evaluated_uncalibrated,True
rome-math-n50-granite4-micro-v1,analysis_out/rome-math-n50-granite4-micro-v1/plans/granite4-micro/cases0-49_r01/methods/rome/captures/rome-math-ablation.json,granite4-micro,granite,development,cases0-49_r01,rome,21,complete,10,True,M2,10,153.35467725793484,149.98746902290384,10,10,True,not_evaluated_uncalibrated,True
rome-math-n50-granite4-micro-v1,analysis_out/rome-math-n50-granite4-micro-v1/plans/granite4-micro/cases0-49_r01/methods/rome/captures/rome-math-ablation.json,granite4-micro,granite,development,cases0-49_r01,rome,21,complete,10,True,M3,10,469.54449462890625,464.1847233772278,10,10,True,not_evaluated_uncalibrated,True
rome-math-n50-granite4-micro-v1,analysis_out/rome-math-n50-granite4-micro-v1/plans/granite4-micro/cases0-49_r01/methods/rome/captures/rome-math-ablation.json,granite4-micro,granite,development,cases0-49_r01,rome,21,complete,10,True,M0_raw,10,875.198486328125,435.5525817871094,10,10,True,not_evaluated_uncalibrated,True
rome-math-n50-granite4-micro-v1,analysis_out/rome-math-n50-granite4-micro-v1/plans/granite4-micro/cases0-49_r01/methods/rome/captures/rome-math-ablation.json,granite4-micro,granite,development,cases0-49_r01,rome,21,complete,10,True,M1_raw,10,873.8846435546875,436.8355407714844,10,10,True,not_evaluated_uncalibrated,True
rome-math-n50-granite4-micro-v1,analysis_out/rome-math-n50-granite4-micro-v1/plans/granite4-micro/cases0-49_r01/methods/rome/captures/rome-math-ablation.json,granite4-micro,granite,development,cases0-49_r01,rome,22,complete,10,True,M0,10,0.32173457741737366,0.16040198504924774,10,10,True,not_evaluated_uncalibrated,True
rome-math-n50-granite4-micro-v1,analysis_out/rome-math-n50-granite4-micro-v1/plans/granite4-micro/cases0-49_r01/methods/rome/captures/rome-math-ablation.json,granite4-micro,granite,development,cases0-49_r01,rome,22,complete,10,True,M1,10,0.3214741051197052,0.16071030497550964,10,10,True,not_evaluated_uncalibrated,True
rome-math-n50-granite4-micro-v1,analysis_out/rome-math-n50-granite4-micro-v1/plans/granite4-micro/cases0-49_r01/methods/rome/captures/rome-math-ablation.json,granite4-micro,granite,development,cases0-49_r01,rome,22,complete,10,True,M2,10,93.63113353588689,90.26392530085587,10,10,True,not_evaluated_uncalibrated,True
rome-math-n50-granite4-micro-v1,analysis_out/rome-math-n50-granite4-micro-v1/plans/granite4-micro/cases0-49_r01/methods/rome/captures/rome-math-ablation.json,granite4-micro,granite,development,cases0-49_r01,rome,22,complete,10,True,M3,10,713.5148315429688,708.1550602912903,10,10,True,not_evaluated_uncalibrated,True
rome-math-n50-granite4-micro-v1,analysis_out/rome-math-n50-granite4-micro-v1/plans/granite4-micro/cases0-49_r01/methods/rome/captures/rome-math-ablation.json,granite4-micro,granite,development,cases0-49_r01,rome,22,complete,10,True,M0_raw,10,1661.6165771484375,829.7355346679688,10,10,True,not_evaluated_uncalibrated,True
rome-math-n50-granite4-micro-v1,analysis_out/rome-math-n50-granite4-micro-v1/plans/granite4-micro/cases0-49_r01/methods/rome/captures/rome-math-ablation.json,granite4-micro,granite,development,cases0-49_r01,rome,22,complete,10,True,M1_raw,10,1660.9251708984375,830.3801879882812,10,10,True,not_evaluated_uncalibrated,True
rome-math-n50-granite4-micro-v1,analysis_out/rome-math-n50-granite4-micro-v1/plans/granite4-micro/cases0-49_r01/methods/rome/captures/rome-math-ablation.json,granite4-micro,granite,development,cases0-49_r01,rome,23,complete,10,True,M0,10,0.2719833552837372,0.1354375183582306,10,10,True,not_evaluated_uncalibrated,True
rome-math-n50-granite4-micro-v1,analysis_out/rome-math-n50-granite4-micro-v1/plans/granite4-micro/cases0-49_r01/methods/rome/captures/rome-math-ablation.json,granite4-micro,granite,development,cases0-49_r01,rome,23,complete,10,True,M1,10,0.2716820240020752,0.13580477237701416,10,10,True,not_evaluated_uncalibrated,True
rome-math-n50-granite4-micro-v1,analysis_out/rome-math-n50-granite4-micro-v1/plans/granite4-micro/cases0-49_r01/methods/rome/captures/rome-math-ablation.json,granite4-micro,granite,development,cases0-49_r01,rome,23,complete,10,True,M2,10,80.52884921961504,77.16164098458403,10,10,True,not_evaluated_uncalibrated,True
rome-math-n50-granite4-micro-v1,analysis_out/rome-math-n50-granite4-micro-v1/plans/granite4-micro/cases0-49_r01/methods/rome/captures/rome-math-ablation.json,granite4-micro,granite,development,cases0-49_r01,rome,23,complete,10,True,M3,10,585.3489379882812,579.9891667366028,10,10,True,not_evaluated_uncalibrated,True
rome-math-n50-granite4-micro-v1,analysis_out/rome-math-n50-granite4-micro-v1/plans/granite4-micro/cases0-49_r01/methods/rome/captures/rome-math-ablation.json,granite4-micro,granite,development,cases0-49_r01,rome,23,complete,10,True,M0_raw,10,1308.5347900390625,652.8970947265625,10,10,True,not_evaluated_uncalibrated,True
rome-math-n50-granite4-micro-v1,analysis_out/rome-math-n50-granite4-micro-v1/plans/granite4-micro/cases0-49_r01/methods/rome/captures/rome-math-ablation.json,granite4-micro,granite,development,cases0-49_r01,rome,23,complete,10,True,M1_raw,10,1307.656982421875,653.7150268554688,10,10,True,not_evaluated_uncalibrated,True
rome-math-n50-granite4-micro-v1,analysis_out/rome-math-n50-granite4-micro-v1/plans/granite4-micro/cases0-49_r01/methods/rome/captures/rome-math-ablation.json,granite4-micro,granite,development,cases0-49_r01,rome,24,complete,10,True,M0,10,0.20006905496120453,0.09926663339138031,10,10,True,not_evaluated_uncalibrated,True
rome-math-n50-granite4-micro-v1,analysis_out/rome-math-n50-granite4-micro-v1/plans/granite4-micro/cases0-49_r01/methods/rome/captures/rome-math-ablation.json,granite4-micro,granite,development,cases0-49_r01,rome,24,complete,10,True,M1,10,0.19966410100460052,0.09980787336826324,10,10,True,not_evaluated_uncalibrated,True
rome-math-n50-granite4-micro-v1,analysis_out/rome-math-n50-granite4-micro-v1/plans/granite4-micro/cases0-49_r01/methods/rome/captures/rome-math-ablation.json,granite4-micro,granite,development,cases0-49_r01,rome,24,complete,10,True,M2,10,153.24612109697222,149.87891286194122,10,10,True,not_evaluated_uncalibrated,True
rome-math-n50-granite4-micro-v1,analysis_out/rome-math-n50-granite4-micro-v1/plans/granite4-micro/cases0-49_r01/methods/rome/captures/rome-math-ablation.json,granite4-micro,granite,development,cases0-49_r01,rome,24,complete,10,True,M3,10,467.98162841796875,462.6218571662903,10,10,True,not_evaluated_uncalibrated,True
rome-math-n50-granite4-micro-v1,analysis_out/rome-math-n50-granite4-micro-v1/plans/granite4-micro/cases0-49_r01/methods/rome/captures/rome-math-ablation.json,granite4-micro,granite,development,cases0-49_r01,rome,24,complete,10,True,M0_raw,10,875.7543334960938,435.80316162109375,10,10,True,not_evaluated_uncalibrated,True
rome-math-n50-granite4-micro-v1,analysis_out/rome-math-n50-granite4-micro-v1/plans/granite4-micro/cases0-49_r01/methods/rome/captures/rome-math-ablation.json,granite4-micro,granite,development,cases0-49_r01,rome,24,complete,10,True,M1_raw,10,874.4420776367188,437.1518249511719,10,10,True,not_evaluated_uncalibrated,True
rome-math-n50-granite4-micro-v1,analysis_out/rome-math-n50-granite4-micro-v1/plans/granite4-micro/cases0-49_r01/methods/rome/captures/rome-math-ablation.json,granite4-micro,granite,development,cases0-49_r01,rome,25,complete,10,True,M0,10,0.24383459985256195,0.12129569798707962,10,10,True,not_evaluated_uncalibrated,True
rome-math-n50-granite4-micro-v1,analysis_out/rome-math-n50-granite4-micro-v1/plans/granite4-micro/cases0-49_r01/methods/rome/captures/rome-math-ablation.json,granite4-micro,granite,development,cases0-49_r01,rome,25,complete,10,True,M1,10,0.2435014247894287,0.12173141539096832,10,10,True,not_evaluated_uncalibrated,True
rome-math-n50-granite4-micro-v1,analysis_out/rome-math-n50-granite4-micro-v1/plans/granite4-micro/cases0-49_r01/methods/rome/captures/rome-math-ablation.json,granite4-micro,granite,development,cases0-49_r01,rome,25,complete,10,True,M2,10,193.27830674062946,189.91109850559846,10,10,True,not_evaluated_uncalibrated,True
rome-math-n50-granite4-micro-v1,analysis_out/rome-math-n50-granite4-micro-v1/plans/granite4-micro/cases0-49_r01/methods/rome/captures/rome-math-ablation.json,granite4-micro,granite,development,cases0-49_r01,rome,25,complete,10,True,M3,10,534.8865356445312,529.5267643928528,10,10,True,not_evaluated_uncalibrated,True
rome-math-n50-granite4-micro-v1,analysis_out/rome-math-n50-granite4-micro-v1/plans/granite4-micro/cases0-49_r01/methods/rome/captures/rome-math-ablation.json,granite4-micro,granite,development,cases0-49_r01,rome,25,complete,10,True,M0_raw,10,1129.305908203125,563.0930786132812,10,10,True,not_evaluated_uncalibrated,True
rome-math-n50-granite4-micro-v1,analysis_out/rome-math-n50-granite4-micro-v1/plans/granite4-micro/cases0-49_r01/methods/rome/captures/rome-math-ablation.json,granite4-micro,granite,development,cases0-49_r01,rome,25,complete,10,True,M1_raw,10,1128.28857421875,564.090576171875,10,10,True,not_evaluated_uncalibrated,True
rome-math-n50-granite4-micro-v1,analysis_out/rome-math-n50-granite4-micro-v1/plans/granite4-micro/cases0-49_r01/methods/rome/captures/rome-math-ablation.json,granite4-micro,granite,development,cases0-49_r01,rome,26,complete,10,True,M0,10,0.19640900194644928,0.09742230921983719,10,10,True,not_evaluated_uncalibrated,True
rome-math-n50-granite4-micro-v1,analysis_out/rome-math-n50-granite4-micro-v1/plans/granite4-micro/cases0-49_r01/methods/rome/captures/rome-math-ablation.json,granite4-micro,granite,development,cases0-49_r01,rome,26,complete,10,True,M1,10,0.1959965080022812,0.09796983748674393,10,10,True,not_evaluated_uncalibrated,True
rome-math-n50-granite4-micro-v1,analysis_out/rome-math-n50-granite4-micro-v1/plans/granite4-micro/cases0-49_r01/methods/rome/captures/rome-math-ablation.json,granite4-micro,granite,development,cases0-49_r01,rome,26,complete,10,True,M2,10,151.11597239444504,147.74876415941404,10,10,True,not_evaluated_uncalibrated,True
rome-math-n50-granite4-micro-v1,analysis_out/rome-math-n50-granite4-micro-v1/plans/granite4-micro/cases0-49_r01/methods/rome/captures/rome-math-ablation.json,granite4-micro,granite,development,cases0-49_r01,rome,26,complete,10,True,M3,10,477.9571838378906,472.59741258621216,10,10,True,not_evaluated_uncalibrated,True
rome-math-n50-granite4-micro-v1,analysis_out/rome-math-n50-granite4-micro-v1/plans/granite4-micro/cases0-49_r01/methods/rome/captures/rome-math-ablation.json,granite4-micro,granite,development,cases0-49_r01,rome,26,complete,10,True,M0_raw,10,855.7857055664062,425.76763916015625,10,10,True,not_evaluated_uncalibrated,True
rome-math-n50-granite4-micro-v1,analysis_out/rome-math-n50-granite4-micro-v1/plans/granite4-micro/cases0-49_r01/methods/rome/captures/rome-math-ablation.json,granite4-micro,granite,development,cases0-49_r01,rome,26,complete,10,True,M1_raw,10,854.442626953125,427.137939453125,10,10,True,not_evaluated_uncalibrated,True
rome-math-n50-granite4-micro-v1,analysis_out/rome-math-n50-granite4-micro-v1/plans/granite4-micro/cases0-49_r01/methods/rome/captures/rome-math-ablation.json,granite4-micro,granite,development,cases0-49_r01,rome,27,complete,10,True,M0,10,0.19202642142772675,0.09520898014307022,10,10,True,not_evaluated_uncalibrated,True
rome-math-n50-granite4-micro-v1,analysis_out/rome-math-n50-granite4-micro-v1/plans/granite4-micro/cases0-49_r01/methods/rome/captures/rome-math-ablation.json,granite4-micro,granite,development,cases0-49_r01,rome,27,complete,10,True,M1,10,0.1916041374206543,0.09576454758644104,10,10,True,not_evaluated_uncalibrated,True
rome-math-n50-granite4-micro-v1,analysis_out/rome-math-n50-granite4-micro-v1/plans/granite4-micro/cases0-49_r01/methods/rome/captures/rome-math-ablation.json,granite4-micro,granite,development,cases0-49_r01,rome,27,complete,10,True,M2,10,147.1097366255203,143.7425283904893,10,10,True,not_evaluated_uncalibrated,True
rome-math-n50-granite4-micro-v1,analysis_out/rome-math-n50-granite4-micro-v1/plans/granite4-micro/cases0-49_r01/methods/rome/captures/rome-math-ablation.json,granite4-micro,granite,development,cases0-49_r01,rome,27,complete,10,True,M3,10,471.2368469238281,465.87707567214966,10,10,True,not_evaluated_uncalibrated,True
rome-math-n50-granite4-micro-v1,analysis_out/rome-math-n50-granite4-micro-v1/plans/granite4-micro/cases0-49_r01/methods/rome/captures/rome-math-ablation.json,granite4-micro,granite,development,cases0-49_r01,rome,27,complete,10,True,M0_raw,10,832.15576171875,413.8757019042969,10,10,True,not_evaluated_uncalibrated,True
rome-math-n50-granite4-micro-v1,analysis_out/rome-math-n50-granite4-micro-v1/plans/granite4-micro/cases0-49_r01/methods/rome/captures/rome-math-ablation.json,granite4-micro,granite,development,cases0-49_r01,rome,27,complete,10,True,M1_raw,10,830.7743530273438,415.27203369140625,10,10,True,not_evaluated_uncalibrated,True
rome-math-n50-granite4-micro-v1,analysis_out/rome-math-n50-granite4-micro-v1/plans/granite4-micro/cases0-49_r01/methods/rome/captures/rome-math-ablation.json,granite4-micro,granite,development,cases0-49_r01,rome,28,complete,10,True,M0,10,0.5215714573860168,0.2604909837245941,10,10,True,not_evaluated_uncalibrated,True
rome-math-n50-granite4-micro-v1,analysis_out/rome-math-n50-granite4-micro-v1/plans/granite4-micro/cases0-49_r01/methods/rome/captures/rome-math-ablation.json,granite4-micro,granite,development,cases0-49_r01,rome,28,complete,10,True,M1,10,0.5213677287101746,0.26066726446151733,10,10,True,not_evaluated_uncalibrated,True
rome-math-n50-granite4-micro-v1,analysis_out/rome-math-n50-granite4-micro-v1/plans/granite4-micro/cases0-49_r01/methods/rome/captures/rome-math-ablation.json,granite4-micro,granite,development,cases0-49_r01,rome,28,complete,10,True,M2,10,141.68496369036558,138.31775545533458,10,10,True,not_evaluated_uncalibrated,True
rome-math-n50-granite4-micro-v1,analysis_out/rome-math-n50-granite4-micro-v1/plans/granite4-micro/cases0-49_r01/methods/rome/captures/rome-math-ablation.json,granite4-micro,granite,development,cases0-49_r01,rome,28,complete,10,True,M3,10,1325.9892578125,1320.6294865608215,10,10,True,not_evaluated_uncalibrated,True
rome-math-n50-granite4-micro-v1,analysis_out/rome-math-n50-granite4-micro-v1/plans/granite4-micro/cases0-49_r01/methods/rome/captures/rome-math-ablation.json,granite4-micro,granite,development,cases0-49_r01,rome,28,complete,10,True,M0_raw,10,3819.50439453125,1909.2667236328125,10,10,True,not_evaluated_uncalibrated,True
rome-math-n50-granite4-micro-v1,analysis_out/rome-math-n50-granite4-micro-v1/plans/granite4-micro/cases0-49_r01/methods/rome/captures/rome-math-ablation.json,granite4-micro,granite,development,cases0-49_r01,rome,28,complete,10,True,M1_raw,10,3819.203857421875,1909.547607421875,10,10,True,not_evaluated_uncalibrated,True
rome-math-n50-granite4-micro-v1,analysis_out/rome-math-n50-granite4-micro-v1/plans/granite4-micro/cases0-49_r01/methods/rome/captures/rome-math-ablation.json,granite4-micro,granite,development,cases0-49_r01,rome,29,complete,10,True,M0,10,0.18091736733913422,0.08962427824735641,10,10,True,not_evaluated_uncalibrated,True
rome-math-n50-granite4-micro-v1,analysis_out/rome-math-n50-granite4-micro-v1/plans/granite4-micro/cases0-49_r01/methods/rome/captures/rome-math-ablation.json,granite4-micro,granite,development,cases0-49_r01,rome,29,complete,10,True,M1,10,0.1804683655500412,0.09019891917705536,10,10,True,not_evaluated_uncalibrated,True
rome-math-n50-granite4-micro-v1,analysis_out/rome-math-n50-granite4-micro-v1/plans/granite4-micro/cases0-49_r01/methods/rome/captures/rome-math-ablation.json,granite4-micro,granite,development,cases0-49_r01,rome,29,complete,10,True,M2,10,134.8905635080824,131.5233552730514,10,10,True,not_evaluated_uncalibrated,True
rome-math-n50-granite4-micro-v1,analysis_out/rome-math-n50-granite4-micro-v1/plans/granite4-micro/cases0-49_r01/methods/rome/captures/rome-math-ablation.json,granite4-micro,granite,development,cases0-49_r01,rome,29,complete,10,True,M3,10,375.7344665527344,370.3746953010559,10,10,True,not_evaluated_uncalibrated,True
rome-math-n50-granite4-micro-v1,analysis_out/rome-math-n50-granite4-micro-v1/plans/granite4-micro/cases0-49_r01/methods/rome/captures/rome-math-ablation.json,granite4-micro,granite,development,cases0-49_r01,rome,29,complete,10,True,M0_raw,10,773.3925170898438,384.39031982421875,10,10,True,not_evaluated_uncalibrated,True
rome-math-n50-granite4-micro-v1,analysis_out/rome-math-n50-granite4-micro-v1/plans/granite4-micro/cases0-49_r01/methods/rome/captures/rome-math-ablation.json,granite4-micro,granite,development,cases0-49_r01,rome,29,complete,10,True,M1_raw,10,771.9053955078125,385.84130859375,10,10,True,not_evaluated_uncalibrated,True
rome-math-n50-granite4-micro-v1,analysis_out/rome-math-n50-granite4-micro-v1/plans/granite4-micro/cases0-49_r01/methods/rome/captures/rome-math-ablation.json,granite4-micro,granite,development,cases0-49_r01,rome,30,complete,10,True,M0,10,0.1826692670583725,0.09049472212791443,10,10,True,not_evaluated_uncalibrated,True
rome-math-n50-granite4-micro-v1,analysis_out/rome-math-n50-granite4-micro-v1/plans/granite4-micro/cases0-49_r01/methods/rome/captures/rome-math-ablation.json,granite4-micro,granite,development,cases0-49_r01,rome,30,complete,10,True,M1,10,0.18222452700138092,0.09107238054275513,10,10,True,not_evaluated_uncalibrated,True
rome-math-n50-granite4-micro-v1,analysis_out/rome-math-n50-granite4-micro-v1/plans/granite4-micro/cases0-49_r01/methods/rome/captures/rome-math-ablation.json,granite4-micro,granite,development,cases0-49_r01,rome,30,complete,10,True,M2,10,139.32216588784235,135.95495765281134,10,10,True,not_evaluated_uncalibrated,True
rome-math-n50-granite4-micro-v1,analysis_out/rome-math-n50-granite4-micro-v1/plans/granite4-micro/cases0-49_r01/methods/rome/captures/rome-math-ablation.json,granite4-micro,granite,development,cases0-49_r01,rome,30,complete,10,True,M3,10,466.09942626953125,460.7396550178528,10,10,True,not_evaluated_uncalibrated,True
rome-math-n50-granite4-micro-v1,analysis_out/rome-math-n50-granite4-micro-v1/plans/granite4-micro/cases0-49_r01/methods/rome/captures/rome-math-ablation.json,granite4-micro,granite,development,cases0-49_r01,rome,30,complete,10,True,M0_raw,10,782.4911499023438,388.91729736328125,10,10,True,not_evaluated_uncalibrated,True
rome-math-n50-granite4-micro-v1,analysis_out/rome-math-n50-granite4-micro-v1/plans/granite4-micro/cases0-49_r01/methods/rome/captures/rome-math-ablation.json,granite4-micro,granite,development,cases0-49_r01,rome,30,complete,10,True,M1_raw,10,781.0216674804688,390.3874816894531,10,10,True,not_evaluated_uncalibrated,True
rome-math-n50-granite4-micro-v1,analysis_out/rome-math-n50-granite4-micro-v1/plans/granite4-micro/cases0-49_r01/methods/rome/captures/rome-math-ablation.json,granite4-micro,granite,development,cases0-49_r01,rome,31,complete,10,False,M0,10,0.17426630854606628,0.08625645190477371,10,10,True,not_evaluated_uncalibrated,True
rome-math-n50-granite4-micro-v1,analysis_out/rome-math-n50-granite4-micro-v1/plans/granite4-micro/cases0-49_r01/methods/rome/captures/rome-math-ablation.json,granite4-micro,granite,development,cases0-49_r01,rome,31,complete,10,False,M1,10,0.17379936575889587,0.08687037229537964,10,10,True,not_evaluated_uncalibrated,True
rome-math-n50-granite4-micro-v1,analysis_out/rome-math-n50-granite4-micro-v1/plans/granite4-micro/cases0-49_r01/methods/rome/captures/rome-math-ablation.json,granite4-micro,granite,development,cases0-49_r01,rome,31,complete,10,False,M2,10,130.9716881668114,127.60447993178038,10,10,True,not_evaluated_uncalibrated,True
rome-math-n50-granite4-micro-v1,analysis_out/rome-math-n50-granite4-micro-v1/plans/granite4-micro/cases0-49_r01/methods/rome/captures/rome-math-ablation.json,granite4-micro,granite,development,cases0-49_r01,rome,31,complete,10,False,M3,10,419.5943298339844,414.2345585823059,10,10,True,not_evaluated_uncalibrated,True
rome-math-n50-granite4-micro-v1,analysis_out/rome-math-n50-granite4-micro-v1/plans/granite4-micro/cases0-49_r01/methods/rome/captures/rome-math-ablation.json,granite4-micro,granite,development,cases0-49_r01,rome,31,complete,10,False,M0_raw,10,738.8704223632812,366.97796630859375,10,10,True,not_evaluated_uncalibrated,True
rome-math-n50-granite4-micro-v1,analysis_out/rome-math-n50-granite4-micro-v1/plans/granite4-micro/cases0-49_r01/methods/rome/captures/rome-math-ablation.json,granite4-micro,granite,development,cases0-49_r01,rome,31,complete,10,False,M1_raw,10,737.3145751953125,368.57049560546875,10,10,True,not_evaluated_uncalibrated,True
rome-math-n50-granite4-micro-v1,analysis_out/rome-math-n50-granite4-micro-v1/plans/granite4-micro/cases0-49_r01/methods/rome/captures/rome-math-ablation.json,granite4-micro,granite,development,cases0-49_r01,rome,32,complete,10,True,M0,10,0.3372885584831238,0.16820937395095825,10,10,True,not_evaluated_uncalibrated,True
rome-math-n50-granite4-micro-v1,analysis_out/rome-math-n50-granite4-micro-v1/plans/granite4-micro/cases0-49_r01/methods/rome/captures/rome-math-ablation.json,granite4-micro,granite,development,cases0-49_r01,rome,32,complete,10,True,M1,10,0.3370375335216522,0.16849574446678162,10,10,True,not_evaluated_uncalibrated,True
rome-math-n50-granite4-micro-v1,analysis_out/rome-math-n50-granite4-micro-v1/plans/granite4-micro/cases0-49_r01/methods/rome/captures/rome-math-ablation.json,granite4-micro,granite,development,cases0-49_r01,rome,32,complete,10,True,M2,10,97.40160267035917,94.03439443532815,10,10,True,not_evaluated_uncalibrated,True
rome-math-n50-granite4-micro-v1,analysis_out/rome-math-n50-granite4-micro-v1/plans/granite4-micro/cases0-49_r01/methods/rome/captures/rome-math-ablation.json,granite4-micro,granite,development,cases0-49_r01,rome,32,complete,10,True,M3,10,679.2966918945312,673.9369206428528,10,10,True,not_evaluated_uncalibrated,True
rome-math-n50-granite4-micro-v1,analysis_out/rome-math-n50-granite4-micro-v1/plans/granite4-micro/cases0-49_r01/methods/rome/captures/rome-math-ablation.json,granite4-micro,granite,development,cases0-49_r01,rome,32,complete,10,True,M0_raw,10,1782.88330078125,890.4456176757812,10,10,True,not_evaluated_uncalibrated,True
rome-math-n50-granite4-micro-v1,analysis_out/rome-math-n50-granite4-micro-v1/plans/granite4-micro/cases0-49_r01/methods/rome/captures/rome-math-ablation.json,granite4-micro,granite,development,cases0-49_r01,rome,32,complete,10,True,M1_raw,10,1782.239501953125,891.046875,10,10,True,not_evaluated_uncalibrated,True
rome-math-n50-granite4-micro-v1,analysis_out/rome-math-n50-granite4-micro-v1/plans/granite4-micro/cases0-49_r01/methods/rome/captures/rome-math-ablation.json,granite4-micro,granite,development,cases0-49_r01,rome,33,complete,10,True,M0,10,0.24093610048294067,0.11983776837587357,10,10,True,not_evaluated_uncalibrated,True
rome-math-n50-granite4-micro-v1,analysis_out/rome-math-n50-granite4-micro-v1/plans/granite4-micro/cases0-49_r01/methods/rome/captures/rome-math-ablation.json,granite4-micro,granite,development,cases0-49_r01,rome,33,complete,10,True,M1,10,0.24059917032718658,0.120264433324337,10,10,True,not_evaluated_uncalibrated,True
rome-math-n50-granite4-micro-v1,analysis_out/rome-math-n50-granite4-micro-v1/plans/granite4-micro/cases0-49_r01/methods/rome/captures/rome-math-ablation.json,granite4-micro,granite,development,cases0-49_r01,rome,33,complete,10,True,M2,10,191.10290857259363,187.73570033756263,10,10,True,not_evaluated_uncalibrated,True
rome-math-n50-granite4-micro-v1,analysis_out/rome-math-n50-granite4-micro-v1/plans/granite4-micro/cases0-49_r01/methods/rome/captures/rome-math-ablation.json,granite4-micro,granite,development,cases0-49_r01,rome,33,complete,10,True,M3,10,556.3384399414062,550.9786686897278,10,10,True,not_evaluated_uncalibrated,True
rome-math-n50-granite4-micro-v1,analysis_out/rome-math-n50-granite4-micro-v1/plans/granite4-micro/cases0-49_r01/methods/rome/captures/rome-math-ablation.json,granite4-micro,granite,development,cases0-49_r01,rome,33,complete,10,True,M0_raw,10,1111.6259765625,554.2227783203125,10,10,True,not_evaluated_uncalibrated,True
rome-math-n50-granite4-micro-v1,analysis_out/rome-math-n50-granite4-micro-v1/plans/granite4-micro/cases0-49_r01/methods/rome/captures/rome-math-ablation.json,granite4-micro,granite,development,cases0-49_r01,rome,33,complete,10,True,M1_raw,10,1110.5924072265625,555.1885986328125,10,10,True,not_evaluated_uncalibrated,True
rome-math-n50-granite4-micro-v1,analysis_out/rome-math-n50-granite4-micro-v1/plans/granite4-micro/cases0-49_r01/methods/rome/captures/rome-math-ablation.json,granite4-micro,granite,development,cases0-49_r01,rome,34,complete,10,True,M0,10,0.25098323822021484,0.1248876303434372,10,10,True,not_evaluated_uncalibrated,True
rome-math-n50-granite4-micro-v1,analysis_out/rome-math-n50-granite4-micro-v1/plans/granite4-micro/cases0-49_r01/methods/rome/captures/rome-math-ablation.json,granite4-micro,granite,development,cases0-49_r01,rome,34,complete,10,True,M1,10,0.2506589889526367,0.12529371678829193,10,10,True,not_evaluated_uncalibrated,True
rome-math-n50-granite4-micro-v1,analysis_out/rome-math-n50-granite4-micro-v1/plans/granite4-micro/cases0-49_r01/methods/rome/captures/rome-math-ablation.json,granite4-micro,granite,development,cases0-49_r01,rome,34,complete,10,True,M2,10,200.54078401980945,197.17357578477845,10,10,True,not_evaluated_uncalibrated,True
rome-math-n50-granite4-micro-v1,analysis_out/rome-math-n50-granite4-micro-v1/plans/granite4-micro/cases0-49_r01/methods/rome/captures/rome-math-ablation.json,granite4-micro,granite,development,cases0-49_r01,rome,34,complete,10,True,M3,10,594.931884765625,589.5721135139465,10,10,True,not_evaluated_uncalibrated,True
rome-math-n50-granite4-micro-v1,analysis_out/rome-math-n50-granite4-micro-v1/plans/granite4-micro/cases0-49_r01/methods/rome/captures/rome-math-ablation.json,granite4-micro,granite,development,cases0-49_r01,rome,34,complete,10,True,M0_raw,10,1173.5635986328125,585.271240234375,10,10,True,not_evaluated_uncalibrated,True
rome-math-n50-granite4-micro-v1,analysis_out/rome-math-n50-granite4-micro-v1/plans/granite4-micro/cases0-49_r01/methods/rome/captures/rome-math-ablation.json,granite4-micro,granite,development,cases0-49_r01,rome,34,complete,10,True,M1_raw,10,1172.58447265625,586.1837158203125,10,10,True,not_evaluated_uncalibrated,True
rome-math-n50-granite4-micro-v1,analysis_out/rome-math-n50-granite4-micro-v1/plans/granite4-micro/cases0-49_r01/methods/rome/captures/rome-math-ablation.json,granite4-micro,granite,development,cases0-49_r01,rome,35,complete,10,True,M0,10,0.19434696435928345,0.09637647867202759,10,10,True,not_evaluated_uncalibrated,True
rome-math-n50-granite4-micro-v1,analysis_out/rome-math-n50-granite4-micro-v1/plans/granite4-micro/cases0-49_r01/methods/rome/captures/rome-math-ablation.json,granite4-micro,granite,development,cases0-49_r01,rome,35,complete,10,True,M1,10,0.1939297914505005,0.09693071991205215,10,10,True,not_evaluated_uncalibrated,True
rome-math-n50-granite4-micro-v1,analysis_out/rome-math-n50-granite4-micro-v1/plans/granite4-micro/cases0-49_r01/methods/rome/captures/rome-math-ablation.json,granite4-micro,granite,development,cases0-49_r01,rome,35,complete,10,True,M2,10,148.3089891211622,144.9417808861312,10,10,True,not_evaluated_uncalibrated,True
rome-math-n50-granite4-micro-v1,analysis_out/rome-math-n50-granite4-micro-v1/plans/granite4-micro/cases0-49_r01/methods/rome/captures/rome-math-ablation.json,granite4-micro,granite,development,cases0-49_r01,rome,35,complete,10,True,M3,10,446.6726379394531,441.31286668777466,10,10,True,not_evaluated_uncalibrated,True
rome-math-n50-granite4-micro-v1,analysis_out/rome-math-n50-granite4-micro-v1/plans/granite4-micro/cases0-49_r01/methods/rome/captures/rome-math-ablation.json,granite4-micro,granite,development,cases0-49_r01,rome,35,complete,10,True,M0_raw,10,844.6433715820312,420.1454772949219,10,10,True,not_evaluated_uncalibrated,True
rome-math-n50-granite4-micro-v1,analysis_out/rome-math-n50-granite4-micro-v1/plans/granite4-micro/cases0-49_r01/methods/rome/captures/rome-math-ablation.json,granite4-micro,granite,development,cases0-49_r01,rome,35,complete,10,True,M1_raw,10,843.2822265625,421.5360107421875,10,10,True,not_evaluated_uncalibrated,True
rome-math-n50-granite4-micro-v1,analysis_out/rome-math-n50-granite4-micro-v1/plans/granite4-micro/cases0-49_r01/methods/rome/captures/rome-math-ablation.json,granite4-micro,granite,development,cases0-49_r01,rome,36,complete,10,True,M0,10,0.32747259736061096,0.16325916349887848,10,10,True,not_evaluated_uncalibrated,True
rome-math-n50-granite4-micro-v1,analysis_out/rome-math-n50-granite4-micro-v1/plans/granite4-micro/cases0-49_r01/methods/rome/captures/rome-math-ablation.json,granite4-micro,granite,development,cases0-49_r01,rome,36,complete,10,True,M1,10,0.3272157609462738,0.16358937323093414,10,10,True,not_evaluated_uncalibrated,True
rome-math-n50-granite4-micro-v1,analysis_out/rome-math-n50-granite4-micro-v1/plans/granite4-micro/cases0-49_r01/methods/rome/captures/rome-math-ablation.json,granite4-micro,granite,development,cases0-49_r01,rome,36,complete,10,True,M2,10,95.25834189409277,91.89113365906175,10,10,True,not_evaluated_uncalibrated,True
rome-math-n50-granite4-micro-v1,analysis_out/rome-math-n50-granite4-micro-v1/plans/granite4-micro/cases0-49_r01/methods/rome/captures/rome-math-ablation.json,granite4-micro,granite,development,cases0-49_r01,rome,36,complete,10,True,M3,10,812.7545776367188,807.3948063850403,10,10,True,not_evaluated_uncalibrated,True
rome-math-n50-granite4-micro-v1,analysis_out/rome-math-n50-granite4-micro-v1/plans/granite4-micro/cases0-49_r01/methods/rome/captures/rome-math-ablation.json,granite4-micro,granite,development,cases0-49_r01,rome,36,complete,10,True,M0_raw,10,1705.594970703125,851.7427978515625,10,10,True,not_evaluated_uncalibrated,True
rome-math-n50-granite4-micro-v1,analysis_out/rome-math-n50-granite4-micro-v1/plans/granite4-micro/cases0-49_r01/methods/rome/captures/rome-math-ablation.json,granite4-micro,granite,development,cases0-49_r01,rome,36,complete,10,True,M1_raw,10,1704.92138671875,852.40673828125,10,10,True,not_evaluated_uncalibrated,True
rome-math-n50-granite4-micro-v1,analysis_out/rome-math-n50-granite4-micro-v1/plans/granite4-micro/cases0-49_r01/methods/rome/captures/rome-math-ablation.json,granite4-micro,granite,development,cases0-49_r01,rome,38,complete,10,True,M0,10,0.25239098072052,0.12559697031974792,10,10,True,not_evaluated_uncalibrated,True
rome-math-n50-granite4-micro-v1,analysis_out/rome-math-n50-granite4-micro-v1/plans/granite4-micro/cases0-49_r01/methods/rome/captures/rome-math-ablation.json,granite4-micro,granite,development,cases0-49_r01,rome,38,complete,10,True,M1,10,0.25206834077835083,0.12599065899848938,10,10,True,not_evaluated_uncalibrated,True
rome-math-n50-granite4-micro-v1,analysis_out/rome-math-n50-granite4-micro-v1/plans/granite4-micro/cases0-49_r01/methods/rome/captures/rome-math-ablation.json,granite4-micro,granite,development,cases0-49_r01,rome,38,complete,10,True,M2,10,201.58823107168902,198.22102283665802,10,10,True,not_evaluated_uncalibrated,True
rome-math-n50-granite4-micro-v1,analysis_out/rome-math-n50-granite4-micro-v1/plans/granite4-micro/cases0-49_r01/methods/rome/captures/rome-math-ablation.json,granite4-micro,granite,development,cases0-49_r01,rome,38,complete,10,True,M3,10,583.3511962890625,577.991425037384,10,10,True,not_evaluated_uncalibrated,True
rome-math-n50-granite4-micro-v1,analysis_out/rome-math-n50-granite4-micro-v1/plans/granite4-micro/cases0-49_r01/methods/rome/captures/rome-math-ablation.json,granite4-micro,granite,development,cases0-49_r01,rome,38,complete,10,True,M0_raw,10,1182.316650390625,589.6316528320312,10,10,True,not_evaluated_uncalibrated,True
rome-math-n50-granite4-micro-v1,analysis_out/rome-math-n50-granite4-micro-v1/plans/granite4-micro/cases0-49_r01/methods/rome/captures/rome-math-ablation.json,granite4-micro,granite,development,cases0-49_r01,rome,38,complete,10,True,M1_raw,10,1181.344970703125,590.5364379882812,10,10,True,not_evaluated_uncalibrated,True
rome-math-n50-granite4-micro-v1,analysis_out/rome-math-n50-granite4-micro-v1/plans/granite4-micro/cases0-49_r01/methods/rome/captures/rome-math-ablation.json,granite4-micro,granite,development,cases0-49_r01,rome,39,complete,10,True,M0,10,0.16951438784599304,0.08384480327367783,10,10,True,not_evaluated_uncalibrated,True
rome-math-n50-granite4-micro-v1,analysis_out/rome-math-n50-granite4-micro-v1/plans/granite4-micro/cases0-49_r01/methods/rome/captures/rome-math-ablation.json,granite4-micro,granite,development,cases0-49_r01,rome,39,complete,10,True,M1,10,0.16903352737426758,0.08447446674108505,10,10,True,not_evaluated_uncalibrated,True
rome-math-n50-granite4-micro-v1,analysis_out/rome-math-n50-granite4-micro-v1/plans/granite4-micro/cases0-49_r01/methods/rome/captures/rome-math-ablation.json,granite4-micro,granite,development,cases0-49_r01,rome,39,complete,10,True,M2,10,127.77748635487858,124.41027811984756,10,10,True,not_evaluated_uncalibrated,True
rome-math-n50-granite4-micro-v1,analysis_out/rome-math-n50-granite4-micro-v1/plans/granite4-micro/cases0-49_r01/methods/rome/captures/rome-math-ablation.json,granite4-micro,granite,development,cases0-49_r01,rome,39,complete,10,True,M3,10,422.0474853515625,416.68771409988403,10,10,True,not_evaluated_uncalibrated,True
rome-math-n50-granite4-micro-v1,analysis_out/rome-math-n50-granite4-micro-v1/plans/granite4-micro/cases0-49_r01/methods/rome/captures/rome-math-ablation.json,granite4-micro,granite,development,cases0-49_r01,rome,39,complete,10,True,M0_raw,10,714.5820922851562,354.7081298828125,10,10,True,not_evaluated_uncalibrated,True
rome-math-n50-granite4-micro-v1,analysis_out/rome-math-n50-granite4-micro-v1/plans/granite4-micro/cases0-49_r01/methods/rome/captures/rome-math-ablation.json,granite4-micro,granite,development,cases0-49_r01,rome,39,complete,10,True,M1_raw,10,712.9727783203125,356.35430908203125,10,10,True,not_evaluated_uncalibrated,True
rome-math-n50-granite4-micro-v1,analysis_out/rome-math-n50-granite4-micro-v1/plans/granite4-micro/cases0-49_r01/methods/rome/captures/rome-math-ablation.json,granite4-micro,granite,development,cases0-49_r01,rome,40,complete,10,True,M0,10,0.19156715273857117,0.0949787050485611,10,10,True,not_evaluated_uncalibrated,True
rome-math-n50-granite4-micro-v1,analysis_out/rome-math-n50-granite4-micro-v1/plans/granite4-micro/cases0-49_r01/methods/rome/captures/rome-math-ablation.json,granite4-micro,granite,development,cases0-49_r01,rome,40,complete,10,True,M1,10,0.19114376604557037,0.09554273635149002,10,10,True,not_evaluated_uncalibrated,True
rome-math-n50-granite4-micro-v1,analysis_out/rome-math-n50-granite4-micro-v1/plans/granite4-micro/cases0-49_r01/methods/rome/captures/rome-math-ablation.json,granite4-micro,granite,development,cases0-49_r01,rome,40,complete,10,True,M2,10,146.77652514564667,143.40931691061567,10,10,True,not_evaluated_uncalibrated,True
rome-math-n50-granite4-micro-v1,analysis_out/rome-math-n50-granite4-micro-v1/plans/granite4-micro/cases0-49_r01/methods/rome/captures/rome-math-ablation.json,granite4-micro,granite,development,cases0-49_r01,rome,40,complete,10,True,M3,10,461.77587890625,456.41610765457153,10,10,True,not_evaluated_uncalibrated,True
rome-math-n50-granite4-micro-v1,analysis_out/rome-math-n50-granite4-micro-v1/plans/granite4-micro/cases0-49_r01/methods/rome/captures/rome-math-ablation.json,granite4-micro,granite,development,cases0-49_r01,rome,40,complete,10,True,M0_raw,10,829.6781616210938,412.63427734375,10,10,True,not_evaluated_uncalibrated,True
rome-math-n50-granite4-micro-v1,analysis_out/rome-math-n50-granite4-micro-v1/plans/granite4-micro/cases0-49_r01/methods/rome/captures/rome-math-ablation.json,granite4-micro,granite,development,cases0-49_r01,rome,40,complete,10,True,M1_raw,10,828.2928466796875,414.0606384277344,10,10,True,not_evaluated_uncalibrated,True
rome-math-n50-granite4-micro-v1,analysis_out/rome-math-n50-granite4-micro-v1/plans/granite4-micro/cases0-49_r01/methods/rome/captures/rome-math-ablation.json,granite4-micro,granite,development,cases0-49_r01,rome,41,complete,10,True,M0,10,0.10069320350885391,0.048842158168554306,10,10,True,not_evaluated_uncalibrated,True
rome-math-n50-granite4-micro-v1,analysis_out/rome-math-n50-granite4-micro-v1/plans/granite4-micro/cases0-49_r01/methods/rome/captures/rome-math-ablation.json,granite4-micro,granite,development,cases0-49_r01,rome,41,complete,10,True,M1,10,0.09985056519508362,0.04987733066082001,10,10,True,not_evaluated_uncalibrated,True
rome-math-n50-granite4-micro-v1,analysis_out/rome-math-n50-granite4-micro-v1/plans/granite4-micro/cases0-49_r01/methods/rome/captures/rome-math-ablation.json,granite4-micro,granite,development,cases0-49_r01,rome,41,complete,10,True,M2,10,71.4065130908272,68.03930485579619,10,10,True,not_evaluated_uncalibrated,True
rome-math-n50-granite4-micro-v1,analysis_out/rome-math-n50-granite4-micro-v1/plans/granite4-micro/cases0-49_r01/methods/rome/captures/rome-math-ablation.json,granite4-micro,granite,development,cases0-49_r01,rome,41,complete,10,True,M3,10,235.75962829589844,230.39985704421997,10,10,True,not_evaluated_uncalibrated,True
rome-math-n50-granite4-micro-v1,analysis_out/rome-math-n50-granite4-micro-v1/plans/granite4-micro/cases0-49_r01/methods/rome/captures/rome-math-ablation.json,granite4-micro,granite,development,cases0-49_r01,rome,41,complete,10,True,M0_raw,10,391.7420959472656,191.20077514648438,10,10,True,not_evaluated_uncalibrated,True
rome-math-n50-granite4-micro-v1,analysis_out/rome-math-n50-granite4-micro-v1/plans/granite4-micro/cases0-49_r01/methods/rome/captures/rome-math-ablation.json,granite4-micro,granite,development,cases0-49_r01,rome,41,complete,10,True,M1_raw,10,388.798828125,194.24388122558594,10,10,True,not_evaluated_uncalibrated,True
rome-math-n50-granite4-micro-v1,analysis_out/rome-math-n50-granite4-micro-v1/plans/granite4-micro/cases0-49_r01/methods/rome/captures/rome-math-ablation.json,granite4-micro,granite,development,cases0-49_r01,rome,42,complete,10,True,M0,10,0.3811097741127014,0.19017094373703003,10,10,True,not_evaluated_uncalibrated,True
rome-math-n50-granite4-micro-v1,analysis_out/rome-math-n50-granite4-micro-v1/plans/granite4-micro/cases0-49_r01/methods/rome/captures/rome-math-ablation.json,granite4-micro,granite,development,cases0-49_r01,rome,42,complete,10,True,M1,10,0.3808789849281311,0.19041629135608673,10,10,True,not_evaluated_uncalibrated,True
rome-math-n50-granite4-micro-v1,analysis_out/rome-math-n50-granite4-micro-v1/plans/granite4-micro/cases0-49_r01/methods/rome/captures/rome-math-ablation.json,granite4-micro,granite,development,cases0-49_r01,rome,42,complete,10,True,M2,10,108.69248143186294,105.32527319683193,10,10,True,not_evaluated_uncalibrated,True
rome-math-n50-granite4-micro-v1,analysis_out/rome-math-n50-granite4-micro-v1/plans/granite4-micro/cases0-49_r01/methods/rome/captures/rome-math-ablation.json,granite4-micro,granite,development,cases0-49_r01,rome,42,complete,10,True,M3,10,901.572021484375,896.2122502326965,10,10,True,not_evaluated_uncalibrated,True
rome-math-n50-granite4-micro-v1,analysis_out/rome-math-n50-granite4-micro-v1/plans/granite4-micro/cases0-49_r01/methods/rome/captures/rome-math-ablation.json,granite4-micro,granite,development,cases0-49_r01,rome,42,complete,10,True,M0_raw,10,2157.183837890625,1077.75537109375,10,10,True,not_evaluated_uncalibrated,True
rome-math-n50-granite4-micro-v1,analysis_out/rome-math-n50-granite4-micro-v1/plans/granite4-micro/cases0-49_r01/methods/rome/captures/rome-math-ablation.json,granite4-micro,granite,development,cases0-49_r01,rome,42,complete,10,True,M1_raw,10,2156.6513671875,1078.2520751953125,10,10,True,not_evaluated_uncalibrated,True
rome-math-n50-granite4-micro-v1,analysis_out/rome-math-n50-granite4-micro-v1/plans/granite4-micro/cases0-49_r01/methods/rome/captures/rome-math-ablation.json,granite4-micro,granite,development,cases0-49_r01,rome,43,complete,10,False,M0,10,0.17046138644218445,0.0843452736735344,10,10,True,not_evaluated_uncalibrated,True
rome-math-n50-granite4-micro-v1,analysis_out/rome-math-n50-granite4-micro-v1/plans/granite4-micro/cases0-49_r01/methods/rome/captures/rome-math-ablation.json,granite4-micro,granite,development,cases0-49_r01,rome,43,complete,10,False,M1,10,0.16998346149921417,0.08494243025779724,10,10,True,not_evaluated_uncalibrated,True
rome-math-n50-granite4-micro-v1,analysis_out/rome-math-n50-granite4-micro-v1/plans/granite4-micro/cases0-49_r01/methods/rome/captures/rome-math-ablation.json,granite4-micro,granite,development,cases0-49_r01,rome,43,complete,10,False,M2,10,127.65683697115823,124.28962873612721,10,10,True,not_evaluated_uncalibrated,True
rome-math-n50-granite4-micro-v1,analysis_out/rome-math-n50-granite4-micro-v1/plans/granite4-micro/cases0-49_r01/methods/rome/captures/rome-math-ablation.json,granite4-micro,granite,development,cases0-49_r01,rome,43,complete,10,False,M3,10,388.31829833984375,382.9585270881653,10,10,True,not_evaluated_uncalibrated,True
rome-math-n50-granite4-micro-v1,analysis_out/rome-math-n50-granite4-micro-v1/plans/granite4-micro/cases0-49_r01/methods/rome/captures/rome-math-ablation.json,granite4-micro,granite,development,cases0-49_r01,rome,43,complete,10,False,M0_raw,10,719.4409790039062,357.2339172363281,10,10,True,not_evaluated_uncalibrated,True
rome-math-n50-granite4-micro-v1,analysis_out/rome-math-n50-granite4-micro-v1/plans/granite4-micro/cases0-49_r01/methods/rome/captures/rome-math-ablation.json,granite4-micro,granite,development,cases0-49_r01,rome,43,complete,10,False,M1_raw,10,717.8429565429688,358.76409912109375,10,10,True,not_evaluated_uncalibrated,True
rome-math-n50-granite4-micro-v1,analysis_out/rome-math-n50-granite4-micro-v1/plans/granite4-micro/cases0-49_r01/methods/rome/captures/rome-math-ablation.json,granite4-micro,granite,development,cases0-49_r01,rome,44,complete,10,True,M0,10,0.3524987995624542,0.17582173645496368,10,10,True,not_evaluated_uncalibrated,True
rome-math-n50-granite4-micro-v1,analysis_out/rome-math-n50-granite4-micro-v1/plans/granite4-micro/cases0-49_r01/methods/rome/captures/rome-math-ablation.json,granite4-micro,granite,development,cases0-49_r01,rome,44,complete,10,True,M1,10,0.35225582122802734,0.17609556019306183,10,10,True,not_evaluated_uncalibrated,True
rome-math-n50-granite4-micro-v1,analysis_out/rome-math-n50-granite4-micro-v1/plans/granite4-micro/cases0-49_r01/methods/rome/captures/rome-math-ablation.json,granite4-micro,granite,development,cases0-49_r01,rome,44,complete,10,True,M2,10,101.58571022631133,98.21850199128032,10,10,True,not_evaluated_uncalibrated,True
rome-math-n50-granite4-micro-v1,analysis_out/rome-math-n50-granite4-micro-v1/plans/granite4-micro/cases0-49_r01/methods/rome/captures/rome-math-ablation.json,granite4-micro,granite,development,cases0-49_r01,rome,44,complete,10,True,M3,10,799.5343627929688,794.1745915412903,10,10,True,not_evaluated_uncalibrated,True
rome-math-n50-granite4-micro-v1,analysis_out/rome-math-n50-granite4-micro-v1/plans/granite4-micro/cases0-49_r01/methods/rome/captures/rome-math-ablation.json,granite4-micro,granite,development,cases0-49_r01,rome,44,complete,10,True,M0_raw,10,1907.0672607421875,952.5652465820312,10,10,True,not_evaluated_uncalibrated,True
rome-math-n50-granite4-micro-v1,analysis_out/rome-math-n50-granite4-micro-v1/plans/granite4-micro/cases0-49_r01/methods/rome/captures/rome-math-ablation.json,granite4-micro,granite,development,cases0-49_r01,rome,44,complete,10,True,M1_raw,10,1906.465087890625,953.1271362304688,10,10,True,not_evaluated_uncalibrated,True
rome-math-n50-granite4-micro-v1,analysis_out/rome-math-n50-granite4-micro-v1/plans/granite4-micro/cases0-49_r01/methods/rome/captures/rome-math-ablation.json,granite4-micro,granite,development,cases0-49_r01,rome,45,complete,10,True,M0,10,0.28454095125198364,0.14173159003257751,10,10,True,not_evaluated_uncalibrated,True
rome-math-n50-granite4-micro-v1,analysis_out/rome-math-n50-granite4-micro-v1/plans/granite4-micro/cases0-49_r01/methods/rome/captures/rome-math-ablation.json,granite4-micro,granite,development,cases0-49_r01,rome,45,complete,10,True,M1,10,0.28425168991088867,0.1420992761850357,10,10,True,not_evaluated_uncalibrated,True
rome-math-n50-granite4-micro-v1,analysis_out/rome-math-n50-granite4-micro-v1/plans/granite4-micro/cases0-49_r01/methods/rome/captures/rome-math-ablation.json,granite4-micro,granite,development,cases0-49_r01,rome,45,complete,10,True,M2,10,83.98429350778143,80.61708527275042,10,10,True,not_evaluated_uncalibrated,True
rome-math-n50-granite4-micro-v1,analysis_out/rome-math-n50-granite4-micro-v1/plans/granite4-micro/cases0-49_r01/methods/rome/captures/rome-math-ablation.json,granite4-micro,granite,development,cases0-49_r01,rome,45,complete,10,True,M3,10,671.7249145507812,666.3651432991028,10,10,True,not_evaluated_uncalibrated,True
rome-math-n50-granite4-micro-v1,analysis_out/rome-math-n50-granite4-micro-v1/plans/granite4-micro/cases0-49_r01/methods/rome/captures/rome-math-ablation.json,granite4-micro,granite,development,cases0-49_r01,rome,45,complete,10,True,M0_raw,10,1392.9859619140625,695.2227783203125,10,10,True,not_evaluated_uncalibrated,True
rome-math-n50-granite4-micro-v1,analysis_out/rome-math-n50-granite4-micro-v1/plans/granite4-micro/cases0-49_r01/methods/rome/captures/rome-math-ablation.json,granite4-micro,granite,development,cases0-49_r01,rome,45,complete,10,True,M1_raw,10,1392.1612548828125,696.000732421875,10,10,True,not_evaluated_uncalibrated,True
rome-math-n50-granite4-micro-v1,analysis_out/rome-math-n50-granite4-micro-v1/plans/granite4-micro/cases0-49_r01/methods/rome/captures/rome-math-ablation.json,granite4-micro,granite,development,cases0-49_r01,rome,46,complete,10,True,M0,10,0.6125928163528442,0.3060566782951355,10,10,True,not_evaluated_uncalibrated,True
rome-math-n50-granite4-micro-v1,analysis_out/rome-math-n50-granite4-micro-v1/plans/granite4-micro/cases0-49_r01/methods/rome/captures/rome-math-ablation.json,granite4-micro,granite,development,cases0-49_r01,rome,46,complete,10,True,M1,10,0.6123896837234497,0.3061874210834503,10,10,True,not_evaluated_uncalibrated,True
rome-math-n50-granite4-micro-v1,analysis_out/rome-math-n50-granite4-micro-v1/plans/granite4-micro/cases0-49_r01/methods/rome/captures/rome-math-ablation.json,granite4-micro,granite,development,cases0-49_r01,rome,46,complete,10,True,M2,10,161.13553756171555,157.76832932668455,10,10,True,not_evaluated_uncalibrated,True
rome-math-n50-granite4-micro-v1,analysis_out/rome-math-n50-granite4-micro-v1/plans/granite4-micro/cases0-49_r01/methods/rome/captures/rome-math-ablation.json,granite4-micro,granite,development,cases0-49_r01,rome,46,complete,10,True,M3,10,1247.9725341796875,1242.612762928009,10,10,True,not_evaluated_uncalibrated,True
rome-math-n50-granite4-micro-v1,analysis_out/rome-math-n50-granite4-micro-v1/plans/granite4-micro/cases0-49_r01/methods/rome/captures/rome-math-ablation.json,granite4-micro,granite,development,cases0-49_r01,rome,46,complete,10,True,M0_raw,10,5541.89599609375,2770.622314453125,10,10,True,not_evaluated_uncalibrated,True
rome-math-n50-granite4-micro-v1,analysis_out/rome-math-n50-granite4-micro-v1/plans/granite4-micro/cases0-49_r01/methods/rome/captures/rome-math-ablation.json,granite4-micro,granite,development,cases0-49_r01,rome,46,complete,10,True,M1_raw,10,5541.6884765625,2770.8154296875,10,10,True,not_evaluated_uncalibrated,True
rome-math-n50-granite4-micro-v1,analysis_out/rome-math-n50-granite4-micro-v1/plans/granite4-micro/cases0-49_r01/methods/rome/captures/rome-math-ablation.json,granite4-micro,granite,development,cases0-49_r01,rome,47,complete,10,True,M0,10,0.23784255981445312,0.11825437843799591,10,10,True,not_evaluated_uncalibrated,True
rome-math-n50-granite4-micro-v1,analysis_out/rome-math-n50-granite4-micro-v1/plans/granite4-micro/cases0-49_r01/methods/rome/captures/rome-math-ablation.json,granite4-micro,granite,development,cases0-49_r01,rome,47,complete,10,True,M1,10,0.23750141263008118,0.11871268600225449,10,10,True,not_evaluated_uncalibrated,True
rome-math-n50-granite4-micro-v1,analysis_out/rome-math-n50-granite4-micro-v1/plans/granite4-micro/cases0-49_r01/methods/rome/captures/rome-math-ablation.json,granite4-micro,granite,development,cases0-49_r01,rome,47,complete,10,True,M2,10,189.4127261965829,186.0455179615519,10,10,True,not_evaluated_uncalibrated,True
rome-math-n50-granite4-micro-v1,analysis_out/rome-math-n50-granite4-micro-v1/plans/granite4-micro/cases0-49_r01/methods/rome/captures/rome-math-ablation.json,granite4-micro,granite,development,cases0-49_r01,rome,47,complete,10,True,M3,10,567.2598266601562,561.9000554084778,10,10,True,not_evaluated_uncalibrated,True
rome-math-n50-granite4-micro-v1,analysis_out/rome-math-n50-granite4-micro-v1/plans/granite4-micro/cases0-49_r01/methods/rome/captures/rome-math-ablation.json,granite4-micro,granite,development,cases0-49_r01,rome,47,complete,10,True,M0_raw,10,1092.8780517578125,544.7198486328125,10,10,True,not_evaluated_uncalibrated,True
rome-math-n50-granite4-micro-v1,analysis_out/rome-math-n50-granite4-micro-v1/plans/granite4-micro/cases0-49_r01/methods/rome/captures/rome-math-ablation.json,granite4-micro,granite,development,cases0-49_r01,rome,47,complete,10,True,M1_raw,10,1091.8265380859375,545.8477172851562,10,10,True,not_evaluated_uncalibrated,True
rome-math-n50-granite4-micro-v1,analysis_out/rome-math-n50-granite4-micro-v1/plans/granite4-micro/cases0-49_r01/methods/rome/captures/rome-math-ablation.json,granite4-micro,granite,development,cases0-49_r01,rome,48,complete,10,True,M0,10,0.20854726433753967,0.10353609919548035,10,10,True,not_evaluated_uncalibrated,True
rome-math-n50-granite4-micro-v1,analysis_out/rome-math-n50-granite4-micro-v1/plans/granite4-micro/cases0-49_r01/methods/rome/captures/rome-math-ablation.json,granite4-micro,granite,development,cases0-49_r01,rome,48,complete,10,True,M1,10,0.20815908908843994,0.10403476655483246,10,10,True,not_evaluated_uncalibrated,True
rome-math-n50-granite4-micro-v1,analysis_out/rome-math-n50-granite4-micro-v1/plans/granite4-micro/cases0-49_r01/methods/rome/captures/rome-math-ablation.json,granite4-micro,granite,development,cases0-49_r01,rome,48,complete,10,True,M2,10,161.3734826392076,158.0062744041766,10,10,True,not_evaluated_uncalibrated,True
rome-math-n50-granite4-micro-v1,analysis_out/rome-math-n50-granite4-micro-v1/plans/granite4-micro/cases0-49_r01/methods/rome/captures/rome-math-ablation.json,granite4-micro,granite,development,cases0-49_r01,rome,48,complete,10,True,M3,10,505.4347229003906,500.07495164871216,10,10,True,not_evaluated_uncalibrated,True
rome-math-n50-granite4-micro-v1,analysis_out/rome-math-n50-granite4-micro-v1/plans/granite4-micro/cases0-49_r01/methods/rome/captures/rome-math-ablation.json,granite4-micro,granite,development,cases0-49_r01,rome,48,complete,10,True,M0_raw,10,922.658447265625,459.36126708984375,10,10,True,not_evaluated_uncalibrated,True
rome-math-n50-granite4-micro-v1,analysis_out/rome-math-n50-granite4-micro-v1/plans/granite4-micro/cases0-49_r01/methods/rome/captures/rome-math-ablation.json,granite4-micro,granite,development,cases0-49_r01,rome,48,complete,10,True,M1_raw,10,921.412841796875,460.5647277832031,10,10,True,not_evaluated_uncalibrated,True
rome-math-n50-granite4-micro-v1,analysis_out/rome-math-n50-granite4-micro-v1/plans/granite4-micro/cases0-49_r01/methods/rome/captures/rome-math-ablation.json,granite4-micro,granite,development,cases0-49_r01,rome,49,complete,10,True,M0,10,0.1640755832195282,0.08108527958393097,10,10,True,not_evaluated_uncalibrated,True
rome-math-n50-granite4-micro-v1,analysis_out/rome-math-n50-granite4-micro-v1/plans/granite4-micro/cases0-49_r01/methods/rome/captures/rome-math-ablation.json,granite4-micro,granite,development,cases0-49_r01,rome,49,complete,10,True,M1,10,0.16357780992984772,0.08174289762973785,10,10,True,not_evaluated_uncalibrated,True
rome-math-n50-granite4-micro-v1,analysis_out/rome-math-n50-granite4-micro-v1/plans/granite4-micro/cases0-49_r01/methods/rome/captures/rome-math-ablation.json,granite4-micro,granite,development,cases0-49_r01,rome,49,complete,10,True,M2,10,123.82536455234298,120.45815631731196,10,10,True,not_evaluated_uncalibrated,True
rome-math-n50-granite4-micro-v1,analysis_out/rome-math-n50-granite4-micro-v1/plans/granite4-micro/cases0-49_r01/methods/rome/captures/rome-math-ablation.json,granite4-micro,granite,development,cases0-49_r01,rome,49,complete,10,True,M3,10,430.3854064941406,425.02563524246216,10,10,True,not_evaluated_uncalibrated,True
rome-math-n50-granite4-micro-v1,analysis_out/rome-math-n50-granite4-micro-v1/plans/granite4-micro/cases0-49_r01/methods/rome/captures/rome-math-ablation.json,granite4-micro,granite,development,cases0-49_r01,rome,49,complete,10,True,M0_raw,10,687.1233520507812,340.8371276855469,10,10,True,not_evaluated_uncalibrated,True
rome-math-n50-granite4-micro-v1,analysis_out/rome-math-n50-granite4-micro-v1/plans/granite4-micro/cases0-49_r01/methods/rome/captures/rome-math-ablation.json,granite4-micro,granite,development,cases0-49_r01,rome,49,complete,10,True,M1_raw,10,685.4495849609375,342.6112365722656,10,10,True,not_evaluated_uncalibrated,True
rome-math-n50-granite4-micro-v1,analysis_out/rome-math-n50-granite4-micro-v1/plans/granite4-micro/cases0-49_r01/methods/rome/captures/rome-math-ablation.json,granite4-micro,granite,development,cases0-49_r01,rome,50,complete,10,True,M0,10,0.527529776096344,0.263472318649292,10,10,True,not_evaluated_uncalibrated,True
rome-math-n50-granite4-micro-v1,analysis_out/rome-math-n50-granite4-micro-v1/plans/granite4-micro/cases0-49_r01/methods/rome/captures/rome-math-ablation.json,granite4-micro,granite,development,cases0-49_r01,rome,50,complete,10,True,M1,10,0.5273264050483704,0.26363980770111084,10,10,True,not_evaluated_uncalibrated,True
rome-math-n50-granite4-micro-v1,analysis_out/rome-math-n50-granite4-micro-v1/plans/granite4-micro/cases0-49_r01/methods/rome/captures/rome-math-ablation.json,granite4-micro,granite,development,cases0-49_r01,rome,50,complete,10,True,M2,10,142.7704578477606,139.4032496127296,10,10,True,not_evaluated_uncalibrated,True
rome-math-n50-granite4-micro-v1,analysis_out/rome-math-n50-granite4-micro-v1/plans/granite4-micro/cases0-49_r01/methods/rome/captures/rome-math-ablation.json,granite4-micro,granite,development,cases0-49_r01,rome,50,complete,10,True,M3,10,1170.4542236328125,1165.094452381134,10,10,True,not_evaluated_uncalibrated,True
rome-math-n50-granite4-micro-v1,analysis_out/rome-math-n50-granite4-micro-v1/plans/granite4-micro/cases0-49_r01/methods/rome/captures/rome-math-ablation.json,granite4-micro,granite,development,cases0-49_r01,rome,50,complete,10,True,M0_raw,10,3912.4404296875,1955.7181396484375,10,10,True,not_evaluated_uncalibrated,True
rome-math-n50-granite4-micro-v1,analysis_out/rome-math-n50-granite4-micro-v1/plans/granite4-micro/cases0-49_r01/methods/rome/captures/rome-math-ablation.json,granite4-micro,granite,development,cases0-49_r01,rome,50,complete,10,True,M1_raw,10,3912.146728515625,1955.9920654296875,10,10,True,not_evaluated_uncalibrated,True
rome-math-n50-granite4-micro-v1,analysis_out/rome-math-n50-granite4-micro-v1/plans/granite4-micro/cases0-49_r01/methods/rome/captures/rome-math-ablation.json,granite4-micro,granite,development,cases0-49_r01,rome,52,complete,10,True,M0,10,0.21207669377326965,0.10530327260494232,10,10,True,not_evaluated_uncalibrated,True
rome-math-n50-granite4-micro-v1,analysis_out/rome-math-n50-granite4-micro-v1/plans/granite4-micro/cases0-49_r01/methods/rome/captures/rome-math-ablation.json,granite4-micro,granite,development,cases0-49_r01,rome,52,complete,10,True,M1,10,0.2116950899362564,0.10580329596996307,10,10,True,not_evaluated_uncalibrated,True
rome-math-n50-granite4-micro-v1,analysis_out/rome-math-n50-granite4-micro-v1/plans/granite4-micro/cases0-49_r01/methods/rome/captures/rome-math-ablation.json,granite4-micro,granite,development,cases0-49_r01,rome,52,complete,10,True,M2,10,163.8506517904979,160.4834435554669,10,10,True,not_evaluated_uncalibrated,True
rome-math-n50-granite4-micro-v1,analysis_out/rome-math-n50-granite4-micro-v1/plans/granite4-micro/cases0-49_r01/methods/rome/captures/rome-math-ablation.json,granite4-micro,granite,development,cases0-49_r01,rome,52,complete,10,True,M3,10,474.1256408691406,468.76586961746216,10,10,True,not_evaluated_uncalibrated,True
rome-math-n50-granite4-micro-v1,analysis_out/rome-math-n50-granite4-micro-v1/plans/granite4-micro/cases0-49_r01/methods/rome/captures/rome-math-ablation.json,granite4-micro,granite,development,cases0-49_r01,rome,52,complete,10,True,M0_raw,10,942.5708618164062,469.329345703125,10,10,True,not_evaluated_uncalibrated,True
rome-math-n50-granite4-micro-v1,analysis_out/rome-math-n50-granite4-micro-v1/plans/granite4-micro/cases0-49_r01/methods/rome/captures/rome-math-ablation.json,granite4-micro,granite,development,cases0-49_r01,rome,52,complete,10,True,M1_raw,10,941.3517456054688,470.536376953125,10,10,True,not_evaluated_uncalibrated,True
rome-math-n50-granite4-micro-v1,analysis_out/rome-math-n50-granite4-micro-v1/plans/granite4-micro/cases0-49_r01/methods/rome/captures/rome-math-ablation.json,granite4-micro,granite,development,cases0-49_r01,rome,53,complete,10,True,M0,10,0.40866586565971375,0.20394159853458405,10,10,True,not_evaluated_uncalibrated,True
rome-math-n50-granite4-micro-v1,analysis_out/rome-math-n50-granite4-micro-v1/plans/granite4-micro/cases0-49_r01/methods/rome/captures/rome-math-ablation.json,granite4-micro,granite,development,cases0-49_r01,rome,53,complete,10,True,M1,10,0.40844419598579407,0.20419059693813324,10,10,True,not_evaluated_uncalibrated,True
rome-math-n50-granite4-micro-v1,analysis_out/rome-math-n50-granite4-micro-v1/plans/granite4-micro/cases0-49_r01/methods/rome/captures/rome-math-ablation.json,granite4-micro,granite,development,cases0-49_r01,rome,53,complete,10,True,M2,10,115.45495662610337,112.08774839107235,10,10,True,not_evaluated_uncalibrated,True
rome-math-n50-granite4-micro-v1,analysis_out/rome-math-n50-granite4-micro-v1/plans/granite4-micro/cases0-49_r01/methods/rome/captures/rome-math-ablation.json,granite4-micro,granite,development,cases0-49_r01,rome,53,complete,10,True,M3,10,997.865234375,992.5054631233215,10,10,True,not_evaluated_uncalibrated,True
rome-math-n50-granite4-micro-v1,analysis_out/rome-math-n50-granite4-micro-v1/plans/granite4-micro/cases0-49_r01/methods/rome/captures/rome-math-ablation.json,granite4-micro,granite,development,cases0-49_r01,rome,53,complete,10,True,M0_raw,10,2421.006591796875,1209.7188720703125,10,10,True,not_evaluated_uncalibrated,True
rome-math-n50-granite4-micro-v1,analysis_out/rome-math-n50-granite4-micro-v1/plans/granite4-micro/cases0-49_r01/methods/rome/captures/rome-math-ablation.json,granite4-micro,granite,development,cases0-49_r01,rome,53,complete,10,True,M1_raw,10,2420.5322265625,1210.16162109375,10,10,True,not_evaluated_uncalibrated,True
rome-math-n50-llama2-7b-v1,analysis_out/rome-math-n50-llama2-7b-v1/plans/llama2-7b/cases0-49_r01/methods/rome/captures/rome-math-ablation.json,llama2-7b,llama,development,cases0-49_r01,rome,0,complete,5,True,M0,5,0.013026515953242779,0.0003280825912952423,5,5,True,not_evaluated_uncalibrated,True
rome-math-n50-llama2-7b-v1,analysis_out/rome-math-n50-llama2-7b-v1/plans/llama2-7b/cases0-49_r01/methods/rome/captures/rome-math-ablation.json,llama2-7b,llama,development,cases0-49_r01,rome,0,complete,5,True,M1,5,0.005446671042591333,0.0023261650931090117,5,5,True,not_evaluated_uncalibrated,True
rome-math-n50-llama2-7b-v1,analysis_out/rome-math-n50-llama2-7b-v1/plans/llama2-7b/cases0-49_r01/methods/rome/captures/rome-math-ablation.json,llama2-7b,llama,development,cases0-49_r01,rome,0,complete,5,True,M2,5,8.86563627181883,6.25017481321566,5,5,True,not_evaluated_uncalibrated,True
rome-math-n50-llama2-7b-v1,analysis_out/rome-math-n50-llama2-7b-v1/plans/llama2-7b/cases0-49_r01/methods/rome/captures/rome-math-ablation.json,llama2-7b,llama,development,cases0-49_r01,rome,0,complete,5,True,M3,5,20.782691955566406,16.992012977600098,5,5,True,not_evaluated_uncalibrated,True
rome-math-n50-llama2-7b-v1,analysis_out/rome-math-n50-llama2-7b-v1/plans/llama2-7b/cases0-49_r01/methods/rome/captures/rome-math-ablation.json,llama2-7b,llama,development,cases0-49_r01,rome,0,complete,5,True,M0_raw,28,190.2908477783203,1.362335205078125,5,5,True,not_evaluated_uncalibrated,True
rome-math-n50-llama2-7b-v1,analysis_out/rome-math-n50-llama2-7b-v1/plans/llama2-7b/cases0-49_r01/methods/rome/captures/rome-math-ablation.json,llama2-7b,llama,development,cases0-49_r01,rome,0,complete,5,True,M1_raw,5,75.09645080566406,32.34230041503906,5,5,True,not_evaluated_uncalibrated,True
rome-math-n50-llama2-7b-v1,analysis_out/rome-math-n50-llama2-7b-v1/plans/llama2-7b/cases0-49_r01/methods/rome/captures/rome-math-ablation.json,llama2-7b,llama,development,cases0-49_r01,rome,1,complete,5,True,M0,3,0.012698433361947536,6.230548024177551e-06,5,5,True,not_evaluated_uncalibrated,True
rome-math-n50-llama2-7b-v1,analysis_out/rome-math-n50-llama2-7b-v1/plans/llama2-7b/cases0-49_r01/methods/rome/captures/rome-math-ablation.json,llama2-7b,llama,development,cases0-49_r01,rome,1,complete,5,True,M1,5,0.004571500699967146,0.0018236879259347916,5,5,True,not_evaluated_uncalibrated,True
rome-math-n50-llama2-7b-v1,analysis_out/rome-math-n50-llama2-7b-v1/plans/llama2-7b/cases0-49_r01/methods/rome/captures/rome-math-ablation.json,llama2-7b,llama,development,cases0-49_r01,rome,1,complete,5,True,M2,5,7.3827943675042365,4.767332908901065,5,5,True,not_evaluated_uncalibrated,True
rome-math-n50-llama2-7b-v1,analysis_out/rome-math-n50-llama2-7b-v1/plans/llama2-7b/cases0-49_r01/methods/rome/captures/rome-math-ablation.json,llama2-7b,llama,development,cases0-49_r01,rome,1,complete,5,True,M3,5,16.510210037231445,12.719531059265137,5,5,True,not_evaluated_uncalibrated,True
rome-math-n50-llama2-7b-v1,analysis_out/rome-math-n50-llama2-7b-v1/plans/llama2-7b/cases0-49_r01/methods/rome/captures/rome-math-ablation.json,llama2-7b,llama,development,cases0-49_r01,rome,1,complete,5,True,M0_raw,28,190.2908477783203,1.362335205078125,5,5,True,not_evaluated_uncalibrated,True
rome-math-n50-llama2-7b-v1,analysis_out/rome-math-n50-llama2-7b-v1/plans/llama2-7b/cases0-49_r01/methods/rome/captures/rome-math-ablation.json,llama2-7b,llama,development,cases0-49_r01,rome,1,complete,5,True,M1_raw,5,62.98353576660156,25.42066192626953,5,5,True,not_evaluated_uncalibrated,True
rome-math-n50-llama2-7b-v1,analysis_out/rome-math-n50-llama2-7b-v1/plans/llama2-7b/cases0-49_r01/methods/rome/captures/rome-math-ablation.json,llama2-7b,llama,development,cases0-49_r01,rome,2,complete,5,True,M0,5,0.01305383536964655,0.00035540200769901276,5,5,True,not_evaluated_uncalibrated,True
rome-math-n50-llama2-7b-v1,analysis_out/rome-math-n50-llama2-7b-v1/plans/llama2-7b/cases0-49_r01/methods/rome/captures/rome-math-ablation.json,llama2-7b,llama,development,cases0-49_r01,rome,2,complete,5,True,M1,5,0.005514162126928568,0.002363657345995307,5,5,True,not_evaluated_uncalibrated,True
rome-math-n50-llama2-7b-v1,analysis_out/rome-math-n50-llama2-7b-v1/plans/llama2-7b/cases0-49_r01/methods/rome/captures/rome-math-ablation.json,llama2-7b,llama,development,cases0-49_r01,rome,2,complete,5,True,M2,5,8.783213769576241,6.16775231097307,5,5,True,not_evaluated_uncalibrated,True
rome-math-n50-llama2-7b-v1,analysis_out/rome-math-n50-llama2-7b-v1/plans/llama2-7b/cases0-49_r01/methods/rome/captures/rome-math-ablation.json,llama2-7b,llama,development,cases0-49_r01,rome,2,complete,5,True,M3,5,18.848270416259766,15.057591438293457,5,5,True,not_evaluated_uncalibrated,True
rome-math-n50-llama2-7b-v1,analysis_out/rome-math-n50-llama2-7b-v1/plans/llama2-7b/cases0-49_r01/methods/rome/captures/rome-math-ablation.json,llama2-7b,llama,development,cases0-49_r01,rome,2,complete,5,True,M0_raw,28,190.2908477783203,1.362335205078125,5,5,True,not_evaluated_uncalibrated,True
rome-math-n50-llama2-7b-v1,analysis_out/rome-math-n50-llama2-7b-v1/plans/llama2-7b/cases0-49_r01/methods/rome/captures/rome-math-ablation.json,llama2-7b,llama,development,cases0-49_r01,rome,2,complete,5,True,M1_raw,5,76.03772735595703,32.86248779296875,5,5,True,not_evaluated_uncalibrated,True
rome-math-n50-llama2-7b-v1,analysis_out/rome-math-n50-llama2-7b-v1/plans/llama2-7b/cases0-49_r01/methods/rome/captures/rome-math-ablation.json,llama2-7b,llama,development,cases0-49_r01,rome,3,complete,5,True,M0,5,0.01359424740076065,0.0008650757372379303,5,5,True,not_evaluated_uncalibrated,True
rome-math-n50-llama2-7b-v1,analysis_out/rome-math-n50-llama2-7b-v1/plans/llama2-7b/cases0-49_r01/methods/rome/captures/rome-math-ablation.json,llama2-7b,llama,development,cases0-49_r01,rome,3,complete,5,True,M1,5,0.0067110504023730755,0.0030257904436439276,5,5,True,not_evaluated_uncalibrated,True
rome-math-n50-llama2-7b-v1,analysis_out/rome-math-n50-llama2-7b-v1/plans/llama2-7b/cases0-49_r01/methods/rome/captures/rome-math-ablation.json,llama2-7b,llama,development,cases0-49_r01,rome,3,complete,5,True,M2,5,10.808372110377073,8.192910651773902,5,5,True,not_evaluated_uncalibrated,True
rome-math-n50-llama2-7b-v1,analysis_out/rome-math-n50-llama2-7b-v1/plans/llama2-7b/cases0-49_r01/methods/rome/captures/rome-math-ablation.json,llama2-7b,llama,development,cases0-49_r01,rome,3,complete,5,True,M3,5,24.672042846679688,20.88136386871338,5,5,True,not_evaluated_uncalibrated,True
rome-math-n50-llama2-7b-v1,analysis_out/rome-math-n50-llama2-7b-v1/plans/llama2-7b/cases0-49_r01/methods/rome/captures/rome-math-ablation.json,llama2-7b,llama,development,cases0-49_r01,rome,3,complete,5,True,M0_raw,28,190.2908477783203,1.362335205078125,5,5,True,not_evaluated_uncalibrated,True
rome-math-n50-llama2-7b-v1,analysis_out/rome-math-n50-llama2-7b-v1/plans/llama2-7b/cases0-49_r01/methods/rome/captures/rome-math-ablation.json,llama2-7b,llama,development,cases0-49_r01,rome,3,complete,5,True,M1_raw,5,92.64205169677734,42.01158905029297,5,5,True,not_evaluated_uncalibrated,True
rome-math-n50-llama2-7b-v1,analysis_out/rome-math-n50-llama2-7b-v1/plans/llama2-7b/cases0-49_r01/methods/rome/captures/rome-math-ablation.json,llama2-7b,llama,development,cases0-49_r01,rome,4,complete,5,True,M0,5,0.014796904288232327,0.0017359275370836258,5,5,True,not_evaluated_uncalibrated,True
rome-math-n50-llama2-7b-v1,analysis_out/rome-math-n50-llama2-7b-v1/plans/llama2-7b/cases0-49_r01/methods/rome/captures/rome-math-ablation.json,llama2-7b,llama,development,cases0-49_r01,rome,4,complete,5,True,M1,5,0.008921701461076736,0.00420025922358036,5,5,True,not_evaluated_uncalibrated,True
rome-math-n50-llama2-7b-v1,analysis_out/rome-math-n50-llama2-7b-v1/plans/llama2-7b/cases0-49_r01/methods/rome/captures/rome-math-ablation.json,llama2-7b,llama,development,cases0-49_r01,rome,4,complete,5,True,M2,5,14.514025496253684,11.898564037650512,5,5,True,not_evaluated_uncalibrated,True
rome-math-n50-llama2-7b-v1,analysis_out/rome-math-n50-llama2-7b-v1/plans/llama2-7b/cases0-49_r01/methods/rome/captures/rome-math-ablation.json,llama2-7b,llama,development,cases0-49_r01,rome,4,complete,5,True,M3,5,34.14546585083008,30.35478687286377,5,5,True,not_evaluated_uncalibrated,True
rome-math-n50-llama2-7b-v1,analysis_out/rome-math-n50-llama2-7b-v1/plans/llama2-7b/cases0-49_r01/methods/rome/captures/rome-math-ablation.json,llama2-7b,llama,development,cases0-49_r01,rome,4,complete,5,True,M0_raw,5,204.01956176757812,13.728713989257812,5,5,True,not_evaluated_uncalibrated,True
rome-math-n50-llama2-7b-v1,analysis_out/rome-math-n50-llama2-7b-v1/plans/llama2-7b/cases0-49_r01/methods/rome/captures/rome-math-ablation.json,llama2-7b,llama,development,cases0-49_r01,rome,4,complete,5,True,M1_raw,5,123.42047119140625,58.316200256347656,5,5,True,not_evaluated_uncalibrated,True
rome-math-n50-llama2-7b-v1,analysis_out/rome-math-n50-llama2-7b-v1/plans/llama2-7b/cases0-49_r01/methods/rome/captures/rome-math-ablation.json,llama2-7b,llama,development,cases0-49_r01,rome,5,complete,5,True,M0,5,0.01303449459373951,0.0003360612317919731,5,5,True,not_evaluated_uncalibrated,True
rome-math-n50-llama2-7b-v1,analysis_out/rome-math-n50-llama2-7b-v1/plans/llama2-7b/cases0-49_r01/methods/rome/captures/rome-math-ablation.json,llama2-7b,llama,development,cases0-49_r01,rome,5,complete,5,True,M1,5,0.005468502175062895,0.0023503825068473816,5,5,True,not_evaluated_uncalibrated,True
rome-math-n50-llama2-7b-v1,analysis_out/rome-math-n50-llama2-7b-v1/plans/llama2-7b/cases0-49_r01/methods/rome/captures/rome-math-ablation.json,llama2-7b,llama,development,cases0-49_r01,rome,5,complete,5,True,M2,5,8.615804837750732,6.00034337914756,5,5,True,not_evaluated_uncalibrated,True
rome-math-n50-llama2-7b-v1,analysis_out/rome-math-n50-llama2-7b-v1/plans/llama2-7b/cases0-49_r01/methods/rome/captures/rome-math-ablation.json,llama2-7b,llama,development,cases0-49_r01,rome,5,complete,5,True,M3,5,17.78363037109375,13.992951393127441,5,5,True,not_evaluated_uncalibrated,True
rome-math-n50-llama2-7b-v1,analysis_out/rome-math-n50-llama2-7b-v1/plans/llama2-7b/cases0-49_r01/methods/rome/captures/rome-math-ablation.json,llama2-7b,llama,development,cases0-49_r01,rome,5,complete,5,True,M0_raw,28,190.2908477783203,1.362335205078125,5,5,True,not_evaluated_uncalibrated,True
rome-math-n50-llama2-7b-v1,analysis_out/rome-math-n50-llama2-7b-v1/plans/llama2-7b/cases0-49_r01/methods/rome/captures/rome-math-ablation.json,llama2-7b,llama,development,cases0-49_r01,rome,5,complete,5,True,M1_raw,5,75.4065933227539,32.67721939086914,5,5,True,not_evaluated_uncalibrated,True
rome-math-n50-llama2-7b-v1,analysis_out/rome-math-n50-llama2-7b-v1/plans/llama2-7b/cases0-49_r01/methods/rome/captures/rome-math-ablation.json,llama2-7b,llama,development,cases0-49_r01,rome,6,complete,5,True,M0,3,0.012698433361947536,6.396137177944183e-05,5,5,True,not_evaluated_uncalibrated,True
rome-math-n50-llama2-7b-v1,analysis_out/rome-math-n50-llama2-7b-v1/plans/llama2-7b/cases0-49_r01/methods/rome/captures/rome-math-ablation.json,llama2-7b,llama,development,cases0-49_r01,rome,6,complete,5,True,M1,5,0.004405653104186058,0.0017303295899182558,5,5,True,not_evaluated_uncalibrated,True
rome-math-n50-llama2-7b-v1,analysis_out/rome-math-n50-llama2-7b-v1/plans/llama2-7b/cases0-49_r01/methods/rome/captures/rome-math-ablation.json,llama2-7b,llama,development,cases0-49_r01,rome,6,complete,5,True,M2,5,6.939803329866251,4.32434187126308,5,5,True,not_evaluated_uncalibrated,True
rome-math-n50-llama2-7b-v1,analysis_out/rome-math-n50-llama2-7b-v1/plans/llama2-7b/cases0-49_r01/methods/rome/captures/rome-math-ablation.json,llama2-7b,llama,development,cases0-49_r01,rome,6,complete,5,True,M3,5,14.127401351928711,10.336722373962402,5,5,True,not_evaluated_uncalibrated,True
rome-math-n50-llama2-7b-v1,analysis_out/rome-math-n50-llama2-7b-v1/plans/llama2-7b/cases0-49_r01/methods/rome/captures/rome-math-ablation.json,llama2-7b,llama,development,cases0-49_r01,rome,6,complete,5,True,M0_raw,28,190.2908477783203,1.362335205078125,5,5,True,not_evaluated_uncalibrated,True
rome-math-n50-llama2-7b-v1,analysis_out/rome-math-n50-llama2-7b-v1/plans/llama2-7b/cases0-49_r01/methods/rome/captures/rome-math-ablation.json,llama2-7b,llama,development,cases0-49_r01,rome,6,complete,5,True,M1_raw,5,60.69371795654297,24.135791778564453,5,5,True,not_evaluated_uncalibrated,True
rome-math-n50-llama2-7b-v1,analysis_out/rome-math-n50-llama2-7b-v1/plans/llama2-7b/cases0-49_r01/methods/rome/captures/rome-math-ablation.json,llama2-7b,llama,development,cases0-49_r01,rome,7,complete,5,True,M0,5,0.013394336216151714,0.0006959028542041779,5,5,True,not_evaluated_uncalibrated,True
rome-math-n50-llama2-7b-v1,analysis_out/rome-math-n50-llama2-7b-v1/plans/llama2-7b/cases0-49_r01/methods/rome/captures/rome-math-ablation.json,llama2-7b,llama,development,cases0-49_r01,rome,7,complete,5,True,M1,5,0.0062898495234549046,0.0027982841711491346,5,5,True,not_evaluated_uncalibrated,True
rome-math-n50-llama2-7b-v1,analysis_out/rome-math-n50-llama2-7b-v1/plans/llama2-7b/cases0-49_r01/methods/rome/captures/rome-math-ablation.json,llama2-7b,llama,development,cases0-49_r01,rome,7,complete,5,True,M2,5,9.980479911332779,7.365018452729608,5,5,True,not_evaluated_uncalibrated,True
rome-math-n50-llama2-7b-v1,analysis_out/rome-math-n50-llama2-7b-v1/plans/llama2-7b/cases0-49_r01/methods/rome/captures/rome-math-ablation.json,llama2-7b,llama,development,cases0-49_r01,rome,7,complete,5,True,M3,5,21.3586368560791,17.567957878112793,5,5,True,not_evaluated_uncalibrated,True
rome-math-n50-llama2-7b-v1,analysis_out/rome-math-n50-llama2-7b-v1/plans/llama2-7b/cases0-49_r01/methods/rome/captures/rome-math-ablation.json,llama2-7b,llama,development,cases0-49_r01,rome,7,complete,5,True,M0_raw,28,190.2908477783203,1.362335205078125,5,5,True,not_evaluated_uncalibrated,True
rome-math-n50-llama2-7b-v1,analysis_out/rome-math-n50-llama2-7b-v1/plans/llama2-7b/cases0-49_r01/methods/rome/captures/rome-math-ablation.json,llama2-7b,llama,development,cases0-49_r01,rome,7,complete,5,True,M1_raw,5,86.79725646972656,38.86500930786133,5,5,True,not_evaluated_uncalibrated,True
rome-math-n50-llama2-7b-v1,analysis_out/rome-math-n50-llama2-7b-v1/plans/llama2-7b/cases0-49_r01/methods/rome/captures/rome-math-ablation.json,llama2-7b,llama,development,cases0-49_r01,rome,8,complete,5,True,M0,5,0.014127406291663647,0.0012543443590402603,5,5,True,not_evaluated_uncalibrated,True
rome-math-n50-llama2-7b-v1,analysis_out/rome-math-n50-llama2-7b-v1/plans/llama2-7b/cases0-49_r01/methods/rome/captures/rome-math-ablation.json,llama2-7b,llama,development,cases0-49_r01,rome,8,complete,5,True,M1,5,0.007746947929263115,0.0035837795585393906,5,5,True,not_evaluated_uncalibrated,True
rome-math-n50-llama2-7b-v1,analysis_out/rome-math-n50-llama2-7b-v1/plans/llama2-7b/cases0-49_r01/methods/rome/captures/rome-math-ablation.json,llama2-7b,llama,development,cases0-49_r01,rome,8,complete,5,True,M2,5,12.638762669847294,10.023301211244123,5,5,True,not_evaluated_uncalibrated,True
rome-math-n50-llama2-7b-v1,analysis_out/rome-math-n50-llama2-7b-v1/plans/llama2-7b/cases0-49_r01/methods/rome/captures/rome-math-ablation.json,llama2-7b,llama,development,cases0-49_r01,rome,8,complete,5,True,M3,5,30.389169692993164,26.598490715026855,5,5,True,not_evaluated_uncalibrated,True
rome-math-n50-llama2-7b-v1,analysis_out/rome-math-n50-llama2-7b-v1/plans/llama2-7b/cases0-49_r01/methods/rome/captures/rome-math-ablation.json,llama2-7b,llama,development,cases0-49_r01,rome,8,complete,5,True,M0_raw,5,194.5481719970703,4.25732421875,5,5,True,not_evaluated_uncalibrated,True
rome-math-n50-llama2-7b-v1,analysis_out/rome-math-n50-llama2-7b-v1/plans/llama2-7b/cases0-49_r01/methods/rome/captures/rome-math-ablation.json,llama2-7b,llama,development,cases0-49_r01,rome,8,complete,5,True,M1_raw,5,107.04595184326172,49.74553680419922,5,5,True,not_evaluated_uncalibrated,True
rome-math-n50-llama2-7b-v1,analysis_out/rome-math-n50-llama2-7b-v1/plans/llama2-7b/cases0-49_r01/methods/rome/captures/rome-math-ablation.json,llama2-7b,llama,development,cases0-49_r01,rome,9,complete,5,True,M0,3,0.012698433361947536,4.203431308269501e-05,5,5,True,not_evaluated_uncalibrated,True
rome-math-n50-llama2-7b-v1,analysis_out/rome-math-n50-llama2-7b-v1/plans/llama2-7b/cases0-49_r01/methods/rome/captures/rome-math-ablation.json,llama2-7b,llama,development,cases0-49_r01,rome,9,complete,5,True,M1,5,0.00447063660249114,0.0017609128262847662,5,5,True,not_evaluated_uncalibrated,True
rome-math-n50-llama2-7b-v1,analysis_out/rome-math-n50-llama2-7b-v1/plans/llama2-7b/cases0-49_r01/methods/rome/captures/rome-math-ablation.json,llama2-7b,llama,development,cases0-49_r01,rome,9,complete,5,True,M2,5,7.019368183201117,4.403906724597946,5,5,True,not_evaluated_uncalibrated,True
rome-math-n50-llama2-7b-v1,analysis_out/rome-math-n50-llama2-7b-v1/plans/llama2-7b/cases0-49_r01/methods/rome/captures/rome-math-ablation.json,llama2-7b,llama,development,cases0-49_r01,rome,9,complete,5,True,M3,5,14.148449897766113,10.357770919799805,5,5,True,not_evaluated_uncalibrated,True
rome-math-n50-llama2-7b-v1,analysis_out/rome-math-n50-llama2-7b-v1/plans/llama2-7b/cases0-49_r01/methods/rome/captures/rome-math-ablation.json,llama2-7b,llama,development,cases0-49_r01,rome,9,complete,5,True,M0_raw,28,190.2908477783203,1.362335205078125,5,5,True,not_evaluated_uncalibrated,True
rome-math-n50-llama2-7b-v1,analysis_out/rome-math-n50-llama2-7b-v1/plans/llama2-7b/cases0-49_r01/methods/rome/captures/rome-math-ablation.json,llama2-7b,llama,development,cases0-49_r01,rome,9,complete,5,True,M1_raw,5,61.592124938964844,24.55739974975586,5,5,True,not_evaluated_uncalibrated,True
rome-math-n50-llama2-7b-v1,analysis_out/rome-math-n50-llama2-7b-v1/plans/llama2-7b/cases0-49_r01/methods/rome/captures/rome-math-ablation.json,llama2-7b,llama,development,cases0-49_r01,rome,10,complete,5,True,M0,5,0.014370379038155079,0.0014319829642772675,5,5,True,not_evaluated_uncalibrated,True
rome-math-n50-llama2-7b-v1,analysis_out/rome-math-n50-llama2-7b-v1/plans/llama2-7b/cases0-49_r01/methods/rome/captures/rome-math-ablation.json,llama2-7b,llama,development,cases0-49_r01,rome,10,complete,5,True,M1,5,0.008187060244381428,0.0038213259540498257,5,5,True,not_evaluated_uncalibrated,True
rome-math-n50-llama2-7b-v1,analysis_out/rome-math-n50-llama2-7b-v1/plans/llama2-7b/cases0-49_r01/methods/rome/captures/rome-math-ablation.json,llama2-7b,llama,development,cases0-49_r01,rome,10,complete,5,True,M2,5,13.240309470385723,10.624848011782552,5,5,True,not_evaluated_uncalibrated,True
rome-math-n50-llama2-7b-v1,analysis_out/rome-math-n50-llama2-7b-v1/plans/llama2-7b/cases0-49_r01/methods/rome/captures/rome-math-ablation.json,llama2-7b,llama,development,cases0-49_r01,rome,10,complete,5,True,M3,5,30.617816925048828,26.82713794708252,5,5,True,not_evaluated_uncalibrated,True
rome-math-n50-llama2-7b-v1,analysis_out/rome-math-n50-llama2-7b-v1/plans/llama2-7b/cases0-49_r01/methods/rome/captures/rome-math-ablation.json,llama2-7b,llama,development,cases0-49_r01,rome,10,complete,5,True,M0_raw,5,197.9835968017578,7.6927490234375,5,5,True,not_evaluated_uncalibrated,True
rome-math-n50-llama2-7b-v1,analysis_out/rome-math-n50-llama2-7b-v1/plans/llama2-7b/cases0-49_r01/methods/rome/captures/rome-math-ablation.json,llama2-7b,llama,development,cases0-49_r01,rome,10,complete,5,True,M1_raw,5,113.17672729492188,53.04383087158203,5,5,True,not_evaluated_uncalibrated,True
rome-math-n50-llama2-7b-v1,analysis_out/rome-math-n50-llama2-7b-v1/plans/llama2-7b/cases0-49_r01/methods/rome/captures/rome-math-ablation.json,llama2-7b,llama,development,cases0-49_r01,rome,11,complete,5,True,M0,5,0.012893494218587875,0.0001950608566403389,5,5,True,not_evaluated_uncalibrated,True
rome-math-n50-llama2-7b-v1,analysis_out/rome-math-n50-llama2-7b-v1/plans/llama2-7b/cases0-49_r01/methods/rome/captures/rome-math-ablation.json,llama2-7b,llama,development,cases0-49_r01,rome,11,complete,5,True,M1,5,0.005116765853017569,0.0021408018656075,5,5,True,not_evaluated_uncalibrated,True
rome-math-n50-llama2-7b-v1,analysis_out/rome-math-n50-llama2-7b-v1/plans/llama2-7b/cases0-49_r01/methods/rome/captures/rome-math-ablation.json,llama2-7b,llama,development,cases0-49_r01,rome,11,complete,5,True,M2,5,8.126244718810975,5.510783260207804,5,5,True,not_evaluated_uncalibrated,True
rome-math-n50-llama2-7b-v1,analysis_out/rome-math-n50-llama2-7b-v1/plans/llama2-7b/cases0-49_r01/methods/rome/captures/rome-math-ablation.json,llama2-7b,llama,development,cases0-49_r01,rome,11,complete,5,True,M3,5,17.257606506347656,13.466927528381348,5,5,True,not_evaluated_uncalibrated,True
rome-math-n50-llama2-7b-v1,analysis_out/rome-math-n50-llama2-7b-v1/plans/llama2-7b/cases0-49_r01/methods/rome/captures/rome-math-ablation.json,llama2-7b,llama,development,cases0-49_r01,rome,11,complete,5,True,M0_raw,28,190.2908477783203,1.362335205078125,5,5,True,not_evaluated_uncalibrated,True
rome-math-n50-llama2-7b-v1,analysis_out/rome-math-n50-llama2-7b-v1/plans/llama2-7b/cases0-49_r01/methods/rome/captures/rome-math-ablation.json,llama2-7b,llama,development,cases0-49_r01,rome,11,complete,5,True,M1_raw,5,70.53312683105469,29.78948211669922,5,5,True,not_evaluated_uncalibrated,True
rome-math-n50-llama2-7b-v1,analysis_out/rome-math-n50-llama2-7b-v1/plans/llama2-7b/cases0-49_r01/methods/rome/captures/rome-math-ablation.json,llama2-7b,llama,development,cases0-49_r01,rome,12,complete,5,True,M0,3,0.012698433361947536,6.858259439468384e-06,5,5,True,not_evaluated_uncalibrated,True
rome-math-n50-llama2-7b-v1,analysis_out/rome-math-n50-llama2-7b-v1/plans/llama2-7b/cases0-49_r01/methods/rome/captures/rome-math-ablation.json,llama2-7b,llama,development,cases0-49_r01,rome,12,complete,5,True,M1,5,0.004570678807795048,0.0018226639367640018,5,5,True,not_evaluated_uncalibrated,True
rome-math-n50-llama2-7b-v1,analysis_out/rome-math-n50-llama2-7b-v1/plans/llama2-7b/cases0-49_r01/methods/rome/captures/rome-math-ablation.json,llama2-7b,llama,development,cases0-49_r01,rome,12,complete,5,True,M2,5,7.324131774981334,4.7086703163781625,5,5,True,not_evaluated_uncalibrated,True
rome-math-n50-llama2-7b-v1,analysis_out/rome-math-n50-llama2-7b-v1/plans/llama2-7b/cases0-49_r01/methods/rome/captures/rome-math-ablation.json,llama2-7b,llama,development,cases0-49_r01,rome,12,complete,5,True,M3,5,15.809144020080566,12.018465042114258,5,5,True,not_evaluated_uncalibrated,True
rome-math-n50-llama2-7b-v1,analysis_out/rome-math-n50-llama2-7b-v1/plans/llama2-7b/cases0-49_r01/methods/rome/captures/rome-math-ablation.json,llama2-7b,llama,development,cases0-49_r01,rome,12,complete,5,True,M0_raw,28,190.2908477783203,1.362335205078125,5,5,True,not_evaluated_uncalibrated,True
rome-math-n50-llama2-7b-v1,analysis_out/rome-math-n50-llama2-7b-v1/plans/llama2-7b/cases0-49_r01/methods/rome/captures/rome-math-ablation.json,llama2-7b,llama,development,cases0-49_r01,rome,12,complete,5,True,M1_raw,5,62.97230911254883,25.405235290527344,5,5,True,not_evaluated_uncalibrated,True
rome-math-n50-llama2-7b-v1,analysis_out/rome-math-n50-llama2-7b-v1/plans/llama2-7b/cases0-49_r01/methods/rome/captures/rome-math-ablation.json,llama2-7b,llama,development,cases0-49_r01,rome,14,complete,5,True,M0,5,0.012813233770430088,0.00011480040848255157,5,5,True,not_evaluated_uncalibrated,True
rome-math-n50-llama2-7b-v1,analysis_out/rome-math-n50-llama2-7b-v1/plans/llama2-7b/cases0-49_r01/methods/rome/captures/rome-math-ablation.json,llama2-7b,llama,development,cases0-49_r01,rome,14,complete,5,True,M1,5,0.004904335364699364,0.002014494501054287,5,5,True,not_evaluated_uncalibrated,True
rome-math-n50-llama2-7b-v1,analysis_out/rome-math-n50-llama2-7b-v1/plans/llama2-7b/cases0-49_r01/methods/rome/captures/rome-math-ablation.json,llama2-7b,llama,development,cases0-49_r01,rome,14,complete,5,True,M2,5,7.863840034048018,5.248378575444847,5,5,True,not_evaluated_uncalibrated,True
rome-math-n50-llama2-7b-v1,analysis_out/rome-math-n50-llama2-7b-v1/plans/llama2-7b/cases0-49_r01/methods/rome/captures/rome-math-ablation.json,llama2-7b,llama,development,cases0-49_r01,rome,14,complete,5,True,M3,5,17.36080551147461,13.5701265335083,5,5,True,not_evaluated_uncalibrated,True
rome-math-n50-llama2-7b-v1,analysis_out/rome-math-n50-llama2-7b-v1/plans/llama2-7b/cases0-49_r01/methods/rome/captures/rome-math-ablation.json,llama2-7b,llama,development,cases0-49_r01,rome,14,complete,5,True,M0_raw,28,190.2908477783203,1.362335205078125,5,5,True,not_evaluated_uncalibrated,True
rome-math-n50-llama2-7b-v1,analysis_out/rome-math-n50-llama2-7b-v1/plans/llama2-7b/cases0-49_r01/methods/rome/captures/rome-math-ablation.json,llama2-7b,llama,development,cases0-49_r01,rome,14,complete,5,True,M1_raw,5,67.58924865722656,28.045856475830078,5,5,True,not_evaluated_uncalibrated,True
rome-math-n50-llama2-7b-v1,analysis_out/rome-math-n50-llama2-7b-v1/plans/llama2-7b/cases0-49_r01/methods/rome/captures/rome-math-ablation.json,llama2-7b,llama,development,cases0-49_r01,rome,15,complete,5,True,M0,5,0.01327157486230135,0.0005731415003538132,5,5,True,not_evaluated_uncalibrated,True
rome-math-n50-llama2-7b-v1,analysis_out/rome-math-n50-llama2-7b-v1/plans/llama2-7b/cases0-49_r01/methods/rome/captures/rome-math-ablation.json,llama2-7b,llama,development,cases0-49_r01,rome,15,complete,5,True,M1,5,0.0060193403623998165,0.002651515416800976,5,5,True,not_evaluated_uncalibrated,True
rome-math-n50-llama2-7b-v1,analysis_out/rome-math-n50-llama2-7b-v1/plans/llama2-7b/cases0-49_r01/methods/rome/captures/rome-math-ablation.json,llama2-7b,llama,development,cases0-49_r01,rome,15,complete,5,True,M2,5,9.689487309944315,7.074025851341144,5,5,True,not_evaluated_uncalibrated,True
rome-math-n50-llama2-7b-v1,analysis_out/rome-math-n50-llama2-7b-v1/plans/llama2-7b/cases0-49_r01/methods/rome/captures/rome-math-ablation.json,llama2-7b,llama,development,cases0-49_r01,rome,15,complete,5,True,M3,5,21.762231826782227,17.971552848815918,5,5,True,not_evaluated_uncalibrated,True
rome-math-n50-llama2-7b-v1,analysis_out/rome-math-n50-llama2-7b-v1/plans/llama2-7b/cases0-49_r01/methods/rome/captures/rome-math-ablation.json,llama2-7b,llama,development,cases0-49_r01,rome,15,complete,5,True,M0_raw,28,190.2908477783203,1.362335205078125,5,5,True,not_evaluated_uncalibrated,True
rome-math-n50-llama2-7b-v1,analysis_out/rome-math-n50-llama2-7b-v1/plans/llama2-7b/cases0-49_r01/methods/rome/captures/rome-math-ablation.json,llama2-7b,llama,development,cases0-49_r01,rome,15,complete,5,True,M1_raw,5,83.03960418701172,36.83455276489258,5,5,True,not_evaluated_uncalibrated,True
rome-math-n50-llama2-7b-v1,analysis_out/rome-math-n50-llama2-7b-v1/plans/llama2-7b/cases0-49_r01/methods/rome/captures/rome-math-ablation.json,llama2-7b,llama,development,cases0-49_r01,rome,16,complete,5,True,M0,5,0.013915435411036015,0.0011002132669091225,5,5,True,not_evaluated_uncalibrated,True
rome-math-n50-llama2-7b-v1,analysis_out/rome-math-n50-llama2-7b-v1/plans/llama2-7b/cases0-49_r01/methods/rome/captures/rome-math-ablation.json,llama2-7b,llama,development,cases0-49_r01,rome,16,complete,5,True,M1,5,0.007348541636019945,0.0033687539398670197,5,5,True,not_evaluated_uncalibrated,True
rome-math-n50-llama2-7b-v1,analysis_out/rome-math-n50-llama2-7b-v1/plans/llama2-7b/cases0-49_r01/methods/rome/captures/rome-math-ablation.json,llama2-7b,llama,development,cases0-49_r01,rome,16,complete,5,True,M2,5,11.826858687834948,9.211397229231777,5,5,True,not_evaluated_uncalibrated,True
rome-math-n50-llama2-7b-v1,analysis_out/rome-math-n50-llama2-7b-v1/plans/llama2-7b/cases0-49_r01/methods/rome/captures/rome-math-ablation.json,llama2-7b,llama,development,cases0-49_r01,rome,16,complete,5,True,M3,5,26.545148849487305,22.754469871520996,5,5,True,not_evaluated_uncalibrated,True
rome-math-n50-llama2-7b-v1,analysis_out/rome-math-n50-llama2-7b-v1/plans/llama2-7b/cases0-49_r01/methods/rome/captures/rome-math-ablation.json,llama2-7b,llama,development,cases0-49_r01,rome,16,complete,5,True,M0_raw,5,191.54844665527344,1.257598876953125,5,5,True,not_evaluated_uncalibrated,True
rome-math-n50-llama2-7b-v1,analysis_out/rome-math-n50-llama2-7b-v1/plans/llama2-7b/cases0-49_r01/methods/rome/captures/rome-math-ablation.json,llama2-7b,llama,development,cases0-49_r01,rome,16,complete,5,True,M1_raw,5,101.50334930419922,46.762454986572266,5,5,True,not_evaluated_uncalibrated,True
rome-math-n50-llama2-7b-v1,analysis_out/rome-math-n50-llama2-7b-v1/plans/llama2-7b/cases0-49_r01/methods/rome/captures/rome-math-ablation.json,llama2-7b,llama,development,cases0-49_r01,rome,17,complete,5,True,M0,5,0.013474945910274982,0.000776512548327446,5,5,True,not_evaluated_uncalibrated,True
rome-math-n50-llama2-7b-v1,analysis_out/rome-math-n50-llama2-7b-v1/plans/llama2-7b/cases0-49_r01/methods/rome/captures/rome-math-ablation.json,llama2-7b,llama,development,cases0-49_r01,rome,17,complete,5,True,M1,5,0.0064622932113707066,0.002887498587369919,5,5,True,not_evaluated_uncalibrated,True
rome-math-n50-llama2-7b-v1,analysis_out/rome-math-n50-llama2-7b-v1/plans/llama2-7b/cases0-49_r01/methods/rome/captures/rome-math-ablation.json,llama2-7b,llama,development,cases0-49_r01,rome,17,complete,5,True,M2,5,10.298207172756015,7.682745714152844,5,5,True,not_evaluated_uncalibrated,True
rome-math-n50-llama2-7b-v1,analysis_out/rome-math-n50-llama2-7b-v1/plans/llama2-7b/cases0-49_r01/methods/rome/captures/rome-math-ablation.json,llama2-7b,llama,development,cases0-49_r01,rome,17,complete,5,True,M3,5,22.15930938720703,18.368630409240723,5,5,True,not_evaluated_uncalibrated,True
rome-math-n50-llama2-7b-v1,analysis_out/rome-math-n50-llama2-7b-v1/plans/llama2-7b/cases0-49_r01/methods/rome/captures/rome-math-ablation.json,llama2-7b,llama,development,cases0-49_r01,rome,17,complete,5,True,M0_raw,28,190.2908477783203,1.362335205078125,5,5,True,not_evaluated_uncalibrated,True
rome-math-n50-llama2-7b-v1,analysis_out/rome-math-n50-llama2-7b-v1/plans/llama2-7b/cases0-49_r01/methods/rome/captures/rome-math-ablation.json,llama2-7b,llama,development,cases0-49_r01,rome,17,complete,5,True,M1_raw,5,89.18997192382812,40.09858322143555,5,5,True,not_evaluated_uncalibrated,True
rome-math-n50-llama2-7b-v1,analysis_out/rome-math-n50-llama2-7b-v1/plans/llama2-7b/cases0-49_r01/methods/rome/captures/rome-math-ablation.json,llama2-7b,llama,development,cases0-49_r01,rome,19,complete,5,True,M0,3,0.012698433361947536,0.0003834972158074379,4,6,True,not_evaluated_uncalibrated,False
rome-math-n50-llama2-7b-v1,analysis_out/rome-math-n50-llama2-7b-v1/plans/llama2-7b/cases0-49_r01/methods/rome/captures/rome-math-ablation.json,llama2-7b,llama,development,cases0-49_r01,rome,19,complete,5,True,M1,10,0.0024720674846321344,0.00012918212451040745,4,6,True,not_evaluated_uncalibrated,False
rome-math-n50-llama2-7b-v1,analysis_out/rome-math-n50-llama2-7b-v1/plans/llama2-7b/cases0-49_r01/methods/rome/captures/rome-math-ablation.json,llama2-7b,llama,development,cases0-49_r01,rome,19,complete,5,True,M2,5,2.7368763667275764,0.12141490812440514,4,6,True,not_evaluated_uncalibrated,False
rome-math-n50-llama2-7b-v1,analysis_out/rome-math-n50-llama2-7b-v1/plans/llama2-7b/cases0-49_r01/methods/rome/captures/rome-math-ablation.json,llama2-7b,llama,development,cases0-49_r01,rome,19,complete,5,True,M3,4,4.225554466247559,0.2095947265625,4,6,True,not_evaluated_uncalibrated,False
rome-math-n50-llama2-7b-v1,analysis_out/rome-math-n50-llama2-7b-v1/plans/llama2-7b/cases0-49_r01/methods/rome/captures/rome-math-ablation.json,llama2-7b,llama,development,cases0-49_r01,rome,19,complete,5,True,M0_raw,28,190.2908477783203,1.362335205078125,4,6,True,not_evaluated_uncalibrated,False
rome-math-n50-llama2-7b-v1,analysis_out/rome-math-n50-llama2-7b-v1/plans/llama2-7b/cases0-49_r01/methods/rome/captures/rome-math-ablation.json,llama2-7b,llama,development,cases0-49_r01,rome,19,complete,5,True,M1_raw,10,35.43490982055664,1.4711647033691406,4,6,True,not_evaluated_uncalibrated,False
rome-math-n50-llama2-7b-v1,analysis_out/rome-math-n50-llama2-7b-v1/plans/llama2-7b/cases0-49_r01/methods/rome/captures/rome-math-ablation.json,llama2-7b,llama,development,cases0-49_r01,rome,20,complete,5,True,M0,3,0.012698433361947536,0.0003852415829896927,4,6,True,not_evaluated_uncalibrated,False
rome-math-n50-llama2-7b-v1,analysis_out/rome-math-n50-llama2-7b-v1/plans/llama2-7b/cases0-49_r01/methods/rome/captures/rome-math-ablation.json,llama2-7b,llama,development,cases0-49_r01,rome,20,complete,5,True,M1,10,0.0024720674846321344,0.00012918212451040745,4,6,True,not_evaluated_uncalibrated,False
rome-math-n50-llama2-7b-v1,analysis_out/rome-math-n50-llama2-7b-v1/plans/llama2-7b/cases0-49_r01/methods/rome/captures/rome-math-ablation.json,llama2-7b,llama,development,cases0-49_r01,rome,20,complete,5,True,M2,5,2.739057201639007,0.12359574303583587,4,6,True,not_evaluated_uncalibrated,False
rome-math-n50-llama2-7b-v1,analysis_out/rome-math-n50-llama2-7b-v1/plans/llama2-7b/cases0-49_r01/methods/rome/captures/rome-math-ablation.json,llama2-7b,llama,development,cases0-49_r01,rome,20,complete,5,True,M3,4,4.224391460418701,0.2148280143737793,4,6,True,not_evaluated_uncalibrated,False
rome-math-n50-llama2-7b-v1,analysis_out/rome-math-n50-llama2-7b-v1/plans/llama2-7b/cases0-49_r01/methods/rome/captures/rome-math-ablation.json,llama2-7b,llama,development,cases0-49_r01,rome,20,complete,5,True,M0_raw,28,190.2908477783203,1.362335205078125,4,6,True,not_evaluated_uncalibrated,False
rome-math-n50-llama2-7b-v1,analysis_out/rome-math-n50-llama2-7b-v1/plans/llama2-7b/cases0-49_r01/methods/rome/captures/rome-math-ablation.json,llama2-7b,llama,development,cases0-49_r01,rome,20,complete,5,True,M1_raw,10,35.43490982055664,1.4711647033691406,4,6,True,not_evaluated_uncalibrated,False
rome-math-n50-llama2-7b-v1,analysis_out/rome-math-n50-llama2-7b-v1/plans/llama2-7b/cases0-49_r01/methods/rome/captures/rome-math-ablation.json,llama2-7b,llama,development,cases0-49_r01,rome,21,complete,5,True,M0,5,0.013640874065458775,0.0009028641507029533,5,5,True,not_evaluated_uncalibrated,True
rome-math-n50-llama2-7b-v1,analysis_out/rome-math-n50-llama2-7b-v1/plans/llama2-7b/cases0-49_r01/methods/rome/captures/rome-math-ablation.json,llama2-7b,llama,development,cases0-49_r01,rome,21,complete,5,True,M1,5,0.006809105630964041,0.0030716480687260628,5,5,True,not_evaluated_uncalibrated,True
rome-math-n50-llama2-7b-v1,analysis_out/rome-math-n50-llama2-7b-v1/plans/llama2-7b/cases0-49_r01/methods/rome/captures/rome-math-ablation.json,llama2-7b,llama,development,cases0-49_r01,rome,21,complete,5,True,M2,5,10.842962588353242,8.22750112975007,5,5,True,not_evaluated_uncalibrated,True
rome-math-n50-llama2-7b-v1,analysis_out/rome-math-n50-llama2-7b-v1/plans/llama2-7b/cases0-49_r01/methods/rome/captures/rome-math-ablation.json,llama2-7b,llama,development,cases0-49_r01,rome,21,complete,5,True,M3,5,23.583847045898438,19.79316806793213,5,5,True,not_evaluated_uncalibrated,True
rome-math-n50-llama2-7b-v1,analysis_out/rome-math-n50-llama2-7b-v1/plans/llama2-7b/cases0-49_r01/methods/rome/captures/rome-math-ablation.json,llama2-7b,llama,development,cases0-49_r01,rome,21,complete,5,True,M0_raw,28,190.2908477783203,1.362335205078125,5,5,True,not_evaluated_uncalibrated,True
rome-math-n50-llama2-7b-v1,analysis_out/rome-math-n50-llama2-7b-v1/plans/llama2-7b/cases0-49_r01/methods/rome/captures/rome-math-ablation.json,llama2-7b,llama,development,cases0-49_r01,rome,21,complete,5,True,M1_raw,5,94.00261688232422,42.64612579345703,5,5,True,not_evaluated_uncalibrated,True
rome-math-n50-llama2-7b-v1,analysis_out/rome-math-n50-llama2-7b-v1/plans/llama2-7b/cases0-49_r01/methods/rome/captures/rome-math-ablation.json,llama2-7b,llama,development,cases0-49_r01,rome,22,complete,5,True,M0,5,0.012860371731221676,0.0001619383692741394,5,5,True,not_evaluated_uncalibrated,True
rome-math-n50-llama2-7b-v1,analysis_out/rome-math-n50-llama2-7b-v1/plans/llama2-7b/cases0-49_r01/methods/rome/captures/rome-math-ablation.json,llama2-7b,llama,development,cases0-49_r01,rome,22,complete,5,True,M1,5,0.005029392894357443,0.0020870717708021402,5,5,True,not_evaluated_uncalibrated,True
rome-math-n50-llama2-7b-v1,analysis_out/rome-math-n50-llama2-7b-v1/plans/llama2-7b/cases0-49_r01/methods/rome/captures/rome-math-ablation.json,llama2-7b,llama,development,cases0-49_r01,rome,22,complete,5,True,M2,5,8.069503516558086,5.454042057954915,5,5,True,not_evaluated_uncalibrated,True
rome-math-n50-llama2-7b-v1,analysis_out/rome-math-n50-llama2-7b-v1/plans/llama2-7b/cases0-49_r01/methods/rome/captures/rome-math-ablation.json,llama2-7b,llama,development,cases0-49_r01,rome,22,complete,5,True,M3,5,17.72053337097168,13.929854393005371,5,5,True,not_evaluated_uncalibrated,True
rome-math-n50-llama2-7b-v1,analysis_out/rome-math-n50-llama2-7b-v1/plans/llama2-7b/cases0-49_r01/methods/rome/captures/rome-math-ablation.json,llama2-7b,llama,development,cases0-49_r01,rome,22,complete,5,True,M0_raw,28,190.2908477783203,1.362335205078125,5,5,True,not_evaluated_uncalibrated,True
rome-math-n50-llama2-7b-v1,analysis_out/rome-math-n50-llama2-7b-v1/plans/llama2-7b/cases0-49_r01/methods/rome/captures/rome-math-ablation.json,llama2-7b,llama,development,cases0-49_r01,rome,22,complete,5,True,M1_raw,5,69.31920623779297,29.046184539794922,5,5,True,not_evaluated_uncalibrated,True
rome-math-n50-llama2-7b-v1,analysis_out/rome-math-n50-llama2-7b-v1/plans/llama2-7b/cases0-49_r01/methods/rome/captures/rome-math-ablation.json,llama2-7b,llama,development,cases0-49_r01,rome,23,complete,5,True,M0,5,0.013305867090821266,0.0006074337288737297,5,5,True,not_evaluated_uncalibrated,True
rome-math-n50-llama2-7b-v1,analysis_out/rome-math-n50-llama2-7b-v1/plans/llama2-7b/cases0-49_r01/methods/rome/captures/rome-math-ablation.json,llama2-7b,llama,development,cases0-49_r01,rome,23,complete,5,True,M1,5,0.006095435004681349,0.0026884248945862055,5,5,True,not_evaluated_uncalibrated,True
rome-math-n50-llama2-7b-v1,analysis_out/rome-math-n50-llama2-7b-v1/plans/llama2-7b/cases0-49_r01/methods/rome/captures/rome-math-ablation.json,llama2-7b,llama,development,cases0-49_r01,rome,23,complete,5,True,M2,5,9.856213547557557,7.240752088954386,5,5,True,not_evaluated_uncalibrated,True
rome-math-n50-llama2-7b-v1,analysis_out/rome-math-n50-llama2-7b-v1/plans/llama2-7b/cases0-49_r01/methods/rome/captures/rome-math-ablation.json,llama2-7b,llama,development,cases0-49_r01,rome,23,complete,5,True,M3,5,22.41806983947754,18.62739086151123,5,5,True,not_evaluated_uncalibrated,True
rome-math-n50-llama2-7b-v1,analysis_out/rome-math-n50-llama2-7b-v1/plans/llama2-7b/cases0-49_r01/methods/rome/captures/rome-math-ablation.json,llama2-7b,llama,development,cases0-49_r01,rome,23,complete,5,True,M0_raw,28,190.2908477783203,1.362335205078125,5,5,True,not_evaluated_uncalibrated,True
rome-math-n50-llama2-7b-v1,analysis_out/rome-math-n50-llama2-7b-v1/plans/llama2-7b/cases0-49_r01/methods/rome/captures/rome-math-ablation.json,llama2-7b,llama,development,cases0-49_r01,rome,23,complete,5,True,M1_raw,5,84.09444427490234,37.34498977661133,5,5,True,not_evaluated_uncalibrated,True
rome-math-n50-llama2-7b-v1,analysis_out/rome-math-n50-llama2-7b-v1/plans/llama2-7b/cases0-49_r01/methods/rome/captures/rome-math-ablation.json,llama2-7b,llama,development,cases0-49_r01,rome,24,complete,5,True,M0,5,0.013291358016431332,0.0005929246544837952,5,5,True,not_evaluated_uncalibrated,True
rome-math-n50-llama2-7b-v1,analysis_out/rome-math-n50-llama2-7b-v1/plans/llama2-7b/cases0-49_r01/methods/rome/captures/rome-math-ablation.json,llama2-7b,llama,development,cases0-49_r01,rome,24,complete,5,True,M1,5,0.006064289249479771,0.0026786234229803085,5,5,True,not_evaluated_uncalibrated,True
rome-math-n50-llama2-7b-v1,analysis_out/rome-math-n50-llama2-7b-v1/plans/llama2-7b/cases0-49_r01/methods/rome/captures/rome-math-ablation.json,llama2-7b,llama,development,cases0-49_r01,rome,24,complete,5,True,M2,5,9.66004903303884,7.044587574435669,5,5,True,not_evaluated_uncalibrated,True
rome-math-n50-llama2-7b-v1,analysis_out/rome-math-n50-llama2-7b-v1/plans/llama2-7b/cases0-49_r01/methods/rome/captures/rome-math-ablation.json,llama2-7b,llama,development,cases0-49_r01,rome,24,complete,5,True,M3,5,21.02308464050293,17.23240566253662,5,5,True,not_evaluated_uncalibrated,True
rome-math-n50-llama2-7b-v1,analysis_out/rome-math-n50-llama2-7b-v1/plans/llama2-7b/cases0-49_r01/methods/rome/captures/rome-math-ablation.json,llama2-7b,llama,development,cases0-49_r01,rome,24,complete,5,True,M0_raw,28,190.2908477783203,1.362335205078125,5,5,True,not_evaluated_uncalibrated,True
rome-math-n50-llama2-7b-v1,analysis_out/rome-math-n50-llama2-7b-v1/plans/llama2-7b/cases0-49_r01/methods/rome/captures/rome-math-ablation.json,llama2-7b,llama,development,cases0-49_r01,rome,24,complete,5,True,M1_raw,5,83.66448974609375,37.20848846435547,5,5,True,not_evaluated_uncalibrated,True
rome-math-n50-llama2-7b-v1,analysis_out/rome-math-n50-llama2-7b-v1/plans/llama2-7b/cases0-49_r01/methods/rome/captures/rome-math-ablation.json,llama2-7b,llama,development,cases0-49_r01,rome,25,complete,5,True,M0,5,0.013044275343418121,0.00034584198147058487,5,5,True,not_evaluated_uncalibrated,True
rome-math-n50-llama2-7b-v1,analysis_out/rome-math-n50-llama2-7b-v1/plans/llama2-7b/cases0-49_r01/methods/rome/captures/rome-math-ablation.json,llama2-7b,llama,development,cases0-49_r01,rome,25,complete,5,True,M1,5,0.005491277202963829,0.0023555655498057604,5,5,True,not_evaluated_uncalibrated,True
rome-math-n50-llama2-7b-v1,analysis_out/rome-math-n50-llama2-7b-v1/plans/llama2-7b/cases0-49_r01/methods/rome/captures/rome-math-ablation.json,llama2-7b,llama,development,cases0-49_r01,rome,25,complete,5,True,M2,5,8.861045461060602,6.245584002457431,5,5,True,not_evaluated_uncalibrated,True
rome-math-n50-llama2-7b-v1,analysis_out/rome-math-n50-llama2-7b-v1/plans/llama2-7b/cases0-49_r01/methods/rome/captures/rome-math-ablation.json,llama2-7b,llama,development,cases0-49_r01,rome,25,complete,5,True,M3,5,20.1070613861084,16.31638240814209,5,5,True,not_evaluated_uncalibrated,True
rome-math-n50-llama2-7b-v1,analysis_out/rome-math-n50-llama2-7b-v1/plans/llama2-7b/cases0-49_r01/methods/rome/captures/rome-math-ablation.json,llama2-7b,llama,development,cases0-49_r01,rome,25,complete,5,True,M0_raw,28,190.2908477783203,1.362335205078125,5,5,True,not_evaluated_uncalibrated,True
rome-math-n50-llama2-7b-v1,analysis_out/rome-math-n50-llama2-7b-v1/plans/llama2-7b/cases0-49_r01/methods/rome/captures/rome-math-ablation.json,llama2-7b,llama,development,cases0-49_r01,rome,25,complete,5,True,M1_raw,5,75.7177505493164,32.74894332885742,5,5,True,not_evaluated_uncalibrated,True
rome-math-n50-llama2-7b-v1,analysis_out/rome-math-n50-llama2-7b-v1/plans/llama2-7b/cases0-49_r01/methods/rome/captures/rome-math-ablation.json,llama2-7b,llama,development,cases0-49_r01,rome,26,complete,5,True,M0,3,0.012698433361947536,0.0003868676722049713,4,6,False,not_evaluated_uncalibrated,False
rome-math-n50-llama2-7b-v1,analysis_out/rome-math-n50-llama2-7b-v1/plans/llama2-7b/cases0-49_r01/methods/rome/captures/rome-math-ablation.json,llama2-7b,llama,development,cases0-49_r01,rome,26,complete,5,True,M1,10,0.0024720674846321344,0.00012918212451040745,4,6,False,not_evaluated_uncalibrated,False
rome-math-n50-llama2-7b-v1,analysis_out/rome-math-n50-llama2-7b-v1/plans/llama2-7b/cases0-49_r01/methods/rome/captures/rome-math-ablation.json,llama2-7b,llama,development,cases0-49_r01,rome,26,complete,5,True,M2,5,2.734181796992444,0.11872033838927276,4,6,False,not_evaluated_uncalibrated,False
rome-math-n50-llama2-7b-v1,analysis_out/rome-math-n50-llama2-7b-v1/plans/llama2-7b/cases0-49_r01/methods/rome/captures/rome-math-ablation.json,llama2-7b,llama,development,cases0-49_r01,rome,26,complete,5,True,M3,4,4.224819183349609,0.21837568283081055,4,6,False,not_evaluated_uncalibrated,False
rome-math-n50-llama2-7b-v1,analysis_out/rome-math-n50-llama2-7b-v1/plans/llama2-7b/cases0-49_r01/methods/rome/captures/rome-math-ablation.json,llama2-7b,llama,development,cases0-49_r01,rome,26,complete,5,True,M0_raw,28,190.2908477783203,1.362335205078125,4,6,False,not_evaluated_uncalibrated,False
rome-math-n50-llama2-7b-v1,analysis_out/rome-math-n50-llama2-7b-v1/plans/llama2-7b/cases0-49_r01/methods/rome/captures/rome-math-ablation.json,llama2-7b,llama,development,cases0-49_r01,rome,26,complete,5,True,M1_raw,10,35.43490982055664,1.4711647033691406,4,6,False,not_evaluated_uncalibrated,False
rome-math-n50-llama2-7b-v1,analysis_out/rome-math-n50-llama2-7b-v1/plans/llama2-7b/cases0-49_r01/methods/rome/captures/rome-math-ablation.json,llama2-7b,llama,development,cases0-49_r01,rome,27,complete,5,True,M0,5,0.013991601765155792,0.0011587562039494514,5,5,True,not_evaluated_uncalibrated,True
rome-math-n50-llama2-7b-v1,analysis_out/rome-math-n50-llama2-7b-v1/plans/llama2-7b/cases0-49_r01/methods/rome/captures/rome-math-ablation.json,llama2-7b,llama,development,cases0-49_r01,rome,27,complete,5,True,M1,5,0.007494718302041292,0.0034526637755334377,5,5,True,not_evaluated_uncalibrated,True
rome-math-n50-llama2-7b-v1,analysis_out/rome-math-n50-llama2-7b-v1/plans/llama2-7b/cases0-49_r01/methods/rome/captures/rome-math-ablation.json,llama2-7b,llama,development,cases0-49_r01,rome,27,complete,5,True,M2,5,11.648568033667399,9.033106575064227,5,5,True,not_evaluated_uncalibrated,True
rome-math-n50-llama2-7b-v1,analysis_out/rome-math-n50-llama2-7b-v1/plans/llama2-7b/cases0-49_r01/methods/rome/captures/rome-math-ablation.json,llama2-7b,llama,development,cases0-49_r01,rome,27,complete,5,True,M3,5,23.47615623474121,19.685477256774902,5,5,True,not_evaluated_uncalibrated,True
rome-math-n50-llama2-7b-v1,analysis_out/rome-math-n50-llama2-7b-v1/plans/llama2-7b/cases0-49_r01/methods/rome/captures/rome-math-ablation.json,llama2-7b,llama,development,cases0-49_r01,rome,27,complete,5,True,M0_raw,5,192.63198852539062,2.3411407470703125,5,5,True,not_evaluated_uncalibrated,True
rome-math-n50-llama2-7b-v1,analysis_out/rome-math-n50-llama2-7b-v1/plans/llama2-7b/cases0-49_r01/methods/rome/captures/rome-math-ablation.json,llama2-7b,llama,development,cases0-49_r01,rome,27,complete,5,True,M1_raw,5,103.54533386230469,47.92739486694336,5,5,True,not_evaluated_uncalibrated,True
rome-math-n50-llama2-7b-v1,analysis_out/rome-math-n50-llama2-7b-v1/plans/llama2-7b/cases0-49_r01/methods/rome/captures/rome-math-ablation.json,llama2-7b,llama,development,cases0-49_r01,rome,28,complete,5,True,M0,5,0.013280706480145454,0.0005822731181979179,5,5,True,not_evaluated_uncalibrated,True
rome-math-n50-llama2-7b-v1,analysis_out/rome-math-n50-llama2-7b-v1/plans/llama2-7b/cases0-49_r01/methods/rome/captures/rome-math-ablation.json,llama2-7b,llama,development,cases0-49_r01,rome,28,complete,5,True,M1,5,0.00604157242923975,0.0026468958240002394,5,5,True,not_evaluated_uncalibrated,True
rome-math-n50-llama2-7b-v1,analysis_out/rome-math-n50-llama2-7b-v1/plans/llama2-7b/cases0-49_r01/methods/rome/captures/rome-math-ablation.json,llama2-7b,llama,development,cases0-49_r01,rome,28,complete,5,True,M2,5,9.428897036306456,6.8134355777032845,5,5,True,not_evaluated_uncalibrated,True
rome-math-n50-llama2-7b-v1,analysis_out/rome-math-n50-llama2-7b-v1/plans/llama2-7b/cases0-49_r01/methods/rome/captures/rome-math-ablation.json,llama2-7b,llama,development,cases0-49_r01,rome,28,complete,5,True,M3,5,19.033462524414062,15.242783546447754,5,5,True,not_evaluated_uncalibrated,True
rome-math-n50-llama2-7b-v1,analysis_out/rome-math-n50-llama2-7b-v1/plans/llama2-7b/cases0-49_r01/methods/rome/captures/rome-math-ablation.json,llama2-7b,llama,development,cases0-49_r01,rome,28,complete,5,True,M0_raw,28,190.2908477783203,1.362335205078125,5,5,True,not_evaluated_uncalibrated,True
rome-math-n50-llama2-7b-v1,analysis_out/rome-math-n50-llama2-7b-v1/plans/llama2-7b/cases0-49_r01/methods/rome/captures/rome-math-ablation.json,llama2-7b,llama,development,cases0-49_r01,rome,28,complete,5,True,M1_raw,5,83.35321807861328,36.77413558959961,5,5,True,not_evaluated_uncalibrated,True
rome-math-n50-llama2-7b-v1,analysis_out/rome-math-n50-llama2-7b-v1/plans/llama2-7b/cases0-49_r01/methods/rome/captures/rome-math-ablation.json,llama2-7b,llama,development,cases0-49_r01,rome,29,complete,5,True,M0,3,0.012698433361947536,0.00011851638555526733,5,5,True,not_evaluated_uncalibrated,True
rome-math-n50-llama2-7b-v1,analysis_out/rome-math-n50-llama2-7b-v1/plans/llama2-7b/cases0-49_r01/methods/rome/captures/rome-math-ablation.json,llama2-7b,llama,development,cases0-49_r01,rome,29,complete,5,True,M1,5,0.0042433119378983974,0.0016369819641113281,5,5,True,not_evaluated_uncalibrated,True
rome-math-n50-llama2-7b-v1,analysis_out/rome-math-n50-llama2-7b-v1/plans/llama2-7b/cases0-49_r01/methods/rome/captures/rome-math-ablation.json,llama2-7b,llama,development,cases0-49_r01,rome,29,complete,5,True,M2,5,6.82179479189301,4.206333333289839,5,5,True,not_evaluated_uncalibrated,True
rome-math-n50-llama2-7b-v1,analysis_out/rome-math-n50-llama2-7b-v1/plans/llama2-7b/cases0-49_r01/methods/rome/captures/rome-math-ablation.json,llama2-7b,llama,development,cases0-49_r01,rome,29,complete,5,True,M3,5,14.952795028686523,11.162116050720215,5,5,True,not_evaluated_uncalibrated,True
rome-math-n50-llama2-7b-v1,analysis_out/rome-math-n50-llama2-7b-v1/plans/llama2-7b/cases0-49_r01/methods/rome/captures/rome-math-ablation.json,llama2-7b,llama,development,cases0-49_r01,rome,29,complete,5,True,M0_raw,28,190.2908477783203,1.362335205078125,5,5,True,not_evaluated_uncalibrated,True
rome-math-n50-llama2-7b-v1,analysis_out/rome-math-n50-llama2-7b-v1/plans/llama2-7b/cases0-49_r01/methods/rome/captures/rome-math-ablation.json,llama2-7b,llama,development,cases0-49_r01,rome,29,complete,5,True,M1_raw,5,58.44630432128906,22.851207733154297,5,5,True,not_evaluated_uncalibrated,True
rome-math-n50-llama2-7b-v1,analysis_out/rome-math-n50-llama2-7b-v1/plans/llama2-7b/cases0-49_r01/methods/rome/captures/rome-math-ablation.json,llama2-7b,llama,development,cases0-49_r01,rome,30,complete,5,True,M0,3,0.012698433361947536,0.00012215785682201385,5,5,True,not_evaluated_uncalibrated,True
rome-math-n50-llama2-7b-v1,analysis_out/rome-math-n50-llama2-7b-v1/plans/llama2-7b/cases0-49_r01/methods/rome/captures/rome-math-ablation.json,llama2-7b,llama,development,cases0-49_r01,rome,30,complete,5,True,M1,5,0.004233020357787609,0.0016230663750320673,5,5,True,not_evaluated_uncalibrated,True
rome-math-n50-llama2-7b-v1,analysis_out/rome-math-n50-llama2-7b-v1/plans/llama2-7b/cases0-49_r01/methods/rome/captures/rome-math-ablation.json,llama2-7b,llama,development,cases0-49_r01,rome,30,complete,5,True,M2,5,6.678623216856432,4.063161758253261,5,5,True,not_evaluated_uncalibrated,True
rome-math-n50-llama2-7b-v1,analysis_out/rome-math-n50-llama2-7b-v1/plans/llama2-7b/cases0-49_r01/methods/rome/captures/rome-math-ablation.json,llama2-7b,llama,development,cases0-49_r01,rome,30,complete,5,True,M3,5,13.75934886932373,9.968669891357422,5,5,True,not_evaluated_uncalibrated,True
rome-math-n50-llama2-7b-v1,analysis_out/rome-math-n50-llama2-7b-v1/plans/llama2-7b/cases0-49_r01/methods/rome/captures/rome-math-ablation.json,llama2-7b,llama,development,cases0-49_r01,rome,30,complete,5,True,M0_raw,28,190.2908477783203,1.362335205078125,5,5,True,not_evaluated_uncalibrated,True
rome-math-n50-llama2-7b-v1,analysis_out/rome-math-n50-llama2-7b-v1/plans/llama2-7b/cases0-49_r01/methods/rome/captures/rome-math-ablation.json,llama2-7b,llama,development,cases0-49_r01,rome,30,complete,5,True,M1_raw,5,58.30682373046875,22.66122817993164,5,5,True,not_evaluated_uncalibrated,True
rome-math-n50-llama2-7b-v1,analysis_out/rome-math-n50-llama2-7b-v1/plans/llama2-7b/cases0-49_r01/methods/rome/captures/rome-math-ablation.json,llama2-7b,llama,development,cases0-49_r01,rome,31,complete,5,False,M0,3,0.012698433361947536,0.0003868676722049713,4,6,False,not_evaluated_uncalibrated,False
rome-math-n50-llama2-7b-v1,analysis_out/rome-math-n50-llama2-7b-v1/plans/llama2-7b/cases0-49_r01/methods/rome/captures/rome-math-ablation.json,llama2-7b,llama,development,cases0-49_r01,rome,31,complete,5,False,M1,10,0.0024720674846321344,0.00012918212451040745,4,6,False,not_evaluated_uncalibrated,False
rome-math-n50-llama2-7b-v1,analysis_out/rome-math-n50-llama2-7b-v1/plans/llama2-7b/cases0-49_r01/methods/rome/captures/rome-math-ablation.json,llama2-7b,llama,development,cases0-49_r01,rome,31,complete,5,False,M2,5,2.73418255887061,0.11872110026743865,4,6,False,not_evaluated_uncalibrated,False
rome-math-n50-llama2-7b-v1,analysis_out/rome-math-n50-llama2-7b-v1/plans/llama2-7b/cases0-49_r01/methods/rome/captures/rome-math-ablation.json,llama2-7b,llama,development,cases0-49_r01,rome,31,complete,5,False,M3,4,4.224820613861084,0.21837949752807617,4,6,False,not_evaluated_uncalibrated,False
rome-math-n50-llama2-7b-v1,analysis_out/rome-math-n50-llama2-7b-v1/plans/llama2-7b/cases0-49_r01/methods/rome/captures/rome-math-ablation.json,llama2-7b,llama,development,cases0-49_r01,rome,31,complete,5,False,M0_raw,28,190.2908477783203,1.362335205078125,4,6,False,not_evaluated_uncalibrated,False
rome-math-n50-llama2-7b-v1,analysis_out/rome-math-n50-llama2-7b-v1/plans/llama2-7b/cases0-49_r01/methods/rome/captures/rome-math-ablation.json,llama2-7b,llama,development,cases0-49_r01,rome,31,complete,5,False,M1_raw,10,35.43490982055664,1.4711647033691406,4,6,False,not_evaluated_uncalibrated,False
rome-math-n50-llama2-7b-v1,analysis_out/rome-math-n50-llama2-7b-v1/plans/llama2-7b/cases0-49_r01/methods/rome/captures/rome-math-ablation.json,llama2-7b,llama,development,cases0-49_r01,rome,32,complete,5,True,M0,5,0.013066872954368591,0.00036843959242105484,5,5,True,not_evaluated_uncalibrated,True
rome-math-n50-llama2-7b-v1,analysis_out/rome-math-n50-llama2-7b-v1/plans/llama2-7b/cases0-49_r01/methods/rome/captures/rome-math-ablation.json,llama2-7b,llama,development,cases0-49_r01,rome,32,complete,5,True,M1,5,0.005545523017644882,0.0023826526012271643,5,5,True,not_evaluated_uncalibrated,True
rome-math-n50-llama2-7b-v1,analysis_out/rome-math-n50-llama2-7b-v1/plans/llama2-7b/cases0-49_r01/methods/rome/captures/rome-math-ablation.json,llama2-7b,llama,development,cases0-49_r01,rome,32,complete,5,True,M2,5,8.801557967399459,6.186096508796288,5,5,True,not_evaluated_uncalibrated,True
rome-math-n50-llama2-7b-v1,analysis_out/rome-math-n50-llama2-7b-v1/plans/llama2-7b/cases0-49_r01/methods/rome/captures/rome-math-ablation.json,llama2-7b,llama,development,cases0-49_r01,rome,32,complete,5,True,M3,5,18.73766326904297,14.94698429107666,5,5,True,not_evaluated_uncalibrated,True
rome-math-n50-llama2-7b-v1,analysis_out/rome-math-n50-llama2-7b-v1/plans/llama2-7b/cases0-49_r01/methods/rome/captures/rome-math-ablation.json,llama2-7b,llama,development,cases0-49_r01,rome,32,complete,5,True,M0_raw,28,190.2908477783203,1.362335205078125,5,5,True,not_evaluated_uncalibrated,True
rome-math-n50-llama2-7b-v1,analysis_out/rome-math-n50-llama2-7b-v1/plans/llama2-7b/cases0-49_r01/methods/rome/captures/rome-math-ablation.json,llama2-7b,llama,development,cases0-49_r01,rome,32,complete,5,True,M1_raw,5,76.47219848632812,33.12362289428711,5,5,True,not_evaluated_uncalibrated,True
rome-math-n50-llama2-7b-v1,analysis_out/rome-math-n50-llama2-7b-v1/plans/llama2-7b/cases0-49_r01/methods/rome/captures/rome-math-ablation.json,llama2-7b,llama,development,cases0-49_r01,rome,33,complete,5,True,M0,5,0.013750279322266579,0.0009802551940083504,5,5,True,not_evaluated_uncalibrated,True
rome-math-n50-llama2-7b-v1,analysis_out/rome-math-n50-llama2-7b-v1/plans/llama2-7b/cases0-49_r01/methods/rome/captures/rome-math-ablation.json,llama2-7b,llama,development,cases0-49_r01,rome,33,complete,5,True,M1,5,0.00702667748555541,0.0032009759452193975,5,5,True,not_evaluated_uncalibrated,True
rome-math-n50-llama2-7b-v1,analysis_out/rome-math-n50-llama2-7b-v1/plans/llama2-7b/cases0-49_r01/methods/rome/captures/rome-math-ablation.json,llama2-7b,llama,development,cases0-49_r01,rome,33,complete,5,True,M2,5,11.230373307718965,8.614911849115794,5,5,True,not_evaluated_uncalibrated,True
rome-math-n50-llama2-7b-v1,analysis_out/rome-math-n50-llama2-7b-v1/plans/llama2-7b/cases0-49_r01/methods/rome/captures/rome-math-ablation.json,llama2-7b,llama,development,cases0-49_r01,rome,33,complete,5,True,M3,5,24.584087371826172,20.793408393859863,5,5,True,not_evaluated_uncalibrated,True
rome-math-n50-llama2-7b-v1,analysis_out/rome-math-n50-llama2-7b-v1/plans/llama2-7b/cases0-49_r01/methods/rome/captures/rome-math-ablation.json,llama2-7b,llama,development,cases0-49_r01,rome,33,complete,5,True,M0_raw,28,190.2908477783203,1.077117919921875,5,5,True,not_evaluated_uncalibrated,True
rome-math-n50-llama2-7b-v1,analysis_out/rome-math-n50-llama2-7b-v1/plans/llama2-7b/cases0-49_r01/methods/rome/captures/rome-math-ablation.json,llama2-7b,llama,development,cases0-49_r01,rome,33,complete,5,True,M1_raw,5,97.02925109863281,44.43635940551758,5,5,True,not_evaluated_uncalibrated,True
rome-math-n50-llama2-7b-v1,analysis_out/rome-math-n50-llama2-7b-v1/plans/llama2-7b/cases0-49_r01/methods/rome/captures/rome-math-ablation.json,llama2-7b,llama,development,cases0-49_r01,rome,34,complete,5,True,M0,5,0.013248694129288197,0.0005502607673406601,5,5,True,not_evaluated_uncalibrated,True
rome-math-n50-llama2-7b-v1,analysis_out/rome-math-n50-llama2-7b-v1/plans/llama2-7b/cases0-49_r01/methods/rome/captures/rome-math-ablation.json,llama2-7b,llama,development,cases0-49_r01,rome,34,complete,5,True,M1,5,0.00596770690754056,0.0026156019885092974,5,5,True,not_evaluated_uncalibrated,True
rome-math-n50-llama2-7b-v1,analysis_out/rome-math-n50-llama2-7b-v1/plans/llama2-7b/cases0-49_r01/methods/rome/captures/rome-math-ablation.json,llama2-7b,llama,development,cases0-49_r01,rome,34,complete,5,True,M2,5,9.441973514949598,6.826512056346427,5,5,True,not_evaluated_uncalibrated,True
rome-math-n50-llama2-7b-v1,analysis_out/rome-math-n50-llama2-7b-v1/plans/llama2-7b/cases0-49_r01/methods/rome/captures/rome-math-ablation.json,llama2-7b,llama,development,cases0-49_r01,rome,34,complete,5,True,M3,5,19.69860076904297,15.90792179107666,5,5,True,not_evaluated_uncalibrated,True
rome-math-n50-llama2-7b-v1,analysis_out/rome-math-n50-llama2-7b-v1/plans/llama2-7b/cases0-49_r01/methods/rome/captures/rome-math-ablation.json,llama2-7b,llama,development,cases0-49_r01,rome,34,complete,5,True,M0_raw,28,190.2908477783203,1.362335205078125,5,5,True,not_evaluated_uncalibrated,True
rome-math-n50-llama2-7b-v1,analysis_out/rome-math-n50-llama2-7b-v1/plans/llama2-7b/cases0-49_r01/methods/rome/captures/rome-math-ablation.json,llama2-7b,llama,development,cases0-49_r01,rome,34,complete,5,True,M1_raw,5,82.3279800415039,36.34001159667969,5,5,True,not_evaluated_uncalibrated,True
rome-math-n50-llama2-7b-v1,analysis_out/rome-math-n50-llama2-7b-v1/plans/llama2-7b/cases0-49_r01/methods/rome/captures/rome-math-ablation.json,llama2-7b,llama,development,cases0-49_r01,rome,35,complete,5,True,M0,3,0.012698433361947536,5.380157381296158e-05,5,5,True,not_evaluated_uncalibrated,True
rome-math-n50-llama2-7b-v1,analysis_out/rome-math-n50-llama2-7b-v1/plans/llama2-7b/cases0-49_r01/methods/rome/captures/rome-math-ablation.json,llama2-7b,llama,development,cases0-49_r01,rome,35,complete,5,True,M1,5,0.0044339122250676155,0.001739421160891652,5,5,True,not_evaluated_uncalibrated,True
rome-math-n50-llama2-7b-v1,analysis_out/rome-math-n50-llama2-7b-v1/plans/llama2-7b/cases0-49_r01/methods/rome/captures/rome-math-ablation.json,llama2-7b,llama,development,cases0-49_r01,rome,35,complete,5,True,M2,5,7.169765700784562,4.554304242181391,5,5,True,not_evaluated_uncalibrated,True
rome-math-n50-llama2-7b-v1,analysis_out/rome-math-n50-llama2-7b-v1/plans/llama2-7b/cases0-49_r01/methods/rome/captures/rome-math-ablation.json,llama2-7b,llama,development,cases0-49_r01,rome,35,complete,5,True,M3,5,16.11460304260254,12.32392406463623,5,5,True,not_evaluated_uncalibrated,True
rome-math-n50-llama2-7b-v1,analysis_out/rome-math-n50-llama2-7b-v1/plans/llama2-7b/cases0-49_r01/methods/rome/captures/rome-math-ablation.json,llama2-7b,llama,development,cases0-49_r01,rome,35,complete,5,True,M0_raw,28,190.2908477783203,1.362335205078125,5,5,True,not_evaluated_uncalibrated,True
rome-math-n50-llama2-7b-v1,analysis_out/rome-math-n50-llama2-7b-v1/plans/llama2-7b/cases0-49_r01/methods/rome/captures/rome-math-ablation.json,llama2-7b,llama,development,cases0-49_r01,rome,35,complete,5,True,M1_raw,5,61.079463958740234,24.260501861572266,5,5,True,not_evaluated_uncalibrated,True
rome-math-n50-llama2-7b-v1,analysis_out/rome-math-n50-llama2-7b-v1/plans/llama2-7b/cases0-49_r01/methods/rome/captures/rome-math-ablation.json,llama2-7b,llama,development,cases0-49_r01,rome,36,complete,5,True,M0,5,0.012857776135206223,0.00015934277325868607,5,5,True,not_evaluated_uncalibrated,True
rome-math-n50-llama2-7b-v1,analysis_out/rome-math-n50-llama2-7b-v1/plans/llama2-7b/cases0-49_r01/methods/rome/captures/rome-math-ablation.json,llama2-7b,llama,development,cases0-49_r01,rome,36,complete,5,True,M1,5,0.005023713689297438,0.002084936248138547,5,5,True,not_evaluated_uncalibrated,True
rome-math-n50-llama2-7b-v1,analysis_out/rome-math-n50-llama2-7b-v1/plans/llama2-7b/cases0-49_r01/methods/rome/captures/rome-math-ablation.json,llama2-7b,llama,development,cases0-49_r01,rome,36,complete,5,True,M2,5,8.036139240659551,5.42067778205638,5,5,True,not_evaluated_uncalibrated,True
rome-math-n50-llama2-7b-v1,analysis_out/rome-math-n50-llama2-7b-v1/plans/llama2-7b/cases0-49_r01/methods/rome/captures/rome-math-ablation.json,llama2-7b,llama,development,cases0-49_r01,rome,36,complete,5,True,M3,5,17.544172286987305,13.753493309020996,5,5,True,not_evaluated_uncalibrated,True
rome-math-n50-llama2-7b-v1,analysis_out/rome-math-n50-llama2-7b-v1/plans/llama2-7b/cases0-49_r01/methods/rome/captures/rome-math-ablation.json,llama2-7b,llama,development,cases0-49_r01,rome,36,complete,5,True,M0_raw,28,190.2908477783203,1.362335205078125,5,5,True,not_evaluated_uncalibrated,True
rome-math-n50-llama2-7b-v1,analysis_out/rome-math-n50-llama2-7b-v1/plans/llama2-7b/cases0-49_r01/methods/rome/captures/rome-math-ablation.json,llama2-7b,llama,development,cases0-49_r01,rome,36,complete,5,True,M1_raw,5,69.24225616455078,29.01788330078125,5,5,True,not_evaluated_uncalibrated,True
rome-math-n50-llama2-7b-v1,analysis_out/rome-math-n50-llama2-7b-v1/plans/llama2-7b/cases0-49_r01/methods/rome/captures/rome-math-ablation.json,llama2-7b,llama,development,cases0-49_r01,rome,38,complete,5,True,M0,5,0.013016046024858952,0.0003176126629114151,5,5,True,not_evaluated_uncalibrated,True
rome-math-n50-llama2-7b-v1,analysis_out/rome-math-n50-llama2-7b-v1/plans/llama2-7b/cases0-49_r01/methods/rome/captures/rome-math-ablation.json,llama2-7b,llama,development,cases0-49_r01,rome,38,complete,5,True,M1,5,0.005421441514045,0.002309227827936411,5,5,True,not_evaluated_uncalibrated,True
rome-math-n50-llama2-7b-v1,analysis_out/rome-math-n50-llama2-7b-v1/plans/llama2-7b/cases0-49_r01/methods/rome/captures/rome-math-ablation.json,llama2-7b,llama,development,cases0-49_r01,rome,38,complete,5,True,M2,5,8.822108710543704,6.206647251940533,5,5,True,not_evaluated_uncalibrated,True
rome-math-n50-llama2-7b-v1,analysis_out/rome-math-n50-llama2-7b-v1/plans/llama2-7b/cases0-49_r01/methods/rome/captures/rome-math-ablation.json,llama2-7b,llama,development,cases0-49_r01,rome,38,complete,5,True,M3,5,20.766889572143555,16.976210594177246,5,5,True,not_evaluated_uncalibrated,True
rome-math-n50-llama2-7b-v1,analysis_out/rome-math-n50-llama2-7b-v1/plans/llama2-7b/cases0-49_r01/methods/rome/captures/rome-math-ablation.json,llama2-7b,llama,development,cases0-49_r01,rome,38,complete,5,True,M0_raw,28,190.2908477783203,1.362335205078125,5,5,True,not_evaluated_uncalibrated,True
rome-math-n50-llama2-7b-v1,analysis_out/rome-math-n50-llama2-7b-v1/plans/llama2-7b/cases0-49_r01/methods/rome/captures/rome-math-ablation.json,llama2-7b,llama,development,cases0-49_r01,rome,38,complete,5,True,M1_raw,5,74.7474594116211,32.10947799682617,5,5,True,not_evaluated_uncalibrated,True
rome-math-n50-llama2-7b-v1,analysis_out/rome-math-n50-llama2-7b-v1/plans/llama2-7b/cases0-49_r01/methods/rome/captures/rome-math-ablation.json,llama2-7b,llama,development,cases0-49_r01,rome,39,complete,5,True,M0,3,0.012698433361947536,2.7513131499290466e-05,5,5,True,not_evaluated_uncalibrated,True
rome-math-n50-llama2-7b-v1,analysis_out/rome-math-n50-llama2-7b-v1/plans/llama2-7b/cases0-49_r01/methods/rome/captures/rome-math-ablation.json,llama2-7b,llama,development,cases0-49_r01,rome,39,complete,5,True,M1,5,0.004511027131229639,0.0017933149356395006,5,5,True,not_evaluated_uncalibrated,True
rome-math-n50-llama2-7b-v1,analysis_out/rome-math-n50-llama2-7b-v1/plans/llama2-7b/cases0-49_r01/methods/rome/captures/rome-math-ablation.json,llama2-7b,llama,development,cases0-49_r01,rome,39,complete,5,True,M2,5,7.253061229073786,4.637599770470615,5,5,True,not_evaluated_uncalibrated,True
rome-math-n50-llama2-7b-v1,analysis_out/rome-math-n50-llama2-7b-v1/plans/llama2-7b/cases0-49_r01/methods/rome/captures/rome-math-ablation.json,llama2-7b,llama,development,cases0-49_r01,rome,39,complete,5,True,M3,5,15.996292114257812,12.205613136291504,5,5,True,not_evaluated_uncalibrated,True
rome-math-n50-llama2-7b-v1,analysis_out/rome-math-n50-llama2-7b-v1/plans/llama2-7b/cases0-49_r01/methods/rome/captures/rome-math-ablation.json,llama2-7b,llama,development,cases0-49_r01,rome,39,complete,5,True,M0_raw,28,190.2908477783203,1.362335205078125,5,5,True,not_evaluated_uncalibrated,True
rome-math-n50-llama2-7b-v1,analysis_out/rome-math-n50-llama2-7b-v1/plans/llama2-7b/cases0-49_r01/methods/rome/captures/rome-math-ablation.json,llama2-7b,llama,development,cases0-49_r01,rome,39,complete,5,True,M1_raw,5,62.14760208129883,25.00341033935547,5,5,True,not_evaluated_uncalibrated,True
rome-math-n50-llama2-7b-v1,analysis_out/rome-math-n50-llama2-7b-v1/plans/llama2-7b/cases0-49_r01/methods/rome/captures/rome-math-ablation.json,llama2-7b,llama,development,cases0-49_r01,rome,40,complete,5,True,M0,5,0.013303142040967941,0.0006047086790204048,5,5,True,not_evaluated_uncalibrated,True
rome-math-n50-llama2-7b-v1,analysis_out/rome-math-n50-llama2-7b-v1/plans/llama2-7b/cases0-49_r01/methods/rome/captures/rome-math-ablation.json,llama2-7b,llama,development,cases0-49_r01,rome,40,complete,5,True,M1,5,0.006088712252676487,0.002683750120922923,5,5,True,not_evaluated_uncalibrated,True
rome-math-n50-llama2-7b-v1,analysis_out/rome-math-n50-llama2-7b-v1/plans/llama2-7b/cases0-49_r01/methods/rome/captures/rome-math-ablation.json,llama2-7b,llama,development,cases0-49_r01,rome,40,complete,5,True,M2,5,9.92510020158922,7.309638742986049,5,5,True,not_evaluated_uncalibrated,True
rome-math-n50-llama2-7b-v1,analysis_out/rome-math-n50-llama2-7b-v1/plans/llama2-7b/cases0-49_r01/methods/rome/captures/rome-math-ablation.json,llama2-7b,llama,development,cases0-49_r01,rome,40,complete,5,True,M3,5,23.652740478515625,19.862061500549316,5,5,True,not_evaluated_uncalibrated,True
rome-math-n50-llama2-7b-v1,analysis_out/rome-math-n50-llama2-7b-v1/plans/llama2-7b/cases0-49_r01/methods/rome/captures/rome-math-ablation.json,llama2-7b,llama,development,cases0-49_r01,rome,40,complete,5,True,M0_raw,28,190.2908477783203,1.362335205078125,5,5,True,not_evaluated_uncalibrated,True
rome-math-n50-llama2-7b-v1,analysis_out/rome-math-n50-llama2-7b-v1/plans/llama2-7b/cases0-49_r01/methods/rome/captures/rome-math-ablation.json,llama2-7b,llama,development,cases0-49_r01,rome,40,complete,5,True,M1_raw,5,83.99940490722656,37.28041076660156,5,5,True,not_evaluated_uncalibrated,True
rome-math-n50-llama2-7b-v1,analysis_out/rome-math-n50-llama2-7b-v1/plans/llama2-7b/cases0-49_r01/methods/rome/captures/rome-math-ablation.json,llama2-7b,llama,development,cases0-49_r01,rome,41,complete,5,True,M0,5,0.013309058733284473,0.000610625371336937,5,5,True,not_evaluated_uncalibrated,True
rome-math-n50-llama2-7b-v1,analysis_out/rome-math-n50-llama2-7b-v1/plans/llama2-7b/cases0-49_r01/methods/rome/captures/rome-math-ablation.json,llama2-7b,llama,development,cases0-49_r01,rome,41,complete,5,True,M1,5,0.00610344298183918,0.0026867236010730267,5,5,True,not_evaluated_uncalibrated,True
rome-math-n50-llama2-7b-v1,analysis_out/rome-math-n50-llama2-7b-v1/plans/llama2-7b/cases0-49_r01/methods/rome/captures/rome-math-ablation.json,llama2-7b,llama,development,cases0-49_r01,rome,41,complete,5,True,M2,5,9.706987623266045,7.0915261646628736,5,5,True,not_evaluated_uncalibrated,True
rome-math-n50-llama2-7b-v1,analysis_out/rome-math-n50-llama2-7b-v1/plans/llama2-7b/cases0-49_r01/methods/rome/captures/rome-math-ablation.json,llama2-7b,llama,development,cases0-49_r01,rome,41,complete,5,True,M3,5,20.76456069946289,16.973881721496582,5,5,True,not_evaluated_uncalibrated,True
rome-math-n50-llama2-7b-v1,analysis_out/rome-math-n50-llama2-7b-v1/plans/llama2-7b/cases0-49_r01/methods/rome/captures/rome-math-ablation.json,llama2-7b,llama,development,cases0-49_r01,rome,41,complete,5,True,M0_raw,28,190.2908477783203,1.362335205078125,5,5,True,not_evaluated_uncalibrated,True
rome-math-n50-llama2-7b-v1,analysis_out/rome-math-n50-llama2-7b-v1/plans/llama2-7b/cases0-49_r01/methods/rome/captures/rome-math-ablation.json,llama2-7b,llama,development,cases0-49_r01,rome,41,complete,5,True,M1_raw,5,84.2096939086914,37.324607849121094,5,5,True,not_evaluated_uncalibrated,True
rome-math-n50-llama2-7b-v1,analysis_out/rome-math-n50-llama2-7b-v1/plans/llama2-7b/cases0-49_r01/methods/rome/captures/rome-math-ablation.json,llama2-7b,llama,development,cases0-49_r01,rome,42,complete,5,True,M0,5,0.012726151384413242,2.771802246570587e-05,5,5,True,not_evaluated_uncalibrated,True
rome-math-n50-llama2-7b-v1,analysis_out/rome-math-n50-llama2-7b-v1/plans/llama2-7b/cases0-49_r01/methods/rome/captures/rome-math-ablation.json,llama2-7b,llama,development,cases0-49_r01,rome,42,complete,5,True,M1,5,0.004674440249800682,0.0018719881772994995,5,5,True,not_evaluated_uncalibrated,True
rome-math-n50-llama2-7b-v1,analysis_out/rome-math-n50-llama2-7b-v1/plans/llama2-7b/cases0-49_r01/methods/rome/captures/rome-math-ablation.json,llama2-7b,llama,development,cases0-49_r01,rome,42,complete,5,True,M2,5,7.502369000565391,4.88690754196222,5,5,True,not_evaluated_uncalibrated,True
rome-math-n50-llama2-7b-v1,analysis_out/rome-math-n50-llama2-7b-v1/plans/llama2-7b/cases0-49_r01/methods/rome/captures/rome-math-ablation.json,llama2-7b,llama,development,cases0-49_r01,rome,42,complete,5,True,M3,5,16.547225952148438,12.756546974182129,5,5,True,not_evaluated_uncalibrated,True
rome-math-n50-llama2-7b-v1,analysis_out/rome-math-n50-llama2-7b-v1/plans/llama2-7b/cases0-49_r01/methods/rome/captures/rome-math-ablation.json,llama2-7b,llama,development,cases0-49_r01,rome,42,complete,5,True,M0_raw,28,190.2908477783203,1.362335205078125,5,5,True,not_evaluated_uncalibrated,True
rome-math-n50-llama2-7b-v1,analysis_out/rome-math-n50-llama2-7b-v1/plans/llama2-7b/cases0-49_r01/methods/rome/captures/rome-math-ablation.json,llama2-7b,llama,development,cases0-49_r01,rome,42,complete,5,True,M1_raw,5,64.40448760986328,26.084156036376953,5,5,True,not_evaluated_uncalibrated,True
rome-math-n50-llama2-7b-v1,analysis_out/rome-math-n50-llama2-7b-v1/plans/llama2-7b/cases0-49_r01/methods/rome/captures/rome-math-ablation.json,llama2-7b,llama,development,cases0-49_r01,rome,43,complete,5,True,M0,5,0.012836246751248837,0.00013781338930130005,5,5,True,not_evaluated_uncalibrated,True
rome-math-n50-llama2-7b-v1,analysis_out/rome-math-n50-llama2-7b-v1/plans/llama2-7b/cases0-49_r01/methods/rome/captures/rome-math-ablation.json,llama2-7b,llama,development,cases0-49_r01,rome,43,complete,5,True,M1,5,0.004964492749422789,0.0020515185315161943,5,5,True,not_evaluated_uncalibrated,True
rome-math-n50-llama2-7b-v1,analysis_out/rome-math-n50-llama2-7b-v1/plans/llama2-7b/cases0-49_r01/methods/rome/captures/rome-math-ablation.json,llama2-7b,llama,development,cases0-49_r01,rome,43,complete,5,True,M2,5,7.993960933146052,5.378499474542881,5,5,True,not_evaluated_uncalibrated,True
rome-math-n50-llama2-7b-v1,analysis_out/rome-math-n50-llama2-7b-v1/plans/llama2-7b/cases0-49_r01/methods/rome/captures/rome-math-ablation.json,llama2-7b,llama,development,cases0-49_r01,rome,43,complete,5,True,M3,5,17.798025131225586,14.007346153259277,5,5,True,not_evaluated_uncalibrated,True
rome-math-n50-llama2-7b-v1,analysis_out/rome-math-n50-llama2-7b-v1/plans/llama2-7b/cases0-49_r01/methods/rome/captures/rome-math-ablation.json,llama2-7b,llama,development,cases0-49_r01,rome,43,complete,5,True,M0_raw,28,190.2908477783203,1.362335205078125,5,5,True,not_evaluated_uncalibrated,True
rome-math-n50-llama2-7b-v1,analysis_out/rome-math-n50-llama2-7b-v1/plans/llama2-7b/cases0-49_r01/methods/rome/captures/rome-math-ablation.json,llama2-7b,llama,development,cases0-49_r01,rome,43,complete,5,True,M1_raw,5,68.42060089111328,28.556255340576172,5,5,True,not_evaluated_uncalibrated,True
rome-math-n50-llama2-7b-v1,analysis_out/rome-math-n50-llama2-7b-v1/plans/llama2-7b/cases0-49_r01/methods/rome/captures/rome-math-ablation.json,llama2-7b,llama,development,cases0-49_r01,rome,44,complete,5,True,M0,5,0.012891881167888641,0.0001934478059411049,5,5,True,not_evaluated_uncalibrated,True
rome-math-n50-llama2-7b-v1,analysis_out/rome-math-n50-llama2-7b-v1/plans/llama2-7b/cases0-49_r01/methods/rome/captures/rome-math-ablation.json,llama2-7b,llama,development,cases0-49_r01,rome,44,complete,5,True,M1,5,0.005110859405249357,0.002141642617061734,5,5,True,not_evaluated_uncalibrated,True
rome-math-n50-llama2-7b-v1,analysis_out/rome-math-n50-llama2-7b-v1/plans/llama2-7b/cases0-49_r01/methods/rome/captures/rome-math-ablation.json,llama2-7b,llama,development,cases0-49_r01,rome,44,complete,5,True,M2,5,8.200362743175218,5.584901284572046,5,5,True,not_evaluated_uncalibrated,True
rome-math-n50-llama2-7b-v1,analysis_out/rome-math-n50-llama2-7b-v1/plans/llama2-7b/cases0-49_r01/methods/rome/captures/rome-math-ablation.json,llama2-7b,llama,development,cases0-49_r01,rome,44,complete,5,True,M3,5,18.04351043701172,14.25283145904541,5,5,True,not_evaluated_uncalibrated,True
rome-math-n50-llama2-7b-v1,analysis_out/rome-math-n50-llama2-7b-v1/plans/llama2-7b/cases0-49_r01/methods/rome/captures/rome-math-ablation.json,llama2-7b,llama,development,cases0-49_r01,rome,44,complete,5,True,M0_raw,28,190.2908477783203,1.362335205078125,5,5,True,not_evaluated_uncalibrated,True
rome-math-n50-llama2-7b-v1,analysis_out/rome-math-n50-llama2-7b-v1/plans/llama2-7b/cases0-49_r01/methods/rome/captures/rome-math-ablation.json,llama2-7b,llama,development,cases0-49_r01,rome,44,complete,5,True,M1_raw,5,70.44876861572266,29.798858642578125,5,5,True,not_evaluated_uncalibrated,True
rome-math-n50-llama2-7b-v1,analysis_out/rome-math-n50-llama2-7b-v1/plans/llama2-7b/cases0-49_r01/methods/rome/captures/rome-math-ablation.json,llama2-7b,llama,development,cases0-49_r01,rome,45,complete,5,True,M0,5,0.013051045127213001,0.0003526117652654648,5,5,True,not_evaluated_uncalibrated,True
rome-math-n50-llama2-7b-v1,analysis_out/rome-math-n50-llama2-7b-v1/plans/llama2-7b/cases0-49_r01/methods/rome/captures/rome-math-ablation.json,llama2-7b,llama,development,cases0-49_r01,rome,45,complete,5,True,M1,5,0.0055084251798689365,0.00237534218467772,5,5,True,not_evaluated_uncalibrated,True
rome-math-n50-llama2-7b-v1,analysis_out/rome-math-n50-llama2-7b-v1/plans/llama2-7b/cases0-49_r01/methods/rome/captures/rome-math-ablation.json,llama2-7b,llama,development,cases0-49_r01,rome,45,complete,5,True,M2,5,8.71318338786214,6.097721929258968,5,5,True,not_evaluated_uncalibrated,True
rome-math-n50-llama2-7b-v1,analysis_out/rome-math-n50-llama2-7b-v1/plans/llama2-7b/cases0-49_r01/methods/rome/captures/rome-math-ablation.json,llama2-7b,llama,development,cases0-49_r01,rome,45,complete,5,True,M3,5,18.338361740112305,14.547682762145996,5,5,True,not_evaluated_uncalibrated,True
rome-math-n50-llama2-7b-v1,analysis_out/rome-math-n50-llama2-7b-v1/plans/llama2-7b/cases0-49_r01/methods/rome/captures/rome-math-ablation.json,llama2-7b,llama,development,cases0-49_r01,rome,45,complete,5,True,M0_raw,28,190.2908477783203,1.362335205078125,5,5,True,not_evaluated_uncalibrated,True
rome-math-n50-llama2-7b-v1,analysis_out/rome-math-n50-llama2-7b-v1/plans/llama2-7b/cases0-49_r01/methods/rome/captures/rome-math-ablation.json,llama2-7b,llama,development,cases0-49_r01,rome,45,complete,5,True,M1_raw,5,75.95933532714844,33.02072525024414,5,5,True,not_evaluated_uncalibrated,True
rome-math-n50-llama2-7b-v1,analysis_out/rome-math-n50-llama2-7b-v1/plans/llama2-7b/cases0-49_r01/methods/rome/captures/rome-math-ablation.json,llama2-7b,llama,development,cases0-49_r01,rome,46,complete,5,True,M0,5,0.013332666829228401,0.0006342334672808647,5,5,True,not_evaluated_uncalibrated,True
rome-math-n50-llama2-7b-v1,analysis_out/rome-math-n50-llama2-7b-v1/plans/llama2-7b/cases0-49_r01/methods/rome/captures/rome-math-ablation.json,llama2-7b,llama,development,cases0-49_r01,rome,46,complete,5,True,M1,5,0.006154606118798256,0.002724954392760992,5,5,True,not_evaluated_uncalibrated,True
rome-math-n50-llama2-7b-v1,analysis_out/rome-math-n50-llama2-7b-v1/plans/llama2-7b/cases0-49_r01/methods/rome/captures/rome-math-ablation.json,llama2-7b,llama,development,cases0-49_r01,rome,46,complete,5,True,M2,5,9.942396530025643,7.326935071422472,5,5,True,not_evaluated_uncalibrated,True
rome-math-n50-llama2-7b-v1,analysis_out/rome-math-n50-llama2-7b-v1/plans/llama2-7b/cases0-49_r01/methods/rome/captures/rome-math-ablation.json,llama2-7b,llama,development,cases0-49_r01,rome,46,complete,5,True,M3,5,22.516841888427734,18.726162910461426,5,5,True,not_evaluated_uncalibrated,True
rome-math-n50-llama2-7b-v1,analysis_out/rome-math-n50-llama2-7b-v1/plans/llama2-7b/cases0-49_r01/methods/rome/captures/rome-math-ablation.json,llama2-7b,llama,development,cases0-49_r01,rome,46,complete,5,True,M0_raw,28,190.2908477783203,1.362335205078125,5,5,True,not_evaluated_uncalibrated,True
rome-math-n50-llama2-7b-v1,analysis_out/rome-math-n50-llama2-7b-v1/plans/llama2-7b/cases0-49_r01/methods/rome/captures/rome-math-ablation.json,llama2-7b,llama,development,cases0-49_r01,rome,46,complete,5,True,M1_raw,5,84.91585540771484,37.84980773925781,5,5,True,not_evaluated_uncalibrated,True
rome-math-n50-llama2-7b-v1,analysis_out/rome-math-n50-llama2-7b-v1/plans/llama2-7b/cases0-49_r01/methods/rome/captures/rome-math-ablation.json,llama2-7b,llama,development,cases0-49_r01,rome,47,complete,5,True,M0,5,0.01328231766819954,0.0005838843062520027,5,5,True,not_evaluated_uncalibrated,True
rome-math-n50-llama2-7b-v1,analysis_out/rome-math-n50-llama2-7b-v1/plans/llama2-7b/cases0-49_r01/methods/rome/captures/rome-math-ablation.json,llama2-7b,llama,development,cases0-49_r01,rome,47,complete,5,True,M1,5,0.006042891182005405,0.0026573827490210533,5,5,True,not_evaluated_uncalibrated,True
rome-math-n50-llama2-7b-v1,analysis_out/rome-math-n50-llama2-7b-v1/plans/llama2-7b/cases0-49_r01/methods/rome/captures/rome-math-ablation.json,llama2-7b,llama,development,cases0-49_r01,rome,47,complete,5,True,M2,5,9.809272815712681,7.19381135710951,5,5,True,not_evaluated_uncalibrated,True
rome-math-n50-llama2-7b-v1,analysis_out/rome-math-n50-llama2-7b-v1/plans/llama2-7b/cases0-49_r01/methods/rome/captures/rome-math-ablation.json,llama2-7b,llama,development,cases0-49_r01,rome,47,complete,5,True,M3,5,22.83748435974121,19.046805381774902,5,5,True,not_evaluated_uncalibrated,True
rome-math-n50-llama2-7b-v1,analysis_out/rome-math-n50-llama2-7b-v1/plans/llama2-7b/cases0-49_r01/methods/rome/captures/rome-math-ablation.json,llama2-7b,llama,development,cases0-49_r01,rome,47,complete,5,True,M0_raw,28,190.2908477783203,1.362335205078125,5,5,True,not_evaluated_uncalibrated,True
rome-math-n50-llama2-7b-v1,analysis_out/rome-math-n50-llama2-7b-v1/plans/llama2-7b/cases0-49_r01/methods/rome/captures/rome-math-ablation.json,llama2-7b,llama,development,cases0-49_r01,rome,47,complete,5,True,M1_raw,5,83.36443328857422,36.91626739501953,5,5,True,not_evaluated_uncalibrated,True
rome-math-n50-llama2-7b-v1,analysis_out/rome-math-n50-llama2-7b-v1/plans/llama2-7b/cases0-49_r01/methods/rome/captures/rome-math-ablation.json,llama2-7b,llama,development,cases0-49_r01,rome,48,complete,5,True,M0,5,0.0127223776653409,2.3944303393363953e-05,5,5,True,not_evaluated_uncalibrated,True
rome-math-n50-llama2-7b-v1,analysis_out/rome-math-n50-llama2-7b-v1/plans/llama2-7b/cases0-49_r01/methods/rome/captures/rome-math-ablation.json,llama2-7b,llama,development,cases0-49_r01,rome,48,complete,5,True,M1,5,0.004656036850064993,0.0018778350204229355,5,5,True,not_evaluated_uncalibrated,True
rome-math-n50-llama2-7b-v1,analysis_out/rome-math-n50-llama2-7b-v1/plans/llama2-7b/cases0-49_r01/methods/rome/captures/rome-math-ablation.json,llama2-7b,llama,development,cases0-49_r01,rome,48,complete,5,True,M2,5,7.509746542026593,4.894285083423422,5,5,True,not_evaluated_uncalibrated,True
rome-math-n50-llama2-7b-v1,analysis_out/rome-math-n50-llama2-7b-v1/plans/llama2-7b/cases0-49_r01/methods/rome/captures/rome-math-ablation.json,llama2-7b,llama,development,cases0-49_r01,rome,48,complete,5,True,M3,5,16.78776741027832,12.997088432312012,5,5,True,not_evaluated_uncalibrated,True
rome-math-n50-llama2-7b-v1,analysis_out/rome-math-n50-llama2-7b-v1/plans/llama2-7b/cases0-49_r01/methods/rome/captures/rome-math-ablation.json,llama2-7b,llama,development,cases0-49_r01,rome,48,complete,5,True,M0_raw,28,190.2908477783203,1.362335205078125,5,5,True,not_evaluated_uncalibrated,True
rome-math-n50-llama2-7b-v1,analysis_out/rome-math-n50-llama2-7b-v1/plans/llama2-7b/cases0-49_r01/methods/rome/captures/rome-math-ablation.json,llama2-7b,llama,development,cases0-49_r01,rome,48,complete,5,True,M1_raw,5,64.1519546508789,26.164077758789062,5,5,True,not_evaluated_uncalibrated,True
rome-math-n50-llama2-7b-v1,analysis_out/rome-math-n50-llama2-7b-v1/plans/llama2-7b/cases0-49_r01/methods/rome/captures/rome-math-ablation.json,llama2-7b,llama,development,cases0-49_r01,rome,49,complete,5,True,M0,5,0.012713727541267872,1.5294179320335388e-05,5,5,True,not_evaluated_uncalibrated,True
rome-math-n50-llama2-7b-v1,analysis_out/rome-math-n50-llama2-7b-v1/plans/llama2-7b/cases0-49_r01/methods/rome/captures/rome-math-ablation.json,llama2-7b,llama,development,cases0-49_r01,rome,49,complete,5,True,M1,5,0.004631776362657547,0.0018620190676301718,5,5,True,not_evaluated_uncalibrated,True
rome-math-n50-llama2-7b-v1,analysis_out/rome-math-n50-llama2-7b-v1/plans/llama2-7b/cases0-49_r01/methods/rome/captures/rome-math-ablation.json,llama2-7b,llama,development,cases0-49_r01,rome,49,complete,5,True,M2,5,7.521283057318098,4.905821598714927,5,5,True,not_evaluated_uncalibrated,True
rome-math-n50-llama2-7b-v1,analysis_out/rome-math-n50-llama2-7b-v1/plans/llama2-7b/cases0-49_r01/methods/rome/captures/rome-math-ablation.json,llama2-7b,llama,development,cases0-49_r01,rome,49,complete,5,True,M3,5,17.288225173950195,13.497546195983887,5,5,True,not_evaluated_uncalibrated,True
rome-math-n50-llama2-7b-v1,analysis_out/rome-math-n50-llama2-7b-v1/plans/llama2-7b/cases0-49_r01/methods/rome/captures/rome-math-ablation.json,llama2-7b,llama,development,cases0-49_r01,rome,49,complete,5,True,M0_raw,28,190.2908477783203,1.362335205078125,5,5,True,not_evaluated_uncalibrated,True
rome-math-n50-llama2-7b-v1,analysis_out/rome-math-n50-llama2-7b-v1/plans/llama2-7b/cases0-49_r01/methods/rome/captures/rome-math-ablation.json,llama2-7b,llama,development,cases0-49_r01,rome,49,complete,5,True,M1_raw,5,63.81636047363281,25.94809341430664,5,5,True,not_evaluated_uncalibrated,True
rome-math-n50-llama2-7b-v1,analysis_out/rome-math-n50-llama2-7b-v1/plans/llama2-7b/cases0-49_r01/methods/rome/captures/rome-math-ablation.json,llama2-7b,llama,development,cases0-49_r01,rome,50,complete,5,True,M0,5,0.013453382067382336,0.0007549487054347992,5,5,True,not_evaluated_uncalibrated,True
rome-math-n50-llama2-7b-v1,analysis_out/rome-math-n50-llama2-7b-v1/plans/llama2-7b/cases0-49_r01/methods/rome/captures/rome-math-ablation.json,llama2-7b,llama,development,cases0-49_r01,rome,50,complete,5,True,M1,5,0.0064165317453444,0.002868310082703829,5,5,True,not_evaluated_uncalibrated,True
rome-math-n50-llama2-7b-v1,analysis_out/rome-math-n50-llama2-7b-v1/plans/llama2-7b/cases0-49_r01/methods/rome/captures/rome-math-ablation.json,llama2-7b,llama,development,cases0-49_r01,rome,50,complete,5,True,M2,5,10.208599024582506,7.593137565979335,5,5,True,not_evaluated_uncalibrated,True
rome-math-n50-llama2-7b-v1,analysis_out/rome-math-n50-llama2-7b-v1/plans/llama2-7b/cases0-49_r01/methods/rome/captures/rome-math-ablation.json,llama2-7b,llama,development,cases0-49_r01,rome,50,complete,5,True,M3,5,21.893747329711914,18.103068351745605,5,5,True,not_evaluated_uncalibrated,True
rome-math-n50-llama2-7b-v1,analysis_out/rome-math-n50-llama2-7b-v1/plans/llama2-7b/cases0-49_r01/methods/rome/captures/rome-math-ablation.json,llama2-7b,llama,development,cases0-49_r01,rome,50,complete,5,True,M0_raw,28,190.2908477783203,1.362335205078125,5,5,True,not_evaluated_uncalibrated,True
rome-math-n50-llama2-7b-v1,analysis_out/rome-math-n50-llama2-7b-v1/plans/llama2-7b/cases0-49_r01/methods/rome/captures/rome-math-ablation.json,llama2-7b,llama,development,cases0-49_r01,rome,50,complete,5,True,M1_raw,5,88.55563354492188,39.83320999145508,5,5,True,not_evaluated_uncalibrated,True
rome-math-n50-llama2-7b-v1,analysis_out/rome-math-n50-llama2-7b-v1/plans/llama2-7b/cases0-49_r01/methods/rome/captures/rome-math-ablation.json,llama2-7b,llama,development,cases0-49_r01,rome,52,complete,5,True,M0,5,0.013163655065000057,0.00046522170305252075,5,5,True,not_evaluated_uncalibrated,True
rome-math-n50-llama2-7b-v1,analysis_out/rome-math-n50-llama2-7b-v1/plans/llama2-7b/cases0-49_r01/methods/rome/captures/rome-math-ablation.json,llama2-7b,llama,development,cases0-49_r01,rome,52,complete,5,True,M1,5,0.005776474718004465,0.0025091832503676414,5,5,True,not_evaluated_uncalibrated,True
rome-math-n50-llama2-7b-v1,analysis_out/rome-math-n50-llama2-7b-v1/plans/llama2-7b/cases0-49_r01/methods/rome/captures/rome-math-ablation.json,llama2-7b,llama,development,cases0-49_r01,rome,52,complete,5,True,M2,5,9.099154806636117,6.483693348032945,5,5,True,not_evaluated_uncalibrated,True
rome-math-n50-llama2-7b-v1,analysis_out/rome-math-n50-llama2-7b-v1/plans/llama2-7b/cases0-49_r01/methods/rome/captures/rome-math-ablation.json,llama2-7b,llama,development,cases0-49_r01,rome,52,complete,5,True,M3,5,18.91779136657715,15.12711238861084,5,5,True,not_evaluated_uncalibrated,True
rome-math-n50-llama2-7b-v1,analysis_out/rome-math-n50-llama2-7b-v1/plans/llama2-7b/cases0-49_r01/methods/rome/captures/rome-math-ablation.json,llama2-7b,llama,development,cases0-49_r01,rome,52,complete,5,True,M0_raw,28,190.2908477783203,1.362335205078125,5,5,True,not_evaluated_uncalibrated,True
rome-math-n50-llama2-7b-v1,analysis_out/rome-math-n50-llama2-7b-v1/plans/llama2-7b/cases0-49_r01/methods/rome/captures/rome-math-ablation.json,llama2-7b,llama,development,cases0-49_r01,rome,52,complete,5,True,M1_raw,5,79.6742935180664,34.86923599243164,5,5,True,not_evaluated_uncalibrated,True
rome-math-n50-llama2-7b-v1,analysis_out/rome-math-n50-llama2-7b-v1/plans/llama2-7b/cases0-49_r01/methods/rome/captures/rome-math-ablation.json,llama2-7b,llama,development,cases0-49_r01,rome,53,complete,5,True,M0,3,0.012698433361947536,0.0002899961546063423,5,5,True,not_evaluated_uncalibrated,True
rome-math-n50-llama2-7b-v1,analysis_out/rome-math-n50-llama2-7b-v1/plans/llama2-7b/cases0-49_r01/methods/rome/captures/rome-math-ablation.json,llama2-7b,llama,development,cases0-49_r01,rome,53,complete,5,True,M1,5,0.003505864879116416,0.0010337973944842815,5,5,True,not_evaluated_uncalibrated,True
rome-math-n50-llama2-7b-v1,analysis_out/rome-math-n50-llama2-7b-v1/plans/llama2-7b/cases0-49_r01/methods/rome/captures/rome-math-ablation.json,llama2-7b,llama,development,cases0-49_r01,rome,53,complete,5,True,M2,5,5.58466184571534,2.969200387112169,5,5,True,not_evaluated_uncalibrated,True
rome-math-n50-llama2-7b-v1,analysis_out/rome-math-n50-llama2-7b-v1/plans/llama2-7b/cases0-49_r01/methods/rome/captures/rome-math-ablation.json,llama2-7b,llama,development,cases0-49_r01,rome,53,complete,5,True,M3,5,11.614082336425781,7.823403358459473,5,5,True,not_evaluated_uncalibrated,True
rome-math-n50-llama2-7b-v1,analysis_out/rome-math-n50-llama2-7b-v1/plans/llama2-7b/cases0-49_r01/methods/rome/captures/rome-math-ablation.json,llama2-7b,llama,development,cases0-49_r01,rome,53,complete,5,True,M0_raw,28,190.2908477783203,1.362335205078125,5,5,True,not_evaluated_uncalibrated,True
rome-math-n50-llama2-7b-v1,analysis_out/rome-math-n50-llama2-7b-v1/plans/llama2-7b/cases0-49_r01/methods/rome/captures/rome-math-ablation.json,llama2-7b,llama,development,cases0-49_r01,rome,53,complete,5,True,M1_raw,5,48.2601203918457,12.825210571289062,5,5,True,not_evaluated_uncalibrated,True
rome-math-n50-mistral-7b-v0.1-v1,analysis_out/rome-math-n50-mistral-7b-v0.1-v1/plans/mistral-7b-v0.1/cases0-49_r01/methods/rome/captures/rome-math-ablation.json,mistral-7b-v0.1,mistral,development,cases0-49_r01,rome,0,complete,5,True,M0,13,0.011829196475446224,8.168816566467285e-05,5,5,True,not_evaluated_uncalibrated,True
rome-math-n50-mistral-7b-v0.1-v1,analysis_out/rome-math-n50-mistral-7b-v0.1-v1/plans/mistral-7b-v0.1/cases0-49_r01/methods/rome/captures/rome-math-ablation.json,mistral-7b-v0.1,mistral,development,cases0-49_r01,rome,0,complete,5,True,M1,5,0.0029247235506772995,0.0002568364143371582,5,5,True,not_evaluated_uncalibrated,True
rome-math-n50-mistral-7b-v0.1-v1,analysis_out/rome-math-n50-mistral-7b-v0.1-v1/plans/mistral-7b-v0.1/cases0-49_r01/methods/rome/captures/rome-math-ablation.json,mistral-7b-v0.1,mistral,development,cases0-49_r01,rome,0,complete,5,True,M2,5,7.311246995743658,2.4890682298632134,5,5,True,not_evaluated_uncalibrated,True
rome-math-n50-mistral-7b-v0.1-v1,analysis_out/rome-math-n50-mistral-7b-v0.1-v1/plans/mistral-7b-v0.1/cases0-49_r01/methods/rome/captures/rome-math-ablation.json,mistral-7b-v0.1,mistral,development,cases0-49_r01,rome,0,complete,5,True,M3,5,10.633407592773438,3.7693533897399902,5,5,True,not_evaluated_uncalibrated,True
rome-math-n50-mistral-7b-v0.1-v1,analysis_out/rome-math-n50-mistral-7b-v0.1-v1/plans/mistral-7b-v0.1/cases0-49_r01/methods/rome/captures/rome-math-ablation.json,mistral-7b-v0.1,mistral,development,cases0-49_r01,rome,0,complete,5,True,M0_raw,13,6.146779537200928,0.15617656707763672,5,5,True,not_evaluated_uncalibrated,True
rome-math-n50-mistral-7b-v0.1-v1,analysis_out/rome-math-n50-mistral-7b-v0.1-v1/plans/mistral-7b-v0.1/cases0-49_r01/methods/rome/captures/rome-math-ablation.json,mistral-7b-v0.1,mistral,development,cases0-49_r01,rome,0,complete,5,True,M1_raw,5,1.4161808490753174,0.028705358505249023,5,5,True,not_evaluated_uncalibrated,True
rome-math-n50-mistral-7b-v0.1-v1,analysis_out/rome-math-n50-mistral-7b-v0.1-v1/plans/mistral-7b-v0.1/cases0-49_r01/methods/rome/captures/rome-math-ablation.json,mistral-7b-v0.1,mistral,development,cases0-49_r01,rome,1,complete,5,True,M0,13,0.011829196475446224,8.168816566467285e-05,5,5,True,not_evaluated_uncalibrated,True
rome-math-n50-mistral-7b-v0.1-v1,analysis_out/rome-math-n50-mistral-7b-v0.1-v1/plans/mistral-7b-v0.1/cases0-49_r01/methods/rome/captures/rome-math-ablation.json,mistral-7b-v0.1,mistral,development,cases0-49_r01,rome,1,complete,5,True,M1,5,0.0033177584409713745,0.0006498713046312332,5,5,True,not_evaluated_uncalibrated,True
rome-math-n50-mistral-7b-v0.1-v1,analysis_out/rome-math-n50-mistral-7b-v0.1-v1/plans/mistral-7b-v0.1/cases0-49_r01/methods/rome/captures/rome-math-ablation.json,mistral-7b-v0.1,mistral,development,cases0-49_r01,rome,1,complete,5,True,M2,5,8.15116995615462,3.3289911902741753,5,5,True,not_evaluated_uncalibrated,True
rome-math-n50-mistral-7b-v0.1-v1,analysis_out/rome-math-n50-mistral-7b-v0.1-v1/plans/mistral-7b-v0.1/cases0-49_r01/methods/rome/captures/rome-math-ablation.json,mistral-7b-v0.1,mistral,development,cases0-49_r01,rome,1,complete,5,True,M3,5,11.670005798339844,4.8059515953063965,5,5,True,not_evaluated_uncalibrated,True
rome-math-n50-mistral-7b-v0.1-v1,analysis_out/rome-math-n50-mistral-7b-v0.1-v1/plans/mistral-7b-v0.1/cases0-49_r01/methods/rome/captures/rome-math-ablation.json,mistral-7b-v0.1,mistral,development,cases0-49_r01,rome,1,complete,5,True,M0_raw,13,6.146779537200928,0.15617656707763672,5,5,True,not_evaluated_uncalibrated,True
rome-math-n50-mistral-7b-v0.1-v1,analysis_out/rome-math-n50-mistral-7b-v0.1-v1/plans/mistral-7b-v0.1/cases0-49_r01/methods/rome/captures/rome-math-ablation.json,mistral-7b-v0.1,mistral,development,cases0-49_r01,rome,1,complete,5,True,M1_raw,5,1.6077464818954468,0.22027099132537842,5,5,True,not_evaluated_uncalibrated,True
rome-math-n50-mistral-7b-v0.1-v1,analysis_out/rome-math-n50-mistral-7b-v0.1-v1/plans/mistral-7b-v0.1/cases0-49_r01/methods/rome/captures/rome-math-ablation.json,mistral-7b-v0.1,mistral,development,cases0-49_r01,rome,2,complete,5,True,M0,13,0.011829196475446224,8.168816566467285e-05,5,5,True,not_evaluated_uncalibrated,False
rome-math-n50-mistral-7b-v0.1-v1,analysis_out/rome-math-n50-mistral-7b-v0.1-v1/plans/mistral-7b-v0.1/cases0-49_r01/methods/rome/captures/rome-math-ablation.json,mistral-7b-v0.1,mistral,development,cases0-49_r01,rome,2,complete,5,True,M1,13,0.0026678871363401413,2.4222536012530327e-05,5,5,True,not_evaluated_uncalibrated,False
rome-math-n50-mistral-7b-v0.1-v1,analysis_out/rome-math-n50-mistral-7b-v0.1-v1/plans/mistral-7b-v0.1/cases0-49_r01/methods/rome/captures/rome-math-ablation.json,mistral-7b-v0.1,mistral,development,cases0-49_r01,rome,2,complete,5,True,M2,5,6.402467230769729,1.5802884648892848,5,5,True,not_evaluated_uncalibrated,False
rome-math-n50-mistral-7b-v0.1-v1,analysis_out/rome-math-n50-mistral-7b-v0.1-v1/plans/mistral-7b-v0.1/cases0-49_r01/methods/rome/captures/rome-math-ablation.json,mistral-7b-v0.1,mistral,development,cases0-49_r01,rome,2,complete,5,True,M3,5,8.126497268676758,1.2624430656433105,5,5,True,not_evaluated_uncalibrated,False
rome-math-n50-mistral-7b-v0.1-v1,analysis_out/rome-math-n50-mistral-7b-v0.1-v1/plans/mistral-7b-v0.1/cases0-49_r01/methods/rome/captures/rome-math-ablation.json,mistral-7b-v0.1,mistral,development,cases0-49_r01,rome,2,complete,5,True,M0_raw,13,6.146779537200928,0.15617656707763672,5,5,True,not_evaluated_uncalibrated,False
rome-math-n50-mistral-7b-v0.1-v1,analysis_out/rome-math-n50-mistral-7b-v0.1-v1/plans/mistral-7b-v0.1/cases0-49_r01/methods/rome/captures/rome-math-ablation.json,mistral-7b-v0.1,mistral,development,cases0-49_r01,rome,2,complete,5,True,M1_raw,13,1.3874754905700684,0.10841476917266846,5,5,True,not_evaluated_uncalibrated,False
rome-math-n50-mistral-7b-v0.1-v1,analysis_out/rome-math-n50-mistral-7b-v0.1-v1/plans/mistral-7b-v0.1/cases0-49_r01/methods/rome/captures/rome-math-ablation.json,mistral-7b-v0.1,mistral,development,cases0-49_r01,rome,3,complete,5,True,M0,13,0.011829196475446224,8.168816566467285e-05,5,5,True,not_evaluated_uncalibrated,True
rome-math-n50-mistral-7b-v0.1-v1,analysis_out/rome-math-n50-mistral-7b-v0.1-v1/plans/mistral-7b-v0.1/cases0-49_r01/methods/rome/captures/rome-math-ablation.json,mistral-7b-v0.1,mistral,development,cases0-49_r01,rome,3,complete,5,True,M1,5,0.002742827869951725,7.494073361158371e-05,5,5,True,not_evaluated_uncalibrated,True
rome-math-n50-mistral-7b-v0.1-v1,analysis_out/rome-math-n50-mistral-7b-v0.1-v1/plans/mistral-7b-v0.1/cases0-49_r01/methods/rome/captures/rome-math-ablation.json,mistral-7b-v0.1,mistral,development,cases0-49_r01,rome,3,complete,5,True,M2,5,6.983956130184747,2.161777364304302,5,5,True,not_evaluated_uncalibrated,True
rome-math-n50-mistral-7b-v0.1-v1,analysis_out/rome-math-n50-mistral-7b-v0.1-v1/plans/mistral-7b-v0.1/cases0-49_r01/methods/rome/captures/rome-math-ablation.json,mistral-7b-v0.1,mistral,development,cases0-49_r01,rome,3,complete,5,True,M3,5,10.307877540588379,3.4438233375549316,5,5,True,not_evaluated_uncalibrated,True
rome-math-n50-mistral-7b-v0.1-v1,analysis_out/rome-math-n50-mistral-7b-v0.1-v1/plans/mistral-7b-v0.1/cases0-49_r01/methods/rome/captures/rome-math-ablation.json,mistral-7b-v0.1,mistral,development,cases0-49_r01,rome,3,complete,5,True,M0_raw,13,6.146779537200928,0.15617656707763672,5,5,True,not_evaluated_uncalibrated,True
rome-math-n50-mistral-7b-v0.1-v1,analysis_out/rome-math-n50-mistral-7b-v0.1-v1/plans/mistral-7b-v0.1/cases0-49_r01/methods/rome/captures/rome-math-ablation.json,mistral-7b-v0.1,mistral,development,cases0-49_r01,rome,3,complete,5,True,M1_raw,13,1.3874754905700684,0.059827446937561035,5,5,True,not_evaluated_uncalibrated,True
rome-math-n50-mistral-7b-v0.1-v1,analysis_out/rome-math-n50-mistral-7b-v0.1-v1/plans/mistral-7b-v0.1/cases0-49_r01/methods/rome/captures/rome-math-ablation.json,mistral-7b-v0.1,mistral,development,cases0-49_r01,rome,4,complete,5,True,M0,13,0.011829196475446224,8.168816566467285e-05,5,5,True,not_evaluated_uncalibrated,True
rome-math-n50-mistral-7b-v0.1-v1,analysis_out/rome-math-n50-mistral-7b-v0.1-v1/plans/mistral-7b-v0.1/cases0-49_r01/methods/rome/captures/rome-math-ablation.json,mistral-7b-v0.1,mistral,development,cases0-49_r01,rome,4,complete,5,True,M1,5,0.003560558194294572,0.0008926710579544306,5,5,True,not_evaluated_uncalibrated,True
rome-math-n50-mistral-7b-v0.1-v1,analysis_out/rome-math-n50-mistral-7b-v0.1-v1/plans/mistral-7b-v0.1/cases0-49_r01/methods/rome/captures/rome-math-ablation.json,mistral-7b-v0.1,mistral,development,cases0-49_r01,rome,4,complete,5,True,M2,5,8.890043371078951,4.067864605198507,5,5,True,not_evaluated_uncalibrated,True
rome-math-n50-mistral-7b-v0.1-v1,analysis_out/rome-math-n50-mistral-7b-v0.1-v1/plans/mistral-7b-v0.1/cases0-49_r01/methods/rome/captures/rome-math-ablation.json,mistral-7b-v0.1,mistral,development,cases0-49_r01,rome,4,complete,5,True,M3,5,12.728127479553223,5.864073276519775,5,5,True,not_evaluated_uncalibrated,True
rome-math-n50-mistral-7b-v0.1-v1,analysis_out/rome-math-n50-mistral-7b-v0.1-v1/plans/mistral-7b-v0.1/cases0-49_r01/methods/rome/captures/rome-math-ablation.json,mistral-7b-v0.1,mistral,development,cases0-49_r01,rome,4,complete,5,True,M0_raw,13,6.146779537200928,0.15617656707763672,5,5,True,not_evaluated_uncalibrated,True
rome-math-n50-mistral-7b-v0.1-v1,analysis_out/rome-math-n50-mistral-7b-v0.1-v1/plans/mistral-7b-v0.1/cases0-49_r01/methods/rome/captures/rome-math-ablation.json,mistral-7b-v0.1,mistral,development,cases0-49_r01,rome,4,complete,5,True,M1_raw,5,1.7262980937957764,0.338822603225708,5,5,True,not_evaluated_uncalibrated,True
rome-math-n50-mistral-7b-v0.1-v1,analysis_out/rome-math-n50-mistral-7b-v0.1-v1/plans/mistral-7b-v0.1/cases0-49_r01/methods/rome/captures/rome-math-ablation.json,mistral-7b-v0.1,mistral,development,cases0-49_r01,rome,5,complete,5,True,M0,13,0.011829196475446224,8.168816566467285e-05,5,5,True,not_evaluated_uncalibrated,True
rome-math-n50-mistral-7b-v0.1-v1,analysis_out/rome-math-n50-mistral-7b-v0.1-v1/plans/mistral-7b-v0.1/cases0-49_r01/methods/rome/captures/rome-math-ablation.json,mistral-7b-v0.1,mistral,development,cases0-49_r01,rome,5,complete,5,True,M1,13,0.0026678871363401413,9.941449388861656e-05,5,5,True,not_evaluated_uncalibrated,True
rome-math-n50-mistral-7b-v0.1-v1,analysis_out/rome-math-n50-mistral-7b-v0.1-v1/plans/mistral-7b-v0.1/cases0-49_r01/methods/rome/captures/rome-math-ablation.json,mistral-7b-v0.1,mistral,development,cases0-49_r01,rome,5,complete,5,True,M2,5,6.467591772169061,1.6454130062886163,5,5,True,not_evaluated_uncalibrated,True
rome-math-n50-mistral-7b-v0.1-v1,analysis_out/rome-math-n50-mistral-7b-v0.1-v1/plans/mistral-7b-v0.1/cases0-49_r01/methods/rome/captures/rome-math-ablation.json,mistral-7b-v0.1,mistral,development,cases0-49_r01,rome,5,complete,5,True,M3,5,9.311027526855469,2.4469733238220215,5,5,True,not_evaluated_uncalibrated,True
rome-math-n50-mistral-7b-v0.1-v1,analysis_out/rome-math-n50-mistral-7b-v0.1-v1/plans/mistral-7b-v0.1/cases0-49_r01/methods/rome/captures/rome-math-ablation.json,mistral-7b-v0.1,mistral,development,cases0-49_r01,rome,5,complete,5,True,M0_raw,13,6.146779537200928,0.15617656707763672,5,5,True,not_evaluated_uncalibrated,True
rome-math-n50-mistral-7b-v0.1-v1,analysis_out/rome-math-n50-mistral-7b-v0.1-v1/plans/mistral-7b-v0.1/cases0-49_r01/methods/rome/captures/rome-math-ablation.json,mistral-7b-v0.1,mistral,development,cases0-49_r01,rome,5,complete,5,True,M1_raw,13,1.3874754905700684,0.14487731456756592,5,5,True,not_evaluated_uncalibrated,True
rome-math-n50-mistral-7b-v0.1-v1,analysis_out/rome-math-n50-mistral-7b-v0.1-v1/plans/mistral-7b-v0.1/cases0-49_r01/methods/rome/captures/rome-math-ablation.json,mistral-7b-v0.1,mistral,development,cases0-49_r01,rome,6,complete,5,True,M0,13,0.011829196475446224,8.168816566467285e-05,5,5,True,not_evaluated_uncalibrated,True
rome-math-n50-mistral-7b-v0.1-v1,analysis_out/rome-math-n50-mistral-7b-v0.1-v1/plans/mistral-7b-v0.1/cases0-49_r01/methods/rome/captures/rome-math-ablation.json,mistral-7b-v0.1,mistral,development,cases0-49_r01,rome,6,complete,5,True,M1,5,0.003211760660633445,0.0005438735242933035,5,5,True,not_evaluated_uncalibrated,True
rome-math-n50-mistral-7b-v0.1-v1,analysis_out/rome-math-n50-mistral-7b-v0.1-v1/plans/mistral-7b-v0.1/cases0-49_r01/methods/rome/captures/rome-math-ablation.json,mistral-7b-v0.1,mistral,development,cases0-49_r01,rome,6,complete,5,True,M2,5,7.883498996420031,3.061320230539587,5,5,True,not_evaluated_uncalibrated,True
rome-math-n50-mistral-7b-v0.1-v1,analysis_out/rome-math-n50-mistral-7b-v0.1-v1/plans/mistral-7b-v0.1/cases0-49_r01/methods/rome/captures/rome-math-ablation.json,mistral-7b-v0.1,mistral,development,cases0-49_r01,rome,6,complete,5,True,M3,5,11.120532035827637,4.2564778327941895,5,5,True,not_evaluated_uncalibrated,True
rome-math-n50-mistral-7b-v0.1-v1,analysis_out/rome-math-n50-mistral-7b-v0.1-v1/plans/mistral-7b-v0.1/cases0-49_r01/methods/rome/captures/rome-math-ablation.json,mistral-7b-v0.1,mistral,development,cases0-49_r01,rome,6,complete,5,True,M0_raw,13,6.146779537200928,0.15617656707763672,5,5,True,not_evaluated_uncalibrated,True
rome-math-n50-mistral-7b-v0.1-v1,analysis_out/rome-math-n50-mistral-7b-v0.1-v1/plans/mistral-7b-v0.1/cases0-49_r01/methods/rome/captures/rome-math-ablation.json,mistral-7b-v0.1,mistral,development,cases0-49_r01,rome,6,complete,5,True,M1_raw,5,1.5560349225997925,0.16855943202972412,5,5,True,not_evaluated_uncalibrated,True
rome-math-n50-mistral-7b-v0.1-v1,analysis_out/rome-math-n50-mistral-7b-v0.1-v1/plans/mistral-7b-v0.1/cases0-49_r01/methods/rome/captures/rome-math-ablation.json,mistral-7b-v0.1,mistral,development,cases0-49_r01,rome,7,complete,5,True,M0,13,0.011829196475446224,8.168816566467285e-05,5,5,True,not_evaluated_uncalibrated,False
rome-math-n50-mistral-7b-v0.1-v1,analysis_out/rome-math-n50-mistral-7b-v0.1-v1/plans/mistral-7b-v0.1/cases0-49_r01/methods/rome/captures/rome-math-ablation.json,mistral-7b-v0.1,mistral,development,cases0-49_r01,rome,7,complete,5,True,M1,13,0.0026678871363401413,0.00021241884678602219,5,5,True,not_evaluated_uncalibrated,False
rome-math-n50-mistral-7b-v0.1-v1,analysis_out/rome-math-n50-mistral-7b-v0.1-v1/plans/mistral-7b-v0.1/cases0-49_r01/methods/rome/captures/rome-math-ablation.json,mistral-7b-v0.1,mistral,development,cases0-49_r01,rome,7,complete,5,True,M2,5,5.684118557216324,0.86193979133588,5,5,True,not_evaluated_uncalibrated,False
rome-math-n50-mistral-7b-v0.1-v1,analysis_out/rome-math-n50-mistral-7b-v0.1-v1/plans/mistral-7b-v0.1/cases0-49_r01/methods/rome/captures/rome-math-ablation.json,mistral-7b-v0.1,mistral,development,cases0-49_r01,rome,7,complete,5,True,M3,5,7.969674587249756,1.1056203842163086,5,5,True,not_evaluated_uncalibrated,False
rome-math-n50-mistral-7b-v0.1-v1,analysis_out/rome-math-n50-mistral-7b-v0.1-v1/plans/mistral-7b-v0.1/cases0-49_r01/methods/rome/captures/rome-math-ablation.json,mistral-7b-v0.1,mistral,development,cases0-49_r01,rome,7,complete,5,True,M0_raw,13,6.146779537200928,0.15617656707763672,5,5,True,not_evaluated_uncalibrated,False
rome-math-n50-mistral-7b-v0.1-v1,analysis_out/rome-math-n50-mistral-7b-v0.1-v1/plans/mistral-7b-v0.1/cases0-49_r01/methods/rome/captures/rome-math-ablation.json,mistral-7b-v0.1,mistral,development,cases0-49_r01,rome,7,complete,5,True,M1_raw,13,1.3874754905700684,0.1636519432067871,5,5,True,not_evaluated_uncalibrated,False
rome-math-n50-mistral-7b-v0.1-v1,analysis_out/rome-math-n50-mistral-7b-v0.1-v1/plans/mistral-7b-v0.1/cases0-49_r01/methods/rome/captures/rome-math-ablation.json,mistral-7b-v0.1,mistral,development,cases0-49_r01,rome,8,complete,5,True,M0,13,0.011829196475446224,8.168816566467285e-05,5,5,True,not_evaluated_uncalibrated,True
rome-math-n50-mistral-7b-v0.1-v1,analysis_out/rome-math-n50-mistral-7b-v0.1-v1/plans/mistral-7b-v0.1/cases0-49_r01/methods/rome/captures/rome-math-ablation.json,mistral-7b-v0.1,mistral,development,cases0-49_r01,rome,8,complete,5,True,M1,5,0.0028724544681608677,0.0002045673318207264,5,5,True,not_evaluated_uncalibrated,True
rome-math-n50-mistral-7b-v0.1-v1,analysis_out/rome-math-n50-mistral-7b-v0.1-v1/plans/mistral-7b-v0.1/cases0-49_r01/methods/rome/captures/rome-math-ablation.json,mistral-7b-v0.1,mistral,development,cases0-49_r01,rome,8,complete,5,True,M2,5,6.682518793887048,1.8603400280066031,5,5,True,not_evaluated_uncalibrated,True
rome-math-n50-mistral-7b-v0.1-v1,analysis_out/rome-math-n50-mistral-7b-v0.1-v1/plans/mistral-7b-v0.1/cases0-49_r01/methods/rome/captures/rome-math-ablation.json,mistral-7b-v0.1,mistral,development,cases0-49_r01,rome,8,complete,5,True,M3,5,8.873542785644531,2.009488582611084,5,5,True,not_evaluated_uncalibrated,True
rome-math-n50-mistral-7b-v0.1-v1,analysis_out/rome-math-n50-mistral-7b-v0.1-v1/plans/mistral-7b-v0.1/cases0-49_r01/methods/rome/captures/rome-math-ablation.json,mistral-7b-v0.1,mistral,development,cases0-49_r01,rome,8,complete,5,True,M0_raw,13,6.146779537200928,0.15617656707763672,5,5,True,not_evaluated_uncalibrated,True
rome-math-n50-mistral-7b-v0.1-v1,analysis_out/rome-math-n50-mistral-7b-v0.1-v1/plans/mistral-7b-v0.1/cases0-49_r01/methods/rome/captures/rome-math-ablation.json,mistral-7b-v0.1,mistral,development,cases0-49_r01,rome,8,complete,5,True,M1_raw,5,1.3903661966323853,0.0028907060623168945,5,5,True,not_evaluated_uncalibrated,True
rome-math-n50-mistral-7b-v0.1-v1,analysis_out/rome-math-n50-mistral-7b-v0.1-v1/plans/mistral-7b-v0.1/cases0-49_r01/methods/rome/captures/rome-math-ablation.json,mistral-7b-v0.1,mistral,development,cases0-49_r01,rome,9,complete,5,True,M0,13,0.011829196475446224,8.168816566467285e-05,5,5,True,not_evaluated_uncalibrated,True
rome-math-n50-mistral-7b-v0.1-v1,analysis_out/rome-math-n50-mistral-7b-v0.1-v1/plans/mistral-7b-v0.1/cases0-49_r01/methods/rome/captures/rome-math-ablation.json,mistral-7b-v0.1,mistral,development,cases0-49_r01,rome,9,complete,5,True,M1,13,0.0026678871363401413,0.00010103406384587288,5,5,True,not_evaluated_uncalibrated,True
rome-math-n50-mistral-7b-v0.1-v1,analysis_out/rome-math-n50-mistral-7b-v0.1-v1/plans/mistral-7b-v0.1/cases0-49_r01/methods/rome/captures/rome-math-ablation.json,mistral-7b-v0.1,mistral,development,cases0-49_r01,rome,9,complete,5,True,M2,5,6.509176233577176,1.6869974676967319,5,5,True,not_evaluated_uncalibrated,True
rome-math-n50-mistral-7b-v0.1-v1,analysis_out/rome-math-n50-mistral-7b-v0.1-v1/plans/mistral-7b-v0.1/cases0-49_r01/methods/rome/captures/rome-math-ablation.json,mistral-7b-v0.1,mistral,development,cases0-49_r01,rome,9,complete,5,True,M3,5,8.571718215942383,1.7076640129089355,5,5,True,not_evaluated_uncalibrated,True
rome-math-n50-mistral-7b-v0.1-v1,analysis_out/rome-math-n50-mistral-7b-v0.1-v1/plans/mistral-7b-v0.1/cases0-49_r01/methods/rome/captures/rome-math-ablation.json,mistral-7b-v0.1,mistral,development,cases0-49_r01,rome,9,complete,5,True,M0_raw,13,6.146779537200928,0.15617656707763672,5,5,True,not_evaluated_uncalibrated,True
rome-math-n50-mistral-7b-v0.1-v1,analysis_out/rome-math-n50-mistral-7b-v0.1-v1/plans/mistral-7b-v0.1/cases0-49_r01/methods/rome/captures/rome-math-ablation.json,mistral-7b-v0.1,mistral,development,cases0-49_r01,rome,9,complete,5,True,M1_raw,13,1.3874754905700684,0.14560532569885254,5,5,True,not_evaluated_uncalibrated,True
rome-math-n50-mistral-7b-v0.1-v1,analysis_out/rome-math-n50-mistral-7b-v0.1-v1/plans/mistral-7b-v0.1/cases0-49_r01/methods/rome/captures/rome-math-ablation.json,mistral-7b-v0.1,mistral,development,cases0-49_r01,rome,10,complete,5,True,M0,13,0.011829196475446224,8.168816566467285e-05,5,5,True,not_evaluated_uncalibrated,True
rome-math-n50-mistral-7b-v0.1-v1,analysis_out/rome-math-n50-mistral-7b-v0.1-v1/plans/mistral-7b-v0.1/cases0-49_r01/methods/rome/captures/rome-math-ablation.json,mistral-7b-v0.1,mistral,development,cases0-49_r01,rome,10,complete,5,True,M1,5,0.003112626727670431,0.00044473959133028984,5,5,True,not_evaluated_uncalibrated,True
rome-math-n50-mistral-7b-v0.1-v1,analysis_out/rome-math-n50-mistral-7b-v0.1-v1/plans/mistral-7b-v0.1/cases0-49_r01/methods/rome/captures/rome-math-ablation.json,mistral-7b-v0.1,mistral,development,cases0-49_r01,rome,10,complete,5,True,M2,5,7.401017087417395,2.57883832153695,5,5,True,not_evaluated_uncalibrated,True
rome-math-n50-mistral-7b-v0.1-v1,analysis_out/rome-math-n50-mistral-7b-v0.1-v1/plans/mistral-7b-v0.1/cases0-49_r01/methods/rome/captures/rome-math-ablation.json,mistral-7b-v0.1,mistral,development,cases0-49_r01,rome,10,complete,5,True,M3,5,9.966958045959473,3.1029038429260254,5,5,True,not_evaluated_uncalibrated,True
rome-math-n50-mistral-7b-v0.1-v1,analysis_out/rome-math-n50-mistral-7b-v0.1-v1/plans/mistral-7b-v0.1/cases0-49_r01/methods/rome/captures/rome-math-ablation.json,mistral-7b-v0.1,mistral,development,cases0-49_r01,rome,10,complete,5,True,M0_raw,13,6.146779537200928,0.15617656707763672,5,5,True,not_evaluated_uncalibrated,True
rome-math-n50-mistral-7b-v0.1-v1,analysis_out/rome-math-n50-mistral-7b-v0.1-v1/plans/mistral-7b-v0.1/cases0-49_r01/methods/rome/captures/rome-math-ablation.json,mistral-7b-v0.1,mistral,development,cases0-49_r01,rome,10,complete,5,True,M1_raw,5,1.5075064897537231,0.12003099918365479,5,5,True,not_evaluated_uncalibrated,True
rome-math-n50-mistral-7b-v0.1-v1,analysis_out/rome-math-n50-mistral-7b-v0.1-v1/plans/mistral-7b-v0.1/cases0-49_r01/methods/rome/captures/rome-math-ablation.json,mistral-7b-v0.1,mistral,development,cases0-49_r01,rome,11,complete,5,True,M0,13,0.011829196475446224,8.168816566467285e-05,5,5,True,not_evaluated_uncalibrated,True
rome-math-n50-mistral-7b-v0.1-v1,analysis_out/rome-math-n50-mistral-7b-v0.1-v1/plans/mistral-7b-v0.1/cases0-49_r01/methods/rome/captures/rome-math-ablation.json,mistral-7b-v0.1,mistral,development,cases0-49_r01,rome,11,complete,5,True,M1,5,0.0029381688218563795,0.0002702816855162382,5,5,True,not_evaluated_uncalibrated,True
rome-math-n50-mistral-7b-v0.1-v1,analysis_out/rome-math-n50-mistral-7b-v0.1-v1/plans/mistral-7b-v0.1/cases0-49_r01/methods/rome/captures/rome-math-ablation.json,mistral-7b-v0.1,mistral,development,cases0-49_r01,rome,11,complete,5,True,M2,5,7.1898694005375425,2.367690634657098,5,5,True,not_evaluated_uncalibrated,True
rome-math-n50-mistral-7b-v0.1-v1,analysis_out/rome-math-n50-mistral-7b-v0.1-v1/plans/mistral-7b-v0.1/cases0-49_r01/methods/rome/captures/rome-math-ablation.json,mistral-7b-v0.1,mistral,development,cases0-49_r01,rome,11,complete,5,True,M3,5,10.224221229553223,3.3601670265197754,5,5,True,not_evaluated_uncalibrated,True
rome-math-n50-mistral-7b-v0.1-v1,analysis_out/rome-math-n50-mistral-7b-v0.1-v1/plans/mistral-7b-v0.1/cases0-49_r01/methods/rome/captures/rome-math-ablation.json,mistral-7b-v0.1,mistral,development,cases0-49_r01,rome,11,complete,5,True,M0_raw,13,6.146779537200928,0.15617656707763672,5,5,True,not_evaluated_uncalibrated,True
rome-math-n50-mistral-7b-v0.1-v1,analysis_out/rome-math-n50-mistral-7b-v0.1-v1/plans/mistral-7b-v0.1/cases0-49_r01/methods/rome/captures/rome-math-ablation.json,mistral-7b-v0.1,mistral,development,cases0-49_r01,rome,11,complete,5,True,M1_raw,5,1.4226844310760498,0.035208940505981445,5,5,True,not_evaluated_uncalibrated,True
rome-math-n50-mistral-7b-v0.1-v1,analysis_out/rome-math-n50-mistral-7b-v0.1-v1/plans/mistral-7b-v0.1/cases0-49_r01/methods/rome/captures/rome-math-ablation.json,mistral-7b-v0.1,mistral,development,cases0-49_r01,rome,12,complete,5,True,M0,13,0.011829196475446224,8.168816566467285e-05,5,5,True,not_evaluated_uncalibrated,False
rome-math-n50-mistral-7b-v0.1-v1,analysis_out/rome-math-n50-mistral-7b-v0.1-v1/plans/mistral-7b-v0.1/cases0-49_r01/methods/rome/captures/rome-math-ablation.json,mistral-7b-v0.1,mistral,development,cases0-49_r01,rome,12,complete,5,True,M1,5,0.0027154728304594755,4.758569411933422e-05,5,5,True,not_evaluated_uncalibrated,False
rome-math-n50-mistral-7b-v0.1-v1,analysis_out/rome-math-n50-mistral-7b-v0.1-v1/plans/mistral-7b-v0.1/cases0-49_r01/methods/rome/captures/rome-math-ablation.json,mistral-7b-v0.1,mistral,development,cases0-49_r01,rome,12,complete,5,True,M2,5,6.486737875590549,1.6645591097101047,5,5,True,not_evaluated_uncalibrated,False
rome-math-n50-mistral-7b-v0.1-v1,analysis_out/rome-math-n50-mistral-7b-v0.1-v1/plans/mistral-7b-v0.1/cases0-49_r01/methods/rome/captures/rome-math-ablation.json,mistral-7b-v0.1,mistral,development,cases0-49_r01,rome,12,complete,5,True,M3,5,8.202609062194824,1.338554859161377,5,5,True,not_evaluated_uncalibrated,False
rome-math-n50-mistral-7b-v0.1-v1,analysis_out/rome-math-n50-mistral-7b-v0.1-v1/plans/mistral-7b-v0.1/cases0-49_r01/methods/rome/captures/rome-math-ablation.json,mistral-7b-v0.1,mistral,development,cases0-49_r01,rome,12,complete,5,True,M0_raw,13,6.146779537200928,0.15617656707763672,5,5,True,not_evaluated_uncalibrated,False
rome-math-n50-mistral-7b-v0.1-v1,analysis_out/rome-math-n50-mistral-7b-v0.1-v1/plans/mistral-7b-v0.1/cases0-49_r01/methods/rome/captures/rome-math-ablation.json,mistral-7b-v0.1,mistral,development,cases0-49_r01,rome,12,complete,5,True,M1_raw,13,1.3874754905700684,0.07347226142883301,5,5,True,not_evaluated_uncalibrated,False
rome-math-n50-mistral-7b-v0.1-v1,analysis_out/rome-math-n50-mistral-7b-v0.1-v1/plans/mistral-7b-v0.1/cases0-49_r01/methods/rome/captures/rome-math-ablation.json,mistral-7b-v0.1,mistral,development,cases0-49_r01,rome,14,complete,5,True,M0,13,0.011829196475446224,8.168816566467285e-05,5,5,True,not_evaluated_uncalibrated,True
rome-math-n50-mistral-7b-v0.1-v1,analysis_out/rome-math-n50-mistral-7b-v0.1-v1/plans/mistral-7b-v0.1/cases0-49_r01/methods/rome/captures/rome-math-ablation.json,mistral-7b-v0.1,mistral,development,cases0-49_r01,rome,14,complete,5,True,M1,5,0.002877575345337391,0.0002096882089972496,5,5,True,not_evaluated_uncalibrated,True
rome-math-n50-mistral-7b-v0.1-v1,analysis_out/rome-math-n50-mistral-7b-v0.1-v1/plans/mistral-7b-v0.1/cases0-49_r01/methods/rome/captures/rome-math-ablation.json,mistral-7b-v0.1,mistral,development,cases0-49_r01,rome,14,complete,5,True,M2,5,7.013370678953506,2.1911919130730615,5,5,True,not_evaluated_uncalibrated,True
rome-math-n50-mistral-7b-v0.1-v1,analysis_out/rome-math-n50-mistral-7b-v0.1-v1/plans/mistral-7b-v0.1/cases0-49_r01/methods/rome/captures/rome-math-ablation.json,mistral-7b-v0.1,mistral,development,cases0-49_r01,rome,14,complete,5,True,M3,5,9.63720703125,2.7731528282165527,5,5,True,not_evaluated_uncalibrated,True
rome-math-n50-mistral-7b-v0.1-v1,analysis_out/rome-math-n50-mistral-7b-v0.1-v1/plans/mistral-7b-v0.1/cases0-49_r01/methods/rome/captures/rome-math-ablation.json,mistral-7b-v0.1,mistral,development,cases0-49_r01,rome,14,complete,5,True,M0_raw,13,6.146779537200928,0.15617656707763672,5,5,True,not_evaluated_uncalibrated,True
rome-math-n50-mistral-7b-v0.1-v1,analysis_out/rome-math-n50-mistral-7b-v0.1-v1/plans/mistral-7b-v0.1/cases0-49_r01/methods/rome/captures/rome-math-ablation.json,mistral-7b-v0.1,mistral,development,cases0-49_r01,rome,14,complete,5,True,M1_raw,5,1.3932777643203735,0.005802273750305176,5,5,True,not_evaluated_uncalibrated,True
rome-math-n50-mistral-7b-v0.1-v1,analysis_out/rome-math-n50-mistral-7b-v0.1-v1/plans/mistral-7b-v0.1/cases0-49_r01/methods/rome/captures/rome-math-ablation.json,mistral-7b-v0.1,mistral,development,cases0-49_r01,rome,15,complete,5,True,M0,13,0.011829196475446224,8.168816566467285e-05,5,5,True,not_evaluated_uncalibrated,True
rome-math-n50-mistral-7b-v0.1-v1,analysis_out/rome-math-n50-mistral-7b-v0.1-v1/plans/mistral-7b-v0.1/cases0-49_r01/methods/rome/captures/rome-math-ablation.json,mistral-7b-v0.1,mistral,development,cases0-49_r01,rome,15,complete,5,True,M1,5,0.0027136581484228373,4.577101208269596e-05,5,5,True,not_evaluated_uncalibrated,True
rome-math-n50-mistral-7b-v0.1-v1,analysis_out/rome-math-n50-mistral-7b-v0.1-v1/plans/mistral-7b-v0.1/cases0-49_r01/methods/rome/captures/rome-math-ablation.json,mistral-7b-v0.1,mistral,development,cases0-49_r01,rome,15,complete,5,True,M2,5,6.725313831404044,1.9031350655235997,5,5,True,not_evaluated_uncalibrated,True
rome-math-n50-mistral-7b-v0.1-v1,analysis_out/rome-math-n50-mistral-7b-v0.1-v1/plans/mistral-7b-v0.1/cases0-49_r01/methods/rome/captures/rome-math-ablation.json,mistral-7b-v0.1,mistral,development,cases0-49_r01,rome,15,complete,5,True,M3,5,9.571890830993652,2.707836627960205,5,5,True,not_evaluated_uncalibrated,True
rome-math-n50-mistral-7b-v0.1-v1,analysis_out/rome-math-n50-mistral-7b-v0.1-v1/plans/mistral-7b-v0.1/cases0-49_r01/methods/rome/captures/rome-math-ablation.json,mistral-7b-v0.1,mistral,development,cases0-49_r01,rome,15,complete,5,True,M0_raw,13,6.146779537200928,0.15617656707763672,5,5,True,not_evaluated_uncalibrated,True
rome-math-n50-mistral-7b-v0.1-v1,analysis_out/rome-math-n50-mistral-7b-v0.1-v1/plans/mistral-7b-v0.1/cases0-49_r01/methods/rome/captures/rome-math-ablation.json,mistral-7b-v0.1,mistral,development,cases0-49_r01,rome,15,complete,5,True,M1_raw,13,1.3874754905700684,0.07419419288635254,5,5,True,not_evaluated_uncalibrated,True
rome-math-n50-mistral-7b-v0.1-v1,analysis_out/rome-math-n50-mistral-7b-v0.1-v1/plans/mistral-7b-v0.1/cases0-49_r01/methods/rome/captures/rome-math-ablation.json,mistral-7b-v0.1,mistral,development,cases0-49_r01,rome,16,complete,5,True,M0,13,0.011829196475446224,8.168816566467285e-05,5,5,True,not_evaluated_uncalibrated,True
rome-math-n50-mistral-7b-v0.1-v1,analysis_out/rome-math-n50-mistral-7b-v0.1-v1/plans/mistral-7b-v0.1/cases0-49_r01/methods/rome/captures/rome-math-ablation.json,mistral-7b-v0.1,mistral,development,cases0-49_r01,rome,16,complete,5,True,M1,5,0.0031700744293630123,0.000502187293022871,5,5,True,not_evaluated_uncalibrated,True
rome-math-n50-mistral-7b-v0.1-v1,analysis_out/rome-math-n50-mistral-7b-v0.1-v1/plans/mistral-7b-v0.1/cases0-49_r01/methods/rome/captures/rome-math-ablation.json,mistral-7b-v0.1,mistral,development,cases0-49_r01,rome,16,complete,5,True,M2,5,7.931262318288968,3.1090835524085234,5,5,True,not_evaluated_uncalibrated,True
rome-math-n50-mistral-7b-v0.1-v1,analysis_out/rome-math-n50-mistral-7b-v0.1-v1/plans/mistral-7b-v0.1/cases0-49_r01/methods/rome/captures/rome-math-ablation.json,mistral-7b-v0.1,mistral,development,cases0-49_r01,rome,16,complete,5,True,M3,5,11.570359230041504,4.706305027008057,5,5,True,not_evaluated_uncalibrated,True
rome-math-n50-mistral-7b-v0.1-v1,analysis_out/rome-math-n50-mistral-7b-v0.1-v1/plans/mistral-7b-v0.1/cases0-49_r01/methods/rome/captures/rome-math-ablation.json,mistral-7b-v0.1,mistral,development,cases0-49_r01,rome,16,complete,5,True,M0_raw,13,6.146779537200928,0.15617656707763672,5,5,True,not_evaluated_uncalibrated,True
rome-math-n50-mistral-7b-v0.1-v1,analysis_out/rome-math-n50-mistral-7b-v0.1-v1/plans/mistral-7b-v0.1/cases0-49_r01/methods/rome/captures/rome-math-ablation.json,mistral-7b-v0.1,mistral,development,cases0-49_r01,rome,16,complete,5,True,M1_raw,5,1.5357797145843506,0.14830422401428223,5,5,True,not_evaluated_uncalibrated,True
rome-math-n50-mistral-7b-v0.1-v1,analysis_out/rome-math-n50-mistral-7b-v0.1-v1/plans/mistral-7b-v0.1/cases0-49_r01/methods/rome/captures/rome-math-ablation.json,mistral-7b-v0.1,mistral,development,cases0-49_r01,rome,17,complete,5,True,M0,13,0.011829196475446224,8.168816566467285e-05,5,5,True,not_evaluated_uncalibrated,True
rome-math-n50-mistral-7b-v0.1-v1,analysis_out/rome-math-n50-mistral-7b-v0.1-v1/plans/mistral-7b-v0.1/cases0-49_r01/methods/rome/captures/rome-math-ablation.json,mistral-7b-v0.1,mistral,development,cases0-49_r01,rome,17,complete,5,True,M1,13,0.0026678871363401413,6.752018816769123e-05,5,5,True,not_evaluated_uncalibrated,True
rome-math-n50-mistral-7b-v0.1-v1,analysis_out/rome-math-n50-mistral-7b-v0.1-v1/plans/mistral-7b-v0.1/cases0-49_r01/methods/rome/captures/rome-math-ablation.json,mistral-7b-v0.1,mistral,development,cases0-49_r01,rome,17,complete,5,True,M2,5,6.2415419356407185,1.419363169760274,5,5,True,not_evaluated_uncalibrated,True
rome-math-n50-mistral-7b-v0.1-v1,analysis_out/rome-math-n50-mistral-7b-v0.1-v1/plans/mistral-7b-v0.1/cases0-49_r01/methods/rome/captures/rome-math-ablation.json,mistral-7b-v0.1,mistral,development,cases0-49_r01,rome,17,complete,5,True,M3,5,8.494698524475098,1.6306443214416504,5,5,True,not_evaluated_uncalibrated,True
rome-math-n50-mistral-7b-v0.1-v1,analysis_out/rome-math-n50-mistral-7b-v0.1-v1/plans/mistral-7b-v0.1/cases0-49_r01/methods/rome/captures/rome-math-ablation.json,mistral-7b-v0.1,mistral,development,cases0-49_r01,rome,17,complete,5,True,M0_raw,13,6.146779537200928,0.15617656707763672,5,5,True,not_evaluated_uncalibrated,True
rome-math-n50-mistral-7b-v0.1-v1,analysis_out/rome-math-n50-mistral-7b-v0.1-v1/plans/mistral-7b-v0.1/cases0-49_r01/methods/rome/captures/rome-math-ablation.json,mistral-7b-v0.1,mistral,development,cases0-49_r01,rome,17,complete,5,True,M1_raw,13,1.3874754905700684,0.12956619262695312,5,5,True,not_evaluated_uncalibrated,True
rome-math-n50-mistral-7b-v0.1-v1,analysis_out/rome-math-n50-mistral-7b-v0.1-v1/plans/mistral-7b-v0.1/cases0-49_r01/methods/rome/captures/rome-math-ablation.json,mistral-7b-v0.1,mistral,development,cases0-49_r01,rome,19,complete,5,True,M0,13,0.011829196475446224,8.168816566467285e-05,5,5,True,not_evaluated_uncalibrated,True
rome-math-n50-mistral-7b-v0.1-v1,analysis_out/rome-math-n50-mistral-7b-v0.1-v1/plans/mistral-7b-v0.1/cases0-49_r01/methods/rome/captures/rome-math-ablation.json,mistral-7b-v0.1,mistral,development,cases0-49_r01,rome,19,complete,5,True,M1,13,0.0026678871363401413,1.3416167348623276e-05,5,5,True,not_evaluated_uncalibrated,True
rome-math-n50-mistral-7b-v0.1-v1,analysis_out/rome-math-n50-mistral-7b-v0.1-v1/plans/mistral-7b-v0.1/cases0-49_r01/methods/rome/captures/rome-math-ablation.json,mistral-7b-v0.1,mistral,development,cases0-49_r01,rome,19,complete,5,True,M2,5,6.616161608101384,1.7939828422209398,5,5,True,not_evaluated_uncalibrated,True
rome-math-n50-mistral-7b-v0.1-v1,analysis_out/rome-math-n50-mistral-7b-v0.1-v1/plans/mistral-7b-v0.1/cases0-49_r01/methods/rome/captures/rome-math-ablation.json,mistral-7b-v0.1,mistral,development,cases0-49_r01,rome,19,complete,5,True,M3,5,9.366277694702148,2.502223491668701,5,5,True,not_evaluated_uncalibrated,True
rome-math-n50-mistral-7b-v0.1-v1,analysis_out/rome-math-n50-mistral-7b-v0.1-v1/plans/mistral-7b-v0.1/cases0-49_r01/methods/rome/captures/rome-math-ablation.json,mistral-7b-v0.1,mistral,development,cases0-49_r01,rome,19,complete,5,True,M0_raw,13,6.146779537200928,0.15617656707763672,5,5,True,not_evaluated_uncalibrated,True
rome-math-n50-mistral-7b-v0.1-v1,analysis_out/rome-math-n50-mistral-7b-v0.1-v1/plans/mistral-7b-v0.1/cases0-49_r01/methods/rome/captures/rome-math-ablation.json,mistral-7b-v0.1,mistral,development,cases0-49_r01,rome,19,complete,5,True,M1_raw,13,1.3874754905700684,0.10303056240081787,5,5,True,not_evaluated_uncalibrated,True
rome-math-n50-mistral-7b-v0.1-v1,analysis_out/rome-math-n50-mistral-7b-v0.1-v1/plans/mistral-7b-v0.1/cases0-49_r01/methods/rome/captures/rome-math-ablation.json,mistral-7b-v0.1,mistral,development,cases0-49_r01,rome,20,complete,5,True,M0,13,0.011829196475446224,8.168816566467285e-05,5,5,True,not_evaluated_uncalibrated,True
rome-math-n50-mistral-7b-v0.1-v1,analysis_out/rome-math-n50-mistral-7b-v0.1-v1/plans/mistral-7b-v0.1/cases0-49_r01/methods/rome/captures/rome-math-ablation.json,mistral-7b-v0.1,mistral,development,cases0-49_r01,rome,20,complete,5,True,M1,5,0.0035438858903944492,0.0008759987540543079,5,5,True,not_evaluated_uncalibrated,True
rome-math-n50-mistral-7b-v0.1-v1,analysis_out/rome-math-n50-mistral-7b-v0.1-v1/plans/mistral-7b-v0.1/cases0-49_r01/methods/rome/captures/rome-math-ablation.json,mistral-7b-v0.1,mistral,development,cases0-49_r01,rome,20,complete,5,True,M2,5,8.773533655678651,3.951354889798207,5,5,True,not_evaluated_uncalibrated,True
rome-math-n50-mistral-7b-v0.1-v1,analysis_out/rome-math-n50-mistral-7b-v0.1-v1/plans/mistral-7b-v0.1/cases0-49_r01/methods/rome/captures/rome-math-ablation.json,mistral-7b-v0.1,mistral,development,cases0-49_r01,rome,20,complete,5,True,M3,5,12.777204513549805,5.913150310516357,5,5,True,not_evaluated_uncalibrated,True
rome-math-n50-mistral-7b-v0.1-v1,analysis_out/rome-math-n50-mistral-7b-v0.1-v1/plans/mistral-7b-v0.1/cases0-49_r01/methods/rome/captures/rome-math-ablation.json,mistral-7b-v0.1,mistral,development,cases0-49_r01,rome,20,complete,5,True,M0_raw,13,6.146779537200928,0.15617656707763672,5,5,True,not_evaluated_uncalibrated,True
rome-math-n50-mistral-7b-v0.1-v1,analysis_out/rome-math-n50-mistral-7b-v0.1-v1/plans/mistral-7b-v0.1/cases0-49_r01/methods/rome/captures/rome-math-ablation.json,mistral-7b-v0.1,mistral,development,cases0-49_r01,rome,20,complete,5,True,M1_raw,5,1.7181164026260376,0.33064091205596924,5,5,True,not_evaluated_uncalibrated,True
rome-math-n50-mistral-7b-v0.1-v1,analysis_out/rome-math-n50-mistral-7b-v0.1-v1/plans/mistral-7b-v0.1/cases0-49_r01/methods/rome/captures/rome-math-ablation.json,mistral-7b-v0.1,mistral,development,cases0-49_r01,rome,21,complete,5,True,M0,13,0.011829196475446224,8.168816566467285e-05,7,7,True,not_evaluated_uncalibrated,False
rome-math-n50-mistral-7b-v0.1-v1,analysis_out/rome-math-n50-mistral-7b-v0.1-v1/plans/mistral-7b-v0.1/cases0-49_r01/methods/rome/captures/rome-math-ablation.json,mistral-7b-v0.1,mistral,development,cases0-49_r01,rome,21,complete,5,True,M1,13,0.0026678871363401413,0.0002123480662703514,7,7,True,not_evaluated_uncalibrated,False
rome-math-n50-mistral-7b-v0.1-v1,analysis_out/rome-math-n50-mistral-7b-v0.1-v1/plans/mistral-7b-v0.1/cases0-49_r01/methods/rome/captures/rome-math-ablation.json,mistral-7b-v0.1,mistral,development,cases0-49_r01,rome,21,complete,5,True,M2,5,4.837059094321885,0.014880328441440938,7,7,True,not_evaluated_uncalibrated,False
rome-math-n50-mistral-7b-v0.1-v1,analysis_out/rome-math-n50-mistral-7b-v0.1-v1/plans/mistral-7b-v0.1/cases0-49_r01/methods/rome/captures/rome-math-ablation.json,mistral-7b-v0.1,mistral,development,cases0-49_r01,rome,21,complete,5,True,M3,7,6.864054203033447,1.912703037261963,7,7,True,not_evaluated_uncalibrated,False
rome-math-n50-mistral-7b-v0.1-v1,analysis_out/rome-math-n50-mistral-7b-v0.1-v1/plans/mistral-7b-v0.1/cases0-49_r01/methods/rome/captures/rome-math-ablation.json,mistral-7b-v0.1,mistral,development,cases0-49_r01,rome,21,complete,5,True,M0_raw,13,6.146779537200928,0.15617656707763672,7,7,True,not_evaluated_uncalibrated,False
rome-math-n50-mistral-7b-v0.1-v1,analysis_out/rome-math-n50-mistral-7b-v0.1-v1/plans/mistral-7b-v0.1/cases0-49_r01/methods/rome/captures/rome-math-ablation.json,mistral-7b-v0.1,mistral,development,cases0-49_r01,rome,21,complete,5,True,M1_raw,13,1.3874754905700684,0.1636519432067871,7,7,True,not_evaluated_uncalibrated,False
rome-math-n50-mistral-7b-v0.1-v1,analysis_out/rome-math-n50-mistral-7b-v0.1-v1/plans/mistral-7b-v0.1/cases0-49_r01/methods/rome/captures/rome-math-ablation.json,mistral-7b-v0.1,mistral,development,cases0-49_r01,rome,22,complete,5,True,M0,13,0.011829196475446224,8.168816566467285e-05,5,5,True,not_evaluated_uncalibrated,False
rome-math-n50-mistral-7b-v0.1-v1,analysis_out/rome-math-n50-mistral-7b-v0.1-v1/plans/mistral-7b-v0.1/cases0-49_r01/methods/rome/captures/rome-math-ablation.json,mistral-7b-v0.1,mistral,development,cases0-49_r01,rome,22,complete,5,True,M1,5,0.0027232125867158175,5.5325450375676155e-05,5,5,True,not_evaluated_uncalibrated,False
rome-math-n50-mistral-7b-v0.1-v1,analysis_out/rome-math-n50-mistral-7b-v0.1-v1/plans/mistral-7b-v0.1/cases0-49_r01/methods/rome/captures/rome-math-ablation.json,mistral-7b-v0.1,mistral,development,cases0-49_r01,rome,22,complete,5,True,M2,5,6.469204307659205,1.6470255417787607,5,5,True,not_evaluated_uncalibrated,False
rome-math-n50-mistral-7b-v0.1-v1,analysis_out/rome-math-n50-mistral-7b-v0.1-v1/plans/mistral-7b-v0.1/cases0-49_r01/methods/rome/captures/rome-math-ablation.json,mistral-7b-v0.1,mistral,development,cases0-49_r01,rome,22,complete,5,True,M3,5,7.967475891113281,1.103421688079834,5,5,True,not_evaluated_uncalibrated,False
rome-math-n50-mistral-7b-v0.1-v1,analysis_out/rome-math-n50-mistral-7b-v0.1-v1/plans/mistral-7b-v0.1/cases0-49_r01/methods/rome/captures/rome-math-ablation.json,mistral-7b-v0.1,mistral,development,cases0-49_r01,rome,22,complete,5,True,M0_raw,13,6.146779537200928,0.15617656707763672,5,5,True,not_evaluated_uncalibrated,False
rome-math-n50-mistral-7b-v0.1-v1,analysis_out/rome-math-n50-mistral-7b-v0.1-v1/plans/mistral-7b-v0.1/cases0-49_r01/methods/rome/captures/rome-math-ablation.json,mistral-7b-v0.1,mistral,development,cases0-49_r01,rome,22,complete,5,True,M1_raw,13,1.3874754905700684,0.06968832015991211,5,5,True,not_evaluated_uncalibrated,False
rome-math-n50-mistral-7b-v0.1-v1,analysis_out/rome-math-n50-mistral-7b-v0.1-v1/plans/mistral-7b-v0.1/cases0-49_r01/methods/rome/captures/rome-math-ablation.json,mistral-7b-v0.1,mistral,development,cases0-49_r01,rome,23,complete,5,True,M0,13,0.011829196475446224,8.168816566467285e-05,5,5,True,not_evaluated_uncalibrated,True
rome-math-n50-mistral-7b-v0.1-v1,analysis_out/rome-math-n50-mistral-7b-v0.1-v1/plans/mistral-7b-v0.1/cases0-49_r01/methods/rome/captures/rome-math-ablation.json,mistral-7b-v0.1,mistral,development,cases0-49_r01,rome,23,complete,5,True,M1,5,0.0026821729261428118,1.4285789802670479e-05,5,5,True,not_evaluated_uncalibrated,True
rome-math-n50-mistral-7b-v0.1-v1,analysis_out/rome-math-n50-mistral-7b-v0.1-v1/plans/mistral-7b-v0.1/cases0-49_r01/methods/rome/captures/rome-math-ablation.json,mistral-7b-v0.1,mistral,development,cases0-49_r01,rome,23,complete,5,True,M2,5,6.609124928113227,1.7869461622327822,5,5,True,not_evaluated_uncalibrated,True
rome-math-n50-mistral-7b-v0.1-v1,analysis_out/rome-math-n50-mistral-7b-v0.1-v1/plans/mistral-7b-v0.1/cases0-49_r01/methods/rome/captures/rome-math-ablation.json,mistral-7b-v0.1,mistral,development,cases0-49_r01,rome,23,complete,5,True,M3,5,8.955724716186523,2.091670513153076,5,5,True,not_evaluated_uncalibrated,True
rome-math-n50-mistral-7b-v0.1-v1,analysis_out/rome-math-n50-mistral-7b-v0.1-v1/plans/mistral-7b-v0.1/cases0-49_r01/methods/rome/captures/rome-math-ablation.json,mistral-7b-v0.1,mistral,development,cases0-49_r01,rome,23,complete,5,True,M0_raw,13,6.146779537200928,0.15617656707763672,5,5,True,not_evaluated_uncalibrated,True
rome-math-n50-mistral-7b-v0.1-v1,analysis_out/rome-math-n50-mistral-7b-v0.1-v1/plans/mistral-7b-v0.1/cases0-49_r01/methods/rome/captures/rome-math-ablation.json,mistral-7b-v0.1,mistral,development,cases0-49_r01,rome,23,complete,5,True,M1_raw,13,1.3874754905700684,0.08955919742584229,5,5,True,not_evaluated_uncalibrated,True
rome-math-n50-mistral-7b-v0.1-v1,analysis_out/rome-math-n50-mistral-7b-v0.1-v1/plans/mistral-7b-v0.1/cases0-49_r01/methods/rome/captures/rome-math-ablation.json,mistral-7b-v0.1,mistral,development,cases0-49_r01,rome,24,complete,5,True,M0,13,0.011829196475446224,8.168816566467285e-05,5,5,True,not_evaluated_uncalibrated,True
rome-math-n50-mistral-7b-v0.1-v1,analysis_out/rome-math-n50-mistral-7b-v0.1-v1/plans/mistral-7b-v0.1/cases0-49_r01/methods/rome/captures/rome-math-ablation.json,mistral-7b-v0.1,mistral,development,cases0-49_r01,rome,24,complete,5,True,M1,13,0.0026678871363401413,8.859671652317047e-06,5,5,True,not_evaluated_uncalibrated,True
rome-math-n50-mistral-7b-v0.1-v1,analysis_out/rome-math-n50-mistral-7b-v0.1-v1/plans/mistral-7b-v0.1/cases0-49_r01/methods/rome/captures/rome-math-ablation.json,mistral-7b-v0.1,mistral,development,cases0-49_r01,rome,24,complete,5,True,M2,5,6.593934067888333,1.7717553020078887,5,5,True,not_evaluated_uncalibrated,True
rome-math-n50-mistral-7b-v0.1-v1,analysis_out/rome-math-n50-mistral-7b-v0.1-v1/plans/mistral-7b-v0.1/cases0-49_r01/methods/rome/captures/rome-math-ablation.json,mistral-7b-v0.1,mistral,development,cases0-49_r01,rome,24,complete,5,True,M3,5,9.194769859313965,2.3307156562805176,5,5,True,not_evaluated_uncalibrated,True
rome-math-n50-mistral-7b-v0.1-v1,analysis_out/rome-math-n50-mistral-7b-v0.1-v1/plans/mistral-7b-v0.1/cases0-49_r01/methods/rome/captures/rome-math-ablation.json,mistral-7b-v0.1,mistral,development,cases0-49_r01,rome,24,complete,5,True,M0_raw,13,6.146779537200928,0.15617656707763672,5,5,True,not_evaluated_uncalibrated,True
rome-math-n50-mistral-7b-v0.1-v1,analysis_out/rome-math-n50-mistral-7b-v0.1-v1/plans/mistral-7b-v0.1/cases0-49_r01/methods/rome/captures/rome-math-ablation.json,mistral-7b-v0.1,mistral,development,cases0-49_r01,rome,24,complete,5,True,M1_raw,13,1.3874754905700684,0.10081219673156738,5,5,True,not_evaluated_uncalibrated,True
rome-math-n50-mistral-7b-v0.1-v1,analysis_out/rome-math-n50-mistral-7b-v0.1-v1/plans/mistral-7b-v0.1/cases0-49_r01/methods/rome/captures/rome-math-ablation.json,mistral-7b-v0.1,mistral,development,cases0-49_r01,rome,25,complete,5,True,M0,13,0.011829196475446224,8.168816566467285e-05,5,5,True,not_evaluated_uncalibrated,True
rome-math-n50-mistral-7b-v0.1-v1,analysis_out/rome-math-n50-mistral-7b-v0.1-v1/plans/mistral-7b-v0.1/cases0-49_r01/methods/rome/captures/rome-math-ablation.json,mistral-7b-v0.1,mistral,development,cases0-49_r01,rome,25,complete,5,True,M1,5,0.0027921979781240225,0.0001243108417838812,5,5,True,not_evaluated_uncalibrated,True
rome-math-n50-mistral-7b-v0.1-v1,analysis_out/rome-math-n50-mistral-7b-v0.1-v1/plans/mistral-7b-v0.1/cases0-49_r01/methods/rome/captures/rome-math-ablation.json,mistral-7b-v0.1,mistral,development,cases0-49_r01,rome,25,complete,5,True,M2,5,7.006536642716091,2.184357876835646,5,5,True,not_evaluated_uncalibrated,True
rome-math-n50-mistral-7b-v0.1-v1,analysis_out/rome-math-n50-mistral-7b-v0.1-v1/plans/mistral-7b-v0.1/cases0-49_r01/methods/rome/captures/rome-math-ablation.json,mistral-7b-v0.1,mistral,development,cases0-49_r01,rome,25,complete,5,True,M3,5,10.085334777832031,3.221280574798584,5,5,True,not_evaluated_uncalibrated,True
rome-math-n50-mistral-7b-v0.1-v1,analysis_out/rome-math-n50-mistral-7b-v0.1-v1/plans/mistral-7b-v0.1/cases0-49_r01/methods/rome/captures/rome-math-ablation.json,mistral-7b-v0.1,mistral,development,cases0-49_r01,rome,25,complete,5,True,M0_raw,13,6.146779537200928,0.15617656707763672,5,5,True,not_evaluated_uncalibrated,True
rome-math-n50-mistral-7b-v0.1-v1,analysis_out/rome-math-n50-mistral-7b-v0.1-v1/plans/mistral-7b-v0.1/cases0-49_r01/methods/rome/captures/rome-math-ablation.json,mistral-7b-v0.1,mistral,development,cases0-49_r01,rome,25,complete,5,True,M1_raw,13,1.3874754905700684,0.035909414291381836,5,5,True,not_evaluated_uncalibrated,True
rome-math-n50-mistral-7b-v0.1-v1,analysis_out/rome-math-n50-mistral-7b-v0.1-v1/plans/mistral-7b-v0.1/cases0-49_r01/methods/rome/captures/rome-math-ablation.json,mistral-7b-v0.1,mistral,development,cases0-49_r01,rome,26,complete,5,True,M0,13,0.011829196475446224,8.168816566467285e-05,5,5,True,not_evaluated_uncalibrated,True
rome-math-n50-mistral-7b-v0.1-v1,analysis_out/rome-math-n50-mistral-7b-v0.1-v1/plans/mistral-7b-v0.1/cases0-49_r01/methods/rome/captures/rome-math-ablation.json,mistral-7b-v0.1,mistral,development,cases0-49_r01,rome,26,complete,5,True,M1,5,0.002940219594165683,0.0002723324578255415,5,5,True,not_evaluated_uncalibrated,True
rome-math-n50-mistral-7b-v0.1-v1,analysis_out/rome-math-n50-mistral-7b-v0.1-v1/plans/mistral-7b-v0.1/cases0-49_r01/methods/rome/captures/rome-math-ablation.json,mistral-7b-v0.1,mistral,development,cases0-49_r01,rome,26,complete,5,True,M2,5,7.090145112616997,2.2679663467365527,5,5,True,not_evaluated_uncalibrated,True
rome-math-n50-mistral-7b-v0.1-v1,analysis_out/rome-math-n50-mistral-7b-v0.1-v1/plans/mistral-7b-v0.1/cases0-49_r01/methods/rome/captures/rome-math-ablation.json,mistral-7b-v0.1,mistral,development,cases0-49_r01,rome,26,complete,5,True,M3,5,9.937265396118164,3.073211193084717,5,5,True,not_evaluated_uncalibrated,True
rome-math-n50-mistral-7b-v0.1-v1,analysis_out/rome-math-n50-mistral-7b-v0.1-v1/plans/mistral-7b-v0.1/cases0-49_r01/methods/rome/captures/rome-math-ablation.json,mistral-7b-v0.1,mistral,development,cases0-49_r01,rome,26,complete,5,True,M0_raw,13,6.146779537200928,0.15617656707763672,5,5,True,not_evaluated_uncalibrated,True
rome-math-n50-mistral-7b-v0.1-v1,analysis_out/rome-math-n50-mistral-7b-v0.1-v1/plans/mistral-7b-v0.1/cases0-49_r01/methods/rome/captures/rome-math-ablation.json,mistral-7b-v0.1,mistral,development,cases0-49_r01,rome,26,complete,5,True,M1_raw,5,1.423540472984314,0.036064982414245605,5,5,True,not_evaluated_uncalibrated,True
rome-math-n50-mistral-7b-v0.1-v1,analysis_out/rome-math-n50-mistral-7b-v0.1-v1/plans/mistral-7b-v0.1/cases0-49_r01/methods/rome/captures/rome-math-ablation.json,mistral-7b-v0.1,mistral,development,cases0-49_r01,rome,27,complete,5,True,M0,13,0.011829196475446224,8.168816566467285e-05,5,5,True,not_evaluated_uncalibrated,True
rome-math-n50-mistral-7b-v0.1-v1,analysis_out/rome-math-n50-mistral-7b-v0.1-v1/plans/mistral-7b-v0.1/cases0-49_r01/methods/rome/captures/rome-math-ablation.json,mistral-7b-v0.1,mistral,development,cases0-49_r01,rome,27,complete,5,True,M1,5,0.0028683266136795282,0.00020043947733938694,5,5,True,not_evaluated_uncalibrated,True
rome-math-n50-mistral-7b-v0.1-v1,analysis_out/rome-math-n50-mistral-7b-v0.1-v1/plans/mistral-7b-v0.1/cases0-49_r01/methods/rome/captures/rome-math-ablation.json,mistral-7b-v0.1,mistral,development,cases0-49_r01,rome,27,complete,5,True,M2,5,6.816123918932648,1.9939451530522039,5,5,True,not_evaluated_uncalibrated,True
rome-math-n50-mistral-7b-v0.1-v1,analysis_out/rome-math-n50-mistral-7b-v0.1-v1/plans/mistral-7b-v0.1/cases0-49_r01/methods/rome/captures/rome-math-ablation.json,mistral-7b-v0.1,mistral,development,cases0-49_r01,rome,27,complete,5,True,M3,5,9.132275581359863,2.268221378326416,5,5,True,not_evaluated_uncalibrated,True
rome-math-n50-mistral-7b-v0.1-v1,analysis_out/rome-math-n50-mistral-7b-v0.1-v1/plans/mistral-7b-v0.1/cases0-49_r01/methods/rome/captures/rome-math-ablation.json,mistral-7b-v0.1,mistral,development,cases0-49_r01,rome,27,complete,5,True,M0_raw,13,6.146779537200928,0.15617656707763672,5,5,True,not_evaluated_uncalibrated,True
rome-math-n50-mistral-7b-v0.1-v1,analysis_out/rome-math-n50-mistral-7b-v0.1-v1/plans/mistral-7b-v0.1/cases0-49_r01/methods/rome/captures/rome-math-ablation.json,mistral-7b-v0.1,mistral,development,cases0-49_r01,rome,27,complete,5,True,M1_raw,5,1.3884233236312866,0.0009478330612182617,5,5,True,not_evaluated_uncalibrated,True
rome-math-n50-mistral-7b-v0.1-v1,analysis_out/rome-math-n50-mistral-7b-v0.1-v1/plans/mistral-7b-v0.1/cases0-49_r01/methods/rome/captures/rome-math-ablation.json,mistral-7b-v0.1,mistral,development,cases0-49_r01,rome,28,complete,5,True,M0,13,0.011829196475446224,8.168816566467285e-05,5,5,True,not_evaluated_uncalibrated,True
rome-math-n50-mistral-7b-v0.1-v1,analysis_out/rome-math-n50-mistral-7b-v0.1-v1/plans/mistral-7b-v0.1/cases0-49_r01/methods/rome/captures/rome-math-ablation.json,mistral-7b-v0.1,mistral,development,cases0-49_r01,rome,28,complete,5,True,M1,5,0.0028453900013118982,0.00017750286497175694,5,5,True,not_evaluated_uncalibrated,True
rome-math-n50-mistral-7b-v0.1-v1,analysis_out/rome-math-n50-mistral-7b-v0.1-v1/plans/mistral-7b-v0.1/cases0-49_r01/methods/rome/captures/rome-math-ablation.json,mistral-7b-v0.1,mistral,development,cases0-49_r01,rome,28,complete,5,True,M2,5,6.942711753864893,2.120532987984449,5,5,True,not_evaluated_uncalibrated,True
rome-math-n50-mistral-7b-v0.1-v1,analysis_out/rome-math-n50-mistral-7b-v0.1-v1/plans/mistral-7b-v0.1/cases0-49_r01/methods/rome/captures/rome-math-ablation.json,mistral-7b-v0.1,mistral,development,cases0-49_r01,rome,28,complete,5,True,M3,5,9.617335319519043,2.7532811164855957,5,5,True,not_evaluated_uncalibrated,True
rome-math-n50-mistral-7b-v0.1-v1,analysis_out/rome-math-n50-mistral-7b-v0.1-v1/plans/mistral-7b-v0.1/cases0-49_r01/methods/rome/captures/rome-math-ablation.json,mistral-7b-v0.1,mistral,development,cases0-49_r01,rome,28,complete,5,True,M0_raw,13,6.146779537200928,0.15617656707763672,5,5,True,not_evaluated_uncalibrated,True
rome-math-n50-mistral-7b-v0.1-v1,analysis_out/rome-math-n50-mistral-7b-v0.1-v1/plans/mistral-7b-v0.1/cases0-49_r01/methods/rome/captures/rome-math-ablation.json,mistral-7b-v0.1,mistral,development,cases0-49_r01,rome,28,complete,5,True,M1_raw,13,1.3874754905700684,0.01010596752166748,5,5,True,not_evaluated_uncalibrated,True
rome-math-n50-mistral-7b-v0.1-v1,analysis_out/rome-math-n50-mistral-7b-v0.1-v1/plans/mistral-7b-v0.1/cases0-49_r01/methods/rome/captures/rome-math-ablation.json,mistral-7b-v0.1,mistral,development,cases0-49_r01,rome,29,complete,5,True,M0,13,0.011829196475446224,8.168816566467285e-05,5,5,True,not_evaluated_uncalibrated,True
rome-math-n50-mistral-7b-v0.1-v1,analysis_out/rome-math-n50-mistral-7b-v0.1-v1/plans/mistral-7b-v0.1/cases0-49_r01/methods/rome/captures/rome-math-ablation.json,mistral-7b-v0.1,mistral,development,cases0-49_r01,rome,29,complete,5,True,M1,5,0.0030110161751508713,0.00034312903881073,5,5,True,not_evaluated_uncalibrated,True
rome-math-n50-mistral-7b-v0.1-v1,analysis_out/rome-math-n50-mistral-7b-v0.1-v1/plans/mistral-7b-v0.1/cases0-49_r01/methods/rome/captures/rome-math-ablation.json,mistral-7b-v0.1,mistral,development,cases0-49_r01,rome,29,complete,5,True,M2,5,7.418143061733717,2.595964295853273,5,5,True,not_evaluated_uncalibrated,True
rome-math-n50-mistral-7b-v0.1-v1,analysis_out/rome-math-n50-mistral-7b-v0.1-v1/plans/mistral-7b-v0.1/cases0-49_r01/methods/rome/captures/rome-math-ablation.json,mistral-7b-v0.1,mistral,development,cases0-49_r01,rome,29,complete,5,True,M3,5,10.32469654083252,3.4606423377990723,5,5,True,not_evaluated_uncalibrated,True
rome-math-n50-mistral-7b-v0.1-v1,analysis_out/rome-math-n50-mistral-7b-v0.1-v1/plans/mistral-7b-v0.1/cases0-49_r01/methods/rome/captures/rome-math-ablation.json,mistral-7b-v0.1,mistral,development,cases0-49_r01,rome,29,complete,5,True,M0_raw,13,6.146779537200928,0.15617656707763672,5,5,True,not_evaluated_uncalibrated,True
rome-math-n50-mistral-7b-v0.1-v1,analysis_out/rome-math-n50-mistral-7b-v0.1-v1/plans/mistral-7b-v0.1/cases0-49_r01/methods/rome/captures/rome-math-ablation.json,mistral-7b-v0.1,mistral,development,cases0-49_r01,rome,29,complete,5,True,M1_raw,5,1.458200454711914,0.0707249641418457,5,5,True,not_evaluated_uncalibrated,True
rome-math-n50-mistral-7b-v0.1-v1,analysis_out/rome-math-n50-mistral-7b-v0.1-v1/plans/mistral-7b-v0.1/cases0-49_r01/methods/rome/captures/rome-math-ablation.json,mistral-7b-v0.1,mistral,development,cases0-49_r01,rome,30,complete,5,True,M0,13,0.011829196475446224,8.168816566467285e-05,5,5,True,not_evaluated_uncalibrated,True
rome-math-n50-mistral-7b-v0.1-v1,analysis_out/rome-math-n50-mistral-7b-v0.1-v1/plans/mistral-7b-v0.1/cases0-49_r01/methods/rome/captures/rome-math-ablation.json,mistral-7b-v0.1,mistral,development,cases0-49_r01,rome,30,complete,5,True,M1,13,0.0026678871363401413,5.3155235946178436e-05,5,5,True,not_evaluated_uncalibrated,True
rome-math-n50-mistral-7b-v0.1-v1,analysis_out/rome-math-n50-mistral-7b-v0.1-v1/plans/mistral-7b-v0.1/cases0-49_r01/methods/rome/captures/rome-math-ablation.json,mistral-7b-v0.1,mistral,development,cases0-49_r01,rome,30,complete,5,True,M2,5,6.461372112483894,1.6391933466034496,5,5,True,not_evaluated_uncalibrated,True
rome-math-n50-mistral-7b-v0.1-v1,analysis_out/rome-math-n50-mistral-7b-v0.1-v1/plans/mistral-7b-v0.1/cases0-49_r01/methods/rome/captures/rome-math-ablation.json,mistral-7b-v0.1,mistral,development,cases0-49_r01,rome,30,complete,5,True,M3,5,8.898209571838379,2.0341553688049316,5,5,True,not_evaluated_uncalibrated,True
rome-math-n50-mistral-7b-v0.1-v1,analysis_out/rome-math-n50-mistral-7b-v0.1-v1/plans/mistral-7b-v0.1/cases0-49_r01/methods/rome/captures/rome-math-ablation.json,mistral-7b-v0.1,mistral,development,cases0-49_r01,rome,30,complete,5,True,M0_raw,13,6.146779537200928,0.15617656707763672,5,5,True,not_evaluated_uncalibrated,True
rome-math-n50-mistral-7b-v0.1-v1,analysis_out/rome-math-n50-mistral-7b-v0.1-v1/plans/mistral-7b-v0.1/cases0-49_r01/methods/rome/captures/rome-math-ablation.json,mistral-7b-v0.1,mistral,development,cases0-49_r01,rome,30,complete,5,True,M1_raw,13,1.3874754905700684,0.12244296073913574,5,5,True,not_evaluated_uncalibrated,True
rome-math-n50-mistral-7b-v0.1-v1,analysis_out/rome-math-n50-mistral-7b-v0.1-v1/plans/mistral-7b-v0.1/cases0-49_r01/methods/rome/captures/rome-math-ablation.json,mistral-7b-v0.1,mistral,development,cases0-49_r01,rome,31,complete,5,True,M0,13,0.011829196475446224,8.168816566467285e-05,5,5,True,not_evaluated_uncalibrated,True
rome-math-n50-mistral-7b-v0.1-v1,analysis_out/rome-math-n50-mistral-7b-v0.1-v1/plans/mistral-7b-v0.1/cases0-49_r01/methods/rome/captures/rome-math-ablation.json,mistral-7b-v0.1,mistral,development,cases0-49_r01,rome,31,complete,5,True,M1,5,0.0031495399307459593,0.000481652794405818,5,5,True,not_evaluated_uncalibrated,True
rome-math-n50-mistral-7b-v0.1-v1,analysis_out/rome-math-n50-mistral-7b-v0.1-v1/plans/mistral-7b-v0.1/cases0-49_r01/methods/rome/captures/rome-math-ablation.json,mistral-7b-v0.1,mistral,development,cases0-49_r01,rome,31,complete,5,True,M2,5,7.23187890226704,2.4097001363865953,5,5,True,not_evaluated_uncalibrated,True
rome-math-n50-mistral-7b-v0.1-v1,analysis_out/rome-math-n50-mistral-7b-v0.1-v1/plans/mistral-7b-v0.1/cases0-49_r01/methods/rome/captures/rome-math-ablation.json,mistral-7b-v0.1,mistral,development,cases0-49_r01,rome,31,complete,5,True,M3,5,9.475170135498047,2.6111159324645996,5,5,True,not_evaluated_uncalibrated,True
rome-math-n50-mistral-7b-v0.1-v1,analysis_out/rome-math-n50-mistral-7b-v0.1-v1/plans/mistral-7b-v0.1/cases0-49_r01/methods/rome/captures/rome-math-ablation.json,mistral-7b-v0.1,mistral,development,cases0-49_r01,rome,31,complete,5,True,M0_raw,13,6.146779537200928,0.15617656707763672,5,5,True,not_evaluated_uncalibrated,True
rome-math-n50-mistral-7b-v0.1-v1,analysis_out/rome-math-n50-mistral-7b-v0.1-v1/plans/mistral-7b-v0.1/cases0-49_r01/methods/rome/captures/rome-math-ablation.json,mistral-7b-v0.1,mistral,development,cases0-49_r01,rome,31,complete,5,True,M1_raw,5,1.5256571769714355,0.1381816864013672,5,5,True,not_evaluated_uncalibrated,True
rome-math-n50-mistral-7b-v0.1-v1,analysis_out/rome-math-n50-mistral-7b-v0.1-v1/plans/mistral-7b-v0.1/cases0-49_r01/methods/rome/captures/rome-math-ablation.json,mistral-7b-v0.1,mistral,development,cases0-49_r01,rome,32,complete,5,True,M0,13,0.011829196475446224,8.168816566467285e-05,5,5,True,not_evaluated_uncalibrated,True
rome-math-n50-mistral-7b-v0.1-v1,analysis_out/rome-math-n50-mistral-7b-v0.1-v1/plans/mistral-7b-v0.1/cases0-49_r01/methods/rome/captures/rome-math-ablation.json,mistral-7b-v0.1,mistral,development,cases0-49_r01,rome,32,complete,5,True,M1,5,0.002809481229633093,0.00014159409329295158,5,5,True,not_evaluated_uncalibrated,True
rome-math-n50-mistral-7b-v0.1-v1,analysis_out/rome-math-n50-mistral-7b-v0.1-v1/plans/mistral-7b-v0.1/cases0-49_r01/methods/rome/captures/rome-math-ablation.json,mistral-7b-v0.1,mistral,development,cases0-49_r01,rome,32,complete,5,True,M2,5,6.943174200379203,2.1209954344987585,5,5,True,not_evaluated_uncalibrated,True
rome-math-n50-mistral-7b-v0.1-v1,analysis_out/rome-math-n50-mistral-7b-v0.1-v1/plans/mistral-7b-v0.1/cases0-49_r01/methods/rome/captures/rome-math-ablation.json,mistral-7b-v0.1,mistral,development,cases0-49_r01,rome,32,complete,5,True,M3,5,10.105857849121094,3.2418036460876465,5,5,True,not_evaluated_uncalibrated,True
rome-math-n50-mistral-7b-v0.1-v1,analysis_out/rome-math-n50-mistral-7b-v0.1-v1/plans/mistral-7b-v0.1/cases0-49_r01/methods/rome/captures/rome-math-ablation.json,mistral-7b-v0.1,mistral,development,cases0-49_r01,rome,32,complete,5,True,M0_raw,13,6.146779537200928,0.15617656707763672,5,5,True,not_evaluated_uncalibrated,True
rome-math-n50-mistral-7b-v0.1-v1,analysis_out/rome-math-n50-mistral-7b-v0.1-v1/plans/mistral-7b-v0.1/cases0-49_r01/methods/rome/captures/rome-math-ablation.json,mistral-7b-v0.1,mistral,development,cases0-49_r01,rome,32,complete,5,True,M1_raw,13,1.3874754905700684,0.02752101421356201,5,5,True,not_evaluated_uncalibrated,True
rome-math-n50-mistral-7b-v0.1-v1,analysis_out/rome-math-n50-mistral-7b-v0.1-v1/plans/mistral-7b-v0.1/cases0-49_r01/methods/rome/captures/rome-math-ablation.json,mistral-7b-v0.1,mistral,development,cases0-49_r01,rome,33,complete,5,True,M0,13,0.011829196475446224,8.168816566467285e-05,5,5,True,not_evaluated_uncalibrated,True
rome-math-n50-mistral-7b-v0.1-v1,analysis_out/rome-math-n50-mistral-7b-v0.1-v1/plans/mistral-7b-v0.1/cases0-49_r01/methods/rome/captures/rome-math-ablation.json,mistral-7b-v0.1,mistral,development,cases0-49_r01,rome,33,complete,5,True,M1,5,0.0027486744802445173,8.078734390437603e-05,5,5,True,not_evaluated_uncalibrated,True
rome-math-n50-mistral-7b-v0.1-v1,analysis_out/rome-math-n50-mistral-7b-v0.1-v1/plans/mistral-7b-v0.1/cases0-49_r01/methods/rome/captures/rome-math-ablation.json,mistral-7b-v0.1,mistral,development,cases0-49_r01,rome,33,complete,5,True,M2,5,6.729767870473326,1.9075891045928817,5,5,True,not_evaluated_uncalibrated,True
rome-math-n50-mistral-7b-v0.1-v1,analysis_out/rome-math-n50-mistral-7b-v0.1-v1/plans/mistral-7b-v0.1/cases0-49_r01/methods/rome/captures/rome-math-ablation.json,mistral-7b-v0.1,mistral,development,cases0-49_r01,rome,33,complete,5,True,M3,5,9.420174598693848,2.5561203956604004,5,5,True,not_evaluated_uncalibrated,True
rome-math-n50-mistral-7b-v0.1-v1,analysis_out/rome-math-n50-mistral-7b-v0.1-v1/plans/mistral-7b-v0.1/cases0-49_r01/methods/rome/captures/rome-math-ablation.json,mistral-7b-v0.1,mistral,development,cases0-49_r01,rome,33,complete,5,True,M0_raw,13,6.146779537200928,0.15617656707763672,5,5,True,not_evaluated_uncalibrated,True
rome-math-n50-mistral-7b-v0.1-v1,analysis_out/rome-math-n50-mistral-7b-v0.1-v1/plans/mistral-7b-v0.1/cases0-49_r01/methods/rome/captures/rome-math-ablation.json,mistral-7b-v0.1,mistral,development,cases0-49_r01,rome,33,complete,5,True,M1_raw,13,1.3874754905700684,0.057184815406799316,5,5,True,not_evaluated_uncalibrated,True
rome-math-n50-mistral-7b-v0.1-v1,analysis_out/rome-math-n50-mistral-7b-v0.1-v1/plans/mistral-7b-v0.1/cases0-49_r01/methods/rome/captures/rome-math-ablation.json,mistral-7b-v0.1,mistral,development,cases0-49_r01,rome,34,complete,5,True,M0,13,0.011829196475446224,8.168816566467285e-05,5,5,True,not_evaluated_uncalibrated,True
rome-math-n50-mistral-7b-v0.1-v1,analysis_out/rome-math-n50-mistral-7b-v0.1-v1/plans/mistral-7b-v0.1/cases0-49_r01/methods/rome/captures/rome-math-ablation.json,mistral-7b-v0.1,mistral,development,cases0-49_r01,rome,34,complete,5,True,M1,5,0.0030423270072788,0.0003744398709386587,5,5,True,not_evaluated_uncalibrated,True
rome-math-n50-mistral-7b-v0.1-v1,analysis_out/rome-math-n50-mistral-7b-v0.1-v1/plans/mistral-7b-v0.1/cases0-49_r01/methods/rome/captures/rome-math-ablation.json,mistral-7b-v0.1,mistral,development,cases0-49_r01,rome,34,complete,5,True,M2,5,7.391472153709377,2.5692933878289326,5,5,True,not_evaluated_uncalibrated,True
rome-math-n50-mistral-7b-v0.1-v1,analysis_out/rome-math-n50-mistral-7b-v0.1-v1/plans/mistral-7b-v0.1/cases0-49_r01/methods/rome/captures/rome-math-ablation.json,mistral-7b-v0.1,mistral,development,cases0-49_r01,rome,34,complete,5,True,M3,5,10.258313179016113,3.394258975982666,5,5,True,not_evaluated_uncalibrated,True
rome-math-n50-mistral-7b-v0.1-v1,analysis_out/rome-math-n50-mistral-7b-v0.1-v1/plans/mistral-7b-v0.1/cases0-49_r01/methods/rome/captures/rome-math-ablation.json,mistral-7b-v0.1,mistral,development,cases0-49_r01,rome,34,complete,5,True,M0_raw,13,6.146779537200928,0.15617656707763672,5,5,True,not_evaluated_uncalibrated,True
rome-math-n50-mistral-7b-v0.1-v1,analysis_out/rome-math-n50-mistral-7b-v0.1-v1/plans/mistral-7b-v0.1/cases0-49_r01/methods/rome/captures/rome-math-ablation.json,mistral-7b-v0.1,mistral,development,cases0-49_r01,rome,34,complete,5,True,M1_raw,5,1.4733467102050781,0.08587121963500977,5,5,True,not_evaluated_uncalibrated,True
rome-math-n50-mistral-7b-v0.1-v1,analysis_out/rome-math-n50-mistral-7b-v0.1-v1/plans/mistral-7b-v0.1/cases0-49_r01/methods/rome/captures/rome-math-ablation.json,mistral-7b-v0.1,mistral,development,cases0-49_r01,rome,35,complete,5,True,M0,13,0.011829196475446224,8.168816566467285e-05,5,5,True,not_evaluated_uncalibrated,True
rome-math-n50-mistral-7b-v0.1-v1,analysis_out/rome-math-n50-mistral-7b-v0.1-v1/plans/mistral-7b-v0.1/cases0-49_r01/methods/rome/captures/rome-math-ablation.json,mistral-7b-v0.1,mistral,development,cases0-49_r01,rome,35,complete,5,True,M1,13,0.0026678871363401413,0.00018631946295499802,5,5,True,not_evaluated_uncalibrated,True
rome-math-n50-mistral-7b-v0.1-v1,analysis_out/rome-math-n50-mistral-7b-v0.1-v1/plans/mistral-7b-v0.1/cases0-49_r01/methods/rome/captures/rome-math-ablation.json,mistral-7b-v0.1,mistral,development,cases0-49_r01,rome,35,complete,5,True,M2,5,6.0367473268160925,1.214568560935648,5,5,True,not_evaluated_uncalibrated,True
rome-math-n50-mistral-7b-v0.1-v1,analysis_out/rome-math-n50-mistral-7b-v0.1-v1/plans/mistral-7b-v0.1/cases0-49_r01/methods/rome/captures/rome-math-ablation.json,mistral-7b-v0.1,mistral,development,cases0-49_r01,rome,35,complete,5,True,M3,5,8.577739715576172,1.7136855125427246,5,5,True,not_evaluated_uncalibrated,True
rome-math-n50-mistral-7b-v0.1-v1,analysis_out/rome-math-n50-mistral-7b-v0.1-v1/plans/mistral-7b-v0.1/cases0-49_r01/methods/rome/captures/rome-math-ablation.json,mistral-7b-v0.1,mistral,development,cases0-49_r01,rome,35,complete,5,True,M0_raw,13,6.146779537200928,0.15617656707763672,5,5,True,not_evaluated_uncalibrated,True
rome-math-n50-mistral-7b-v0.1-v1,analysis_out/rome-math-n50-mistral-7b-v0.1-v1/plans/mistral-7b-v0.1/cases0-49_r01/methods/rome/captures/rome-math-ablation.json,mistral-7b-v0.1,mistral,development,cases0-49_r01,rome,35,complete,5,True,M1_raw,13,1.3874754905700684,0.1636519432067871,5,5,True,not_evaluated_uncalibrated,True
rome-math-n50-mistral-7b-v0.1-v1,analysis_out/rome-math-n50-mistral-7b-v0.1-v1/plans/mistral-7b-v0.1/cases0-49_r01/methods/rome/captures/rome-math-ablation.json,mistral-7b-v0.1,mistral,development,cases0-49_r01,rome,36,complete,5,True,M0,13,0.011829196475446224,8.168816566467285e-05,5,5,True,not_evaluated_uncalibrated,True
rome-math-n50-mistral-7b-v0.1-v1,analysis_out/rome-math-n50-mistral-7b-v0.1-v1/plans/mistral-7b-v0.1/cases0-49_r01/methods/rome/captures/rome-math-ablation.json,mistral-7b-v0.1,mistral,development,cases0-49_r01,rome,36,complete,5,True,M1,5,0.0027035046368837357,3.561750054359436e-05,5,5,True,not_evaluated_uncalibrated,True
rome-math-n50-mistral-7b-v0.1-v1,analysis_out/rome-math-n50-mistral-7b-v0.1-v1/plans/mistral-7b-v0.1/cases0-49_r01/methods/rome/captures/rome-math-ablation.json,mistral-7b-v0.1,mistral,development,cases0-49_r01,rome,36,complete,5,True,M2,5,6.776387338171692,1.9542085722912477,5,5,True,not_evaluated_uncalibrated,True
rome-math-n50-mistral-7b-v0.1-v1,analysis_out/rome-math-n50-mistral-7b-v0.1-v1/plans/mistral-7b-v0.1/cases0-49_r01/methods/rome/captures/rome-math-ablation.json,mistral-7b-v0.1,mistral,development,cases0-49_r01,rome,36,complete,5,True,M3,5,9.72340202331543,2.8593478202819824,5,5,True,not_evaluated_uncalibrated,True
rome-math-n50-mistral-7b-v0.1-v1,analysis_out/rome-math-n50-mistral-7b-v0.1-v1/plans/mistral-7b-v0.1/cases0-49_r01/methods/rome/captures/rome-math-ablation.json,mistral-7b-v0.1,mistral,development,cases0-49_r01,rome,36,complete,5,True,M0_raw,13,6.146779537200928,0.15617656707763672,5,5,True,not_evaluated_uncalibrated,True
rome-math-n50-mistral-7b-v0.1-v1,analysis_out/rome-math-n50-mistral-7b-v0.1-v1/plans/mistral-7b-v0.1/cases0-49_r01/methods/rome/captures/rome-math-ablation.json,mistral-7b-v0.1,mistral,development,cases0-49_r01,rome,36,complete,5,True,M1_raw,13,1.3874754905700684,0.07905280590057373,5,5,True,not_evaluated_uncalibrated,True
rome-math-n50-mistral-7b-v0.1-v1,analysis_out/rome-math-n50-mistral-7b-v0.1-v1/plans/mistral-7b-v0.1/cases0-49_r01/methods/rome/captures/rome-math-ablation.json,mistral-7b-v0.1,mistral,development,cases0-49_r01,rome,38,complete,5,True,M0,13,0.011829196475446224,8.168816566467285e-05,7,7,True,not_evaluated_uncalibrated,False
rome-math-n50-mistral-7b-v0.1-v1,analysis_out/rome-math-n50-mistral-7b-v0.1-v1/plans/mistral-7b-v0.1/cases0-49_r01/methods/rome/captures/rome-math-ablation.json,mistral-7b-v0.1,mistral,development,cases0-49_r01,rome,38,complete,5,True,M1,13,0.0026678871363401413,0.00021237879991531372,7,7,True,not_evaluated_uncalibrated,False
rome-math-n50-mistral-7b-v0.1-v1,analysis_out/rome-math-n50-mistral-7b-v0.1-v1/plans/mistral-7b-v0.1/cases0-49_r01/methods/rome/captures/rome-math-ablation.json,mistral-7b-v0.1,mistral,development,cases0-49_r01,rome,38,complete,5,True,M2,5,5.685643385470143,0.8634646195896982,7,7,True,not_evaluated_uncalibrated,False
rome-math-n50-mistral-7b-v0.1-v1,analysis_out/rome-math-n50-mistral-7b-v0.1-v1/plans/mistral-7b-v0.1/cases0-49_r01/methods/rome/captures/rome-math-ablation.json,mistral-7b-v0.1,mistral,development,cases0-49_r01,rome,38,complete,5,True,M3,7,6.864054203033447,0.37679243087768555,7,7,True,not_evaluated_uncalibrated,False
rome-math-n50-mistral-7b-v0.1-v1,analysis_out/rome-math-n50-mistral-7b-v0.1-v1/plans/mistral-7b-v0.1/cases0-49_r01/methods/rome/captures/rome-math-ablation.json,mistral-7b-v0.1,mistral,development,cases0-49_r01,rome,38,complete,5,True,M0_raw,13,6.146779537200928,0.15617656707763672,7,7,True,not_evaluated_uncalibrated,False
rome-math-n50-mistral-7b-v0.1-v1,analysis_out/rome-math-n50-mistral-7b-v0.1-v1/plans/mistral-7b-v0.1/cases0-49_r01/methods/rome/captures/rome-math-ablation.json,mistral-7b-v0.1,mistral,development,cases0-49_r01,rome,38,complete,5,True,M1_raw,13,1.3874754905700684,0.1636519432067871,7,7,True,not_evaluated_uncalibrated,False
rome-math-n50-mistral-7b-v0.1-v1,analysis_out/rome-math-n50-mistral-7b-v0.1-v1/plans/mistral-7b-v0.1/cases0-49_r01/methods/rome/captures/rome-math-ablation.json,mistral-7b-v0.1,mistral,development,cases0-49_r01,rome,39,complete,5,True,M0,13,0.011829196475446224,8.168816566467285e-05,5,5,True,not_evaluated_uncalibrated,True
rome-math-n50-mistral-7b-v0.1-v1,analysis_out/rome-math-n50-mistral-7b-v0.1-v1/plans/mistral-7b-v0.1/cases0-49_r01/methods/rome/captures/rome-math-ablation.json,mistral-7b-v0.1,mistral,development,cases0-49_r01,rome,39,complete,5,True,M1,5,0.002753055654466152,8.51685181260109e-05,5,5,True,not_evaluated_uncalibrated,True
rome-math-n50-mistral-7b-v0.1-v1,analysis_out/rome-math-n50-mistral-7b-v0.1-v1/plans/mistral-7b-v0.1/cases0-49_r01/methods/rome/captures/rome-math-ablation.json,mistral-7b-v0.1,mistral,development,cases0-49_r01,rome,39,complete,5,True,M2,5,6.551989467233054,1.7298107013526094,5,5,True,not_evaluated_uncalibrated,True
rome-math-n50-mistral-7b-v0.1-v1,analysis_out/rome-math-n50-mistral-7b-v0.1-v1/plans/mistral-7b-v0.1/cases0-49_r01/methods/rome/captures/rome-math-ablation.json,mistral-7b-v0.1,mistral,development,cases0-49_r01,rome,39,complete,5,True,M3,5,8.544462203979492,1.680408000946045,5,5,True,not_evaluated_uncalibrated,True
rome-math-n50-mistral-7b-v0.1-v1,analysis_out/rome-math-n50-mistral-7b-v0.1-v1/plans/mistral-7b-v0.1/cases0-49_r01/methods/rome/captures/rome-math-ablation.json,mistral-7b-v0.1,mistral,development,cases0-49_r01,rome,39,complete,5,True,M0_raw,13,6.146779537200928,0.15617656707763672,5,5,True,not_evaluated_uncalibrated,True
rome-math-n50-mistral-7b-v0.1-v1,analysis_out/rome-math-n50-mistral-7b-v0.1-v1/plans/mistral-7b-v0.1/cases0-49_r01/methods/rome/captures/rome-math-ablation.json,mistral-7b-v0.1,mistral,development,cases0-49_r01,rome,39,complete,5,True,M1_raw,13,1.3874754905700684,0.05520987510681152,5,5,True,not_evaluated_uncalibrated,True
rome-math-n50-mistral-7b-v0.1-v1,analysis_out/rome-math-n50-mistral-7b-v0.1-v1/plans/mistral-7b-v0.1/cases0-49_r01/methods/rome/captures/rome-math-ablation.json,mistral-7b-v0.1,mistral,development,cases0-49_r01,rome,40,complete,5,True,M0,13,0.011829196475446224,8.168816566467285e-05,5,5,True,not_evaluated_uncalibrated,True
rome-math-n50-mistral-7b-v0.1-v1,analysis_out/rome-math-n50-mistral-7b-v0.1-v1/plans/mistral-7b-v0.1/cases0-49_r01/methods/rome/captures/rome-math-ablation.json,mistral-7b-v0.1,mistral,development,cases0-49_r01,rome,40,complete,5,True,M1,5,0.0030158672016113997,0.00034798006527125835,5,5,True,not_evaluated_uncalibrated,True
rome-math-n50-mistral-7b-v0.1-v1,analysis_out/rome-math-n50-mistral-7b-v0.1-v1/plans/mistral-7b-v0.1/cases0-49_r01/methods/rome/captures/rome-math-ablation.json,mistral-7b-v0.1,mistral,development,cases0-49_r01,rome,40,complete,5,True,M2,5,7.52935007953506,2.707171313654616,5,5,True,not_evaluated_uncalibrated,True
rome-math-n50-mistral-7b-v0.1-v1,analysis_out/rome-math-n50-mistral-7b-v0.1-v1/plans/mistral-7b-v0.1/cases0-49_r01/methods/rome/captures/rome-math-ablation.json,mistral-7b-v0.1,mistral,development,cases0-49_r01,rome,40,complete,5,True,M3,5,10.232377052307129,3.3683228492736816,5,5,True,not_evaluated_uncalibrated,True
rome-math-n50-mistral-7b-v0.1-v1,analysis_out/rome-math-n50-mistral-7b-v0.1-v1/plans/mistral-7b-v0.1/cases0-49_r01/methods/rome/captures/rome-math-ablation.json,mistral-7b-v0.1,mistral,development,cases0-49_r01,rome,40,complete,5,True,M0_raw,13,6.146779537200928,0.15617656707763672,5,5,True,not_evaluated_uncalibrated,True
rome-math-n50-mistral-7b-v0.1-v1,analysis_out/rome-math-n50-mistral-7b-v0.1-v1/plans/mistral-7b-v0.1/cases0-49_r01/methods/rome/captures/rome-math-ablation.json,mistral-7b-v0.1,mistral,development,cases0-49_r01,rome,40,complete,5,True,M1_raw,5,1.4606019258499146,0.07312643527984619,5,5,True,not_evaluated_uncalibrated,True
rome-math-n50-mistral-7b-v0.1-v1,analysis_out/rome-math-n50-mistral-7b-v0.1-v1/plans/mistral-7b-v0.1/cases0-49_r01/methods/rome/captures/rome-math-ablation.json,mistral-7b-v0.1,mistral,development,cases0-49_r01,rome,41,complete,5,True,M0,13,0.011829196475446224,8.168816566467285e-05,5,5,True,not_evaluated_uncalibrated,True
rome-math-n50-mistral-7b-v0.1-v1,analysis_out/rome-math-n50-mistral-7b-v0.1-v1/plans/mistral-7b-v0.1/cases0-49_r01/methods/rome/captures/rome-math-ablation.json,mistral-7b-v0.1,mistral,development,cases0-49_r01,rome,41,complete,5,True,M1,5,0.0027072324883192778,3.934535197913647e-05,5,5,True,not_evaluated_uncalibrated,True
rome-math-n50-mistral-7b-v0.1-v1,analysis_out/rome-math-n50-mistral-7b-v0.1-v1/plans/mistral-7b-v0.1/cases0-49_r01/methods/rome/captures/rome-math-ablation.json,mistral-7b-v0.1,mistral,development,cases0-49_r01,rome,41,complete,5,True,M2,5,6.742894829802052,1.9207160639216072,5,5,True,not_evaluated_uncalibrated,True
rome-math-n50-mistral-7b-v0.1-v1,analysis_out/rome-math-n50-mistral-7b-v0.1-v1/plans/mistral-7b-v0.1/cases0-49_r01/methods/rome/captures/rome-math-ablation.json,mistral-7b-v0.1,mistral,development,cases0-49_r01,rome,41,complete,5,True,M3,5,9.394429206848145,2.5303750038146973,5,5,True,not_evaluated_uncalibrated,True
rome-math-n50-mistral-7b-v0.1-v1,analysis_out/rome-math-n50-mistral-7b-v0.1-v1/plans/mistral-7b-v0.1/cases0-49_r01/methods/rome/captures/rome-math-ablation.json,mistral-7b-v0.1,mistral,development,cases0-49_r01,rome,41,complete,5,True,M0_raw,13,6.146779537200928,0.15617656707763672,5,5,True,not_evaluated_uncalibrated,True
rome-math-n50-mistral-7b-v0.1-v1,analysis_out/rome-math-n50-mistral-7b-v0.1-v1/plans/mistral-7b-v0.1/cases0-49_r01/methods/rome/captures/rome-math-ablation.json,mistral-7b-v0.1,mistral,development,cases0-49_r01,rome,41,complete,5,True,M1_raw,13,1.3874754905700684,0.07734525203704834,5,5,True,not_evaluated_uncalibrated,True
rome-math-n50-mistral-7b-v0.1-v1,analysis_out/rome-math-n50-mistral-7b-v0.1-v1/plans/mistral-7b-v0.1/cases0-49_r01/methods/rome/captures/rome-math-ablation.json,mistral-7b-v0.1,mistral,development,cases0-49_r01,rome,42,complete,5,True,M0,13,0.011829196475446224,8.168816566467285e-05,5,5,True,not_evaluated_uncalibrated,True
rome-math-n50-mistral-7b-v0.1-v1,analysis_out/rome-math-n50-mistral-7b-v0.1-v1/plans/mistral-7b-v0.1/cases0-49_r01/methods/rome/captures/rome-math-ablation.json,mistral-7b-v0.1,mistral,development,cases0-49_r01,rome,42,complete,5,True,M1,13,0.0026678871363401413,0.00015006237663328648,5,5,True,not_evaluated_uncalibrated,True
rome-math-n50-mistral-7b-v0.1-v1,analysis_out/rome-math-n50-mistral-7b-v0.1-v1/plans/mistral-7b-v0.1/cases0-49_r01/methods/rome/captures/rome-math-ablation.json,mistral-7b-v0.1,mistral,development,cases0-49_r01,rome,42,complete,5,True,M2,5,6.232577936827496,1.4103991709470511,5,5,True,not_evaluated_uncalibrated,True
rome-math-n50-mistral-7b-v0.1-v1,analysis_out/rome-math-n50-mistral-7b-v0.1-v1/plans/mistral-7b-v0.1/cases0-49_r01/methods/rome/captures/rome-math-ablation.json,mistral-7b-v0.1,mistral,development,cases0-49_r01,rome,42,complete,5,True,M3,5,8.803763389587402,1.939709186553955,5,5,True,not_evaluated_uncalibrated,True
rome-math-n50-mistral-7b-v0.1-v1,analysis_out/rome-math-n50-mistral-7b-v0.1-v1/plans/mistral-7b-v0.1/cases0-49_r01/methods/rome/captures/rome-math-ablation.json,mistral-7b-v0.1,mistral,development,cases0-49_r01,rome,42,complete,5,True,M0_raw,13,6.146779537200928,0.15617656707763672,5,5,True,not_evaluated_uncalibrated,True
rome-math-n50-mistral-7b-v0.1-v1,analysis_out/rome-math-n50-mistral-7b-v0.1-v1/plans/mistral-7b-v0.1/cases0-49_r01/methods/rome/captures/rome-math-ablation.json,mistral-7b-v0.1,mistral,development,cases0-49_r01,rome,42,complete,5,True,M1_raw,13,1.3874754905700684,0.1636519432067871,5,5,True,not_evaluated_uncalibrated,True
rome-math-n50-mistral-7b-v0.1-v1,analysis_out/rome-math-n50-mistral-7b-v0.1-v1/plans/mistral-7b-v0.1/cases0-49_r01/methods/rome/captures/rome-math-ablation.json,mistral-7b-v0.1,mistral,development,cases0-49_r01,rome,43,complete,5,True,M0,13,0.011829196475446224,8.168816566467285e-05,5,5,True,not_evaluated_uncalibrated,True
rome-math-n50-mistral-7b-v0.1-v1,analysis_out/rome-math-n50-mistral-7b-v0.1-v1/plans/mistral-7b-v0.1/cases0-49_r01/methods/rome/captures/rome-math-ablation.json,mistral-7b-v0.1,mistral,development,cases0-49_r01,rome,43,complete,5,True,M1,5,0.002687077969312668,1.919083297252655e-05,5,5,True,not_evaluated_uncalibrated,True
rome-math-n50-mistral-7b-v0.1-v1,analysis_out/rome-math-n50-mistral-7b-v0.1-v1/plans/mistral-7b-v0.1/cases0-49_r01/methods/rome/captures/rome-math-ablation.json,mistral-7b-v0.1,mistral,development,cases0-49_r01,rome,43,complete,5,True,M2,5,6.690330394691284,1.86815162881084,5,5,True,not_evaluated_uncalibrated,True
rome-math-n50-mistral-7b-v0.1-v1,analysis_out/rome-math-n50-mistral-7b-v0.1-v1/plans/mistral-7b-v0.1/cases0-49_r01/methods/rome/captures/rome-math-ablation.json,mistral-7b-v0.1,mistral,development,cases0-49_r01,rome,43,complete,5,True,M3,5,8.925008773803711,2.0609545707702637,5,5,True,not_evaluated_uncalibrated,True
rome-math-n50-mistral-7b-v0.1-v1,analysis_out/rome-math-n50-mistral-7b-v0.1-v1/plans/mistral-7b-v0.1/cases0-49_r01/methods/rome/captures/rome-math-ablation.json,mistral-7b-v0.1,mistral,development,cases0-49_r01,rome,43,complete,5,True,M0_raw,13,6.146779537200928,0.15617656707763672,5,5,True,not_evaluated_uncalibrated,True
rome-math-n50-mistral-7b-v0.1-v1,analysis_out/rome-math-n50-mistral-7b-v0.1-v1/plans/mistral-7b-v0.1/cases0-49_r01/methods/rome/captures/rome-math-ablation.json,mistral-7b-v0.1,mistral,development,cases0-49_r01,rome,43,complete,5,True,M1_raw,13,1.3874754905700684,0.08714377880096436,5,5,True,not_evaluated_uncalibrated,True
rome-math-n50-mistral-7b-v0.1-v1,analysis_out/rome-math-n50-mistral-7b-v0.1-v1/plans/mistral-7b-v0.1/cases0-49_r01/methods/rome/captures/rome-math-ablation.json,mistral-7b-v0.1,mistral,development,cases0-49_r01,rome,44,complete,5,True,M0,13,0.011829196475446224,8.168816566467285e-05,7,7,True,not_evaluated_uncalibrated,False
rome-math-n50-mistral-7b-v0.1-v1,analysis_out/rome-math-n50-mistral-7b-v0.1-v1/plans/mistral-7b-v0.1/cases0-49_r01/methods/rome/captures/rome-math-ablation.json,mistral-7b-v0.1,mistral,development,cases0-49_r01,rome,44,complete,5,True,M1,13,0.0026678871363401413,0.00021237460896372795,7,7,True,not_evaluated_uncalibrated,False
rome-math-n50-mistral-7b-v0.1-v1,analysis_out/rome-math-n50-mistral-7b-v0.1-v1/plans/mistral-7b-v0.1/cases0-49_r01/methods/rome/captures/rome-math-ablation.json,mistral-7b-v0.1,mistral,development,cases0-49_r01,rome,44,complete,5,True,M2,7,4.8221787658804445,1.4218040729609744,7,7,True,not_evaluated_uncalibrated,False
rome-math-n50-mistral-7b-v0.1-v1,analysis_out/rome-math-n50-mistral-7b-v0.1-v1/plans/mistral-7b-v0.1/cases0-49_r01/methods/rome/captures/rome-math-ablation.json,mistral-7b-v0.1,mistral,development,cases0-49_r01,rome,44,complete,5,True,M3,7,6.864054203033447,1.912703037261963,7,7,True,not_evaluated_uncalibrated,False
rome-math-n50-mistral-7b-v0.1-v1,analysis_out/rome-math-n50-mistral-7b-v0.1-v1/plans/mistral-7b-v0.1/cases0-49_r01/methods/rome/captures/rome-math-ablation.json,mistral-7b-v0.1,mistral,development,cases0-49_r01,rome,44,complete,5,True,M0_raw,13,6.146779537200928,0.15617656707763672,7,7,True,not_evaluated_uncalibrated,False
rome-math-n50-mistral-7b-v0.1-v1,analysis_out/rome-math-n50-mistral-7b-v0.1-v1/plans/mistral-7b-v0.1/cases0-49_r01/methods/rome/captures/rome-math-ablation.json,mistral-7b-v0.1,mistral,development,cases0-49_r01,rome,44,complete,5,True,M1_raw,13,1.3874754905700684,0.1636519432067871,7,7,True,not_evaluated_uncalibrated,False
rome-math-n50-mistral-7b-v0.1-v1,analysis_out/rome-math-n50-mistral-7b-v0.1-v1/plans/mistral-7b-v0.1/cases0-49_r01/methods/rome/captures/rome-math-ablation.json,mistral-7b-v0.1,mistral,development,cases0-49_r01,rome,45,complete,5,True,M0,13,0.011829196475446224,8.168816566467285e-05,5,5,True,not_evaluated_uncalibrated,True
rome-math-n50-mistral-7b-v0.1-v1,analysis_out/rome-math-n50-mistral-7b-v0.1-v1/plans/mistral-7b-v0.1/cases0-49_r01/methods/rome/captures/rome-math-ablation.json,mistral-7b-v0.1,mistral,development,cases0-49_r01,rome,45,complete,5,True,M1,5,0.0027511934749782085,8.330633863806725e-05,5,5,True,not_evaluated_uncalibrated,True
rome-math-n50-mistral-7b-v0.1-v1,analysis_out/rome-math-n50-mistral-7b-v0.1-v1/plans/mistral-7b-v0.1/cases0-49_r01/methods/rome/captures/rome-math-ablation.json,mistral-7b-v0.1,mistral,development,cases0-49_r01,rome,45,complete,5,True,M2,5,6.8147788860244916,1.992600120144047,5,5,True,not_evaluated_uncalibrated,True
rome-math-n50-mistral-7b-v0.1-v1,analysis_out/rome-math-n50-mistral-7b-v0.1-v1/plans/mistral-7b-v0.1/cases0-49_r01/methods/rome/captures/rome-math-ablation.json,mistral-7b-v0.1,mistral,development,cases0-49_r01,rome,45,complete,5,True,M3,5,9.893105506896973,3.0290513038635254,5,5,True,not_evaluated_uncalibrated,True
rome-math-n50-mistral-7b-v0.1-v1,analysis_out/rome-math-n50-mistral-7b-v0.1-v1/plans/mistral-7b-v0.1/cases0-49_r01/methods/rome/captures/rome-math-ablation.json,mistral-7b-v0.1,mistral,development,cases0-49_r01,rome,45,complete,5,True,M0_raw,13,6.146779537200928,0.15617656707763672,5,5,True,not_evaluated_uncalibrated,True
rome-math-n50-mistral-7b-v0.1-v1,analysis_out/rome-math-n50-mistral-7b-v0.1-v1/plans/mistral-7b-v0.1/cases0-49_r01/methods/rome/captures/rome-math-ablation.json,mistral-7b-v0.1,mistral,development,cases0-49_r01,rome,45,complete,5,True,M1_raw,13,1.3874754905700684,0.05590343475341797,5,5,True,not_evaluated_uncalibrated,True
rome-math-n50-mistral-7b-v0.1-v1,analysis_out/rome-math-n50-mistral-7b-v0.1-v1/plans/mistral-7b-v0.1/cases0-49_r01/methods/rome/captures/rome-math-ablation.json,mistral-7b-v0.1,mistral,development,cases0-49_r01,rome,46,complete,5,True,M0,13,0.011829196475446224,8.168816566467285e-05,5,5,True,not_evaluated_uncalibrated,True
rome-math-n50-mistral-7b-v0.1-v1,analysis_out/rome-math-n50-mistral-7b-v0.1-v1/plans/mistral-7b-v0.1/cases0-49_r01/methods/rome/captures/rome-math-ablation.json,mistral-7b-v0.1,mistral,development,cases0-49_r01,rome,46,complete,5,True,M1,5,0.0026685812044888735,6.940681487321854e-07,5,5,True,not_evaluated_uncalibrated,True
rome-math-n50-mistral-7b-v0.1-v1,analysis_out/rome-math-n50-mistral-7b-v0.1-v1/plans/mistral-7b-v0.1/cases0-49_r01/methods/rome/captures/rome-math-ablation.json,mistral-7b-v0.1,mistral,development,cases0-49_r01,rome,46,complete,5,True,M2,5,6.530119368151092,1.7079406022706474,5,5,True,not_evaluated_uncalibrated,True
rome-math-n50-mistral-7b-v0.1-v1,analysis_out/rome-math-n50-mistral-7b-v0.1-v1/plans/mistral-7b-v0.1/cases0-49_r01/methods/rome/captures/rome-math-ablation.json,mistral-7b-v0.1,mistral,development,cases0-49_r01,rome,46,complete,5,True,M3,5,9.294327735900879,2.4302735328674316,5,5,True,not_evaluated_uncalibrated,True
rome-math-n50-mistral-7b-v0.1-v1,analysis_out/rome-math-n50-mistral-7b-v0.1-v1/plans/mistral-7b-v0.1/cases0-49_r01/methods/rome/captures/rome-math-ablation.json,mistral-7b-v0.1,mistral,development,cases0-49_r01,rome,46,complete,5,True,M0_raw,13,6.146779537200928,0.15617656707763672,5,5,True,not_evaluated_uncalibrated,True
rome-math-n50-mistral-7b-v0.1-v1,analysis_out/rome-math-n50-mistral-7b-v0.1-v1/plans/mistral-7b-v0.1/cases0-49_r01/methods/rome/captures/rome-math-ablation.json,mistral-7b-v0.1,mistral,development,cases0-49_r01,rome,46,complete,5,True,M1_raw,13,1.3874754905700684,0.09621906280517578,5,5,True,not_evaluated_uncalibrated,True
rome-math-n50-mistral-7b-v0.1-v1,analysis_out/rome-math-n50-mistral-7b-v0.1-v1/plans/mistral-7b-v0.1/cases0-49_r01/methods/rome/captures/rome-math-ablation.json,mistral-7b-v0.1,mistral,development,cases0-49_r01,rome,47,complete,5,True,M0,13,0.011829196475446224,8.168816566467285e-05,5,5,True,not_evaluated_uncalibrated,True
rome-math-n50-mistral-7b-v0.1-v1,analysis_out/rome-math-n50-mistral-7b-v0.1-v1/plans/mistral-7b-v0.1/cases0-49_r01/methods/rome/captures/rome-math-ablation.json,mistral-7b-v0.1,mistral,development,cases0-49_r01,rome,47,complete,5,True,M1,5,0.0027391216717660427,7.123453542590141e-05,5,5,True,not_evaluated_uncalibrated,True
rome-math-n50-mistral-7b-v0.1-v1,analysis_out/rome-math-n50-mistral-7b-v0.1-v1/plans/mistral-7b-v0.1/cases0-49_r01/methods/rome/captures/rome-math-ablation.json,mistral-7b-v0.1,mistral,development,cases0-49_r01,rome,47,complete,5,True,M2,5,6.6841725474153115,1.861993781534867,5,5,True,not_evaluated_uncalibrated,True
rome-math-n50-mistral-7b-v0.1-v1,analysis_out/rome-math-n50-mistral-7b-v0.1-v1/plans/mistral-7b-v0.1/cases0-49_r01/methods/rome/captures/rome-math-ablation.json,mistral-7b-v0.1,mistral,development,cases0-49_r01,rome,47,complete,5,True,M3,5,9.115397453308105,2.251343250274658,5,5,True,not_evaluated_uncalibrated,True
rome-math-n50-mistral-7b-v0.1-v1,analysis_out/rome-math-n50-mistral-7b-v0.1-v1/plans/mistral-7b-v0.1/cases0-49_r01/methods/rome/captures/rome-math-ablation.json,mistral-7b-v0.1,mistral,development,cases0-49_r01,rome,47,complete,5,True,M0_raw,13,6.146779537200928,0.15617656707763672,5,5,True,not_evaluated_uncalibrated,True
rome-math-n50-mistral-7b-v0.1-v1,analysis_out/rome-math-n50-mistral-7b-v0.1-v1/plans/mistral-7b-v0.1/cases0-49_r01/methods/rome/captures/rome-math-ablation.json,mistral-7b-v0.1,mistral,development,cases0-49_r01,rome,47,complete,5,True,M1_raw,13,1.3874754905700684,0.06186723709106445,5,5,True,not_evaluated_uncalibrated,True
rome-math-n50-mistral-7b-v0.1-v1,analysis_out/rome-math-n50-mistral-7b-v0.1-v1/plans/mistral-7b-v0.1/cases0-49_r01/methods/rome/captures/rome-math-ablation.json,mistral-7b-v0.1,mistral,development,cases0-49_r01,rome,48,complete,5,True,M0,13,0.011829196475446224,8.168816566467285e-05,5,5,True,not_evaluated_uncalibrated,True
rome-math-n50-mistral-7b-v0.1-v1,analysis_out/rome-math-n50-mistral-7b-v0.1-v1/plans/mistral-7b-v0.1/cases0-49_r01/methods/rome/captures/rome-math-ablation.json,mistral-7b-v0.1,mistral,development,cases0-49_r01,rome,48,complete,5,True,M1,13,0.0026678871363401413,5.47175295650959e-05,5,5,True,not_evaluated_uncalibrated,True
rome-math-n50-mistral-7b-v0.1-v1,analysis_out/rome-math-n50-mistral-7b-v0.1-v1/plans/mistral-7b-v0.1/cases0-49_r01/methods/rome/captures/rome-math-ablation.json,mistral-7b-v0.1,mistral,development,cases0-49_r01,rome,48,complete,5,True,M2,5,6.389653551065814,1.5674747851853699,5,5,True,not_evaluated_uncalibrated,True
rome-math-n50-mistral-7b-v0.1-v1,analysis_out/rome-math-n50-mistral-7b-v0.1-v1/plans/mistral-7b-v0.1/cases0-49_r01/methods/rome/captures/rome-math-ablation.json,mistral-7b-v0.1,mistral,development,cases0-49_r01,rome,48,complete,5,True,M3,5,8.788061141967773,1.9240069389343262,5,5,True,not_evaluated_uncalibrated,True
rome-math-n50-mistral-7b-v0.1-v1,analysis_out/rome-math-n50-mistral-7b-v0.1-v1/plans/mistral-7b-v0.1/cases0-49_r01/methods/rome/captures/rome-math-ablation.json,mistral-7b-v0.1,mistral,development,cases0-49_r01,rome,48,complete,5,True,M0_raw,13,6.146779537200928,0.15617656707763672,5,5,True,not_evaluated_uncalibrated,True
rome-math-n50-mistral-7b-v0.1-v1,analysis_out/rome-math-n50-mistral-7b-v0.1-v1/plans/mistral-7b-v0.1/cases0-49_r01/methods/rome/captures/rome-math-ablation.json,mistral-7b-v0.1,mistral,development,cases0-49_r01,rome,48,complete,5,True,M1_raw,13,1.3874754905700684,0.12321829795837402,5,5,True,not_evaluated_uncalibrated,True
rome-math-n50-mistral-7b-v0.1-v1,analysis_out/rome-math-n50-mistral-7b-v0.1-v1/plans/mistral-7b-v0.1/cases0-49_r01/methods/rome/captures/rome-math-ablation.json,mistral-7b-v0.1,mistral,development,cases0-49_r01,rome,49,complete,5,True,M0,13,0.011829196475446224,8.168816566467285e-05,7,7,True,not_evaluated_uncalibrated,False
rome-math-n50-mistral-7b-v0.1-v1,analysis_out/rome-math-n50-mistral-7b-v0.1-v1/plans/mistral-7b-v0.1/cases0-49_r01/methods/rome/captures/rome-math-ablation.json,mistral-7b-v0.1,mistral,development,cases0-49_r01,rome,49,complete,5,True,M1,13,0.0026678871363401413,0.0002124279271811247,7,7,True,not_evaluated_uncalibrated,False
rome-math-n50-mistral-7b-v0.1-v1,analysis_out/rome-math-n50-mistral-7b-v0.1-v1/plans/mistral-7b-v0.1/cases0-49_r01/methods/rome/captures/rome-math-ablation.json,mistral-7b-v0.1,mistral,development,cases0-49_r01,rome,49,complete,5,True,M2,7,4.8221787658804445,0.048386776871064185,7,7,True,not_evaluated_uncalibrated,False
rome-math-n50-mistral-7b-v0.1-v1,analysis_out/rome-math-n50-mistral-7b-v0.1-v1/plans/mistral-7b-v0.1/cases0-49_r01/methods/rome/captures/rome-math-ablation.json,mistral-7b-v0.1,mistral,development,cases0-49_r01,rome,49,complete,5,True,M3,7,6.864054203033447,1.028970718383789,7,7,True,not_evaluated_uncalibrated,False
rome-math-n50-mistral-7b-v0.1-v1,analysis_out/rome-math-n50-mistral-7b-v0.1-v1/plans/mistral-7b-v0.1/cases0-49_r01/methods/rome/captures/rome-math-ablation.json,mistral-7b-v0.1,mistral,development,cases0-49_r01,rome,49,complete,5,True,M0_raw,13,6.146779537200928,0.15617656707763672,7,7,True,not_evaluated_uncalibrated,False
rome-math-n50-mistral-7b-v0.1-v1,analysis_out/rome-math-n50-mistral-7b-v0.1-v1/plans/mistral-7b-v0.1/cases0-49_r01/methods/rome/captures/rome-math-ablation.json,mistral-7b-v0.1,mistral,development,cases0-49_r01,rome,49,complete,5,True,M1_raw,13,1.3874754905700684,0.1636519432067871,7,7,True,not_evaluated_uncalibrated,False
rome-math-n50-mistral-7b-v0.1-v1,analysis_out/rome-math-n50-mistral-7b-v0.1-v1/plans/mistral-7b-v0.1/cases0-49_r01/methods/rome/captures/rome-math-ablation.json,mistral-7b-v0.1,mistral,development,cases0-49_r01,rome,50,complete,5,True,M0,13,0.011829196475446224,8.168816566467285e-05,5,5,True,not_evaluated_uncalibrated,True
rome-math-n50-mistral-7b-v0.1-v1,analysis_out/rome-math-n50-mistral-7b-v0.1-v1/plans/mistral-7b-v0.1/cases0-49_r01/methods/rome/captures/rome-math-ablation.json,mistral-7b-v0.1,mistral,development,cases0-49_r01,rome,50,complete,5,True,M1,5,0.002836210886016488,0.00016832374967634678,5,5,True,not_evaluated_uncalibrated,True
rome-math-n50-mistral-7b-v0.1-v1,analysis_out/rome-math-n50-mistral-7b-v0.1-v1/plans/mistral-7b-v0.1/cases0-49_r01/methods/rome/captures/rome-math-ablation.json,mistral-7b-v0.1,mistral,development,cases0-49_r01,rome,50,complete,5,True,M2,5,7.012959131461701,2.190780365581256,5,5,True,not_evaluated_uncalibrated,True
rome-math-n50-mistral-7b-v0.1-v1,analysis_out/rome-math-n50-mistral-7b-v0.1-v1/plans/mistral-7b-v0.1/cases0-49_r01/methods/rome/captures/rome-math-ablation.json,mistral-7b-v0.1,mistral,development,cases0-49_r01,rome,50,complete,5,True,M3,5,9.858161926269531,2.994107723236084,5,5,True,not_evaluated_uncalibrated,True
rome-math-n50-mistral-7b-v0.1-v1,analysis_out/rome-math-n50-mistral-7b-v0.1-v1/plans/mistral-7b-v0.1/cases0-49_r01/methods/rome/captures/rome-math-ablation.json,mistral-7b-v0.1,mistral,development,cases0-49_r01,rome,50,complete,5,True,M0_raw,13,6.146779537200928,0.15617656707763672,5,5,True,not_evaluated_uncalibrated,True
rome-math-n50-mistral-7b-v0.1-v1,analysis_out/rome-math-n50-mistral-7b-v0.1-v1/plans/mistral-7b-v0.1/cases0-49_r01/methods/rome/captures/rome-math-ablation.json,mistral-7b-v0.1,mistral,development,cases0-49_r01,rome,50,complete,5,True,M1_raw,13,1.3874754905700684,0.014637231826782227,5,5,True,not_evaluated_uncalibrated,True
rome-math-n50-mistral-7b-v0.1-v1,analysis_out/rome-math-n50-mistral-7b-v0.1-v1/plans/mistral-7b-v0.1/cases0-49_r01/methods/rome/captures/rome-math-ablation.json,mistral-7b-v0.1,mistral,development,cases0-49_r01,rome,52,complete,5,True,M0,13,0.011829196475446224,8.168816566467285e-05,5,5,True,not_evaluated_uncalibrated,False
rome-math-n50-mistral-7b-v0.1-v1,analysis_out/rome-math-n50-mistral-7b-v0.1-v1/plans/mistral-7b-v0.1/cases0-49_r01/methods/rome/captures/rome-math-ablation.json,mistral-7b-v0.1,mistral,development,cases0-49_r01,rome,52,complete,5,True,M1,13,0.0026678871363401413,0.0001253888476639986,5,5,True,not_evaluated_uncalibrated,False
rome-math-n50-mistral-7b-v0.1-v1,analysis_out/rome-math-n50-mistral-7b-v0.1-v1/plans/mistral-7b-v0.1/cases0-49_r01/methods/rome/captures/rome-math-ablation.json,mistral-7b-v0.1,mistral,development,cases0-49_r01,rome,52,complete,5,True,M2,5,5.774043715287157,0.9518649494067128,5,5,True,not_evaluated_uncalibrated,False
rome-math-n50-mistral-7b-v0.1-v1,analysis_out/rome-math-n50-mistral-7b-v0.1-v1/plans/mistral-7b-v0.1/cases0-49_r01/methods/rome/captures/rome-math-ablation.json,mistral-7b-v0.1,mistral,development,cases0-49_r01,rome,52,complete,5,True,M3,5,7.969171524047852,1.1051173210144043,5,5,True,not_evaluated_uncalibrated,False
rome-math-n50-mistral-7b-v0.1-v1,analysis_out/rome-math-n50-mistral-7b-v0.1-v1/plans/mistral-7b-v0.1/cases0-49_r01/methods/rome/captures/rome-math-ablation.json,mistral-7b-v0.1,mistral,development,cases0-49_r01,rome,52,complete,5,True,M0_raw,13,6.146779537200928,0.15617656707763672,5,5,True,not_evaluated_uncalibrated,False
rome-math-n50-mistral-7b-v0.1-v1,analysis_out/rome-math-n50-mistral-7b-v0.1-v1/plans/mistral-7b-v0.1/cases0-49_r01/methods/rome/captures/rome-math-ablation.json,mistral-7b-v0.1,mistral,development,cases0-49_r01,rome,52,complete,5,True,M1_raw,13,1.3874754905700684,0.1578669548034668,5,5,True,not_evaluated_uncalibrated,False
rome-math-n50-mistral-7b-v0.1-v1,analysis_out/rome-math-n50-mistral-7b-v0.1-v1/plans/mistral-7b-v0.1/cases0-49_r01/methods/rome/captures/rome-math-ablation.json,mistral-7b-v0.1,mistral,development,cases0-49_r01,rome,53,complete,5,True,M0,13,0.011829196475446224,8.168816566467285e-05,5,5,True,not_evaluated_uncalibrated,True
rome-math-n50-mistral-7b-v0.1-v1,analysis_out/rome-math-n50-mistral-7b-v0.1-v1/plans/mistral-7b-v0.1/cases0-49_r01/methods/rome/captures/rome-math-ablation.json,mistral-7b-v0.1,mistral,development,cases0-49_r01,rome,53,complete,5,True,M1,5,0.00303474860265851,0.0003668614663183689,5,5,True,not_evaluated_uncalibrated,True
rome-math-n50-mistral-7b-v0.1-v1,analysis_out/rome-math-n50-mistral-7b-v0.1-v1/plans/mistral-7b-v0.1/cases0-49_r01/methods/rome/captures/rome-math-ablation.json,mistral-7b-v0.1,mistral,development,cases0-49_r01,rome,53,complete,5,True,M2,5,7.50485977123113,2.6826810053506858,5,5,True,not_evaluated_uncalibrated,True
rome-math-n50-mistral-7b-v0.1-v1,analysis_out/rome-math-n50-mistral-7b-v0.1-v1/plans/mistral-7b-v0.1/cases0-49_r01/methods/rome/captures/rome-math-ablation.json,mistral-7b-v0.1,mistral,development,cases0-49_r01,rome,53,complete,5,True,M3,5,10.701528549194336,3.8374743461608887,5,5,True,not_evaluated_uncalibrated,True
rome-math-n50-mistral-7b-v0.1-v1,analysis_out/rome-math-n50-mistral-7b-v0.1-v1/plans/mistral-7b-v0.1/cases0-49_r01/methods/rome/captures/rome-math-ablation.json,mistral-7b-v0.1,mistral,development,cases0-49_r01,rome,53,complete,5,True,M0_raw,13,6.146779537200928,0.15617656707763672,5,5,True,not_evaluated_uncalibrated,True
rome-math-n50-mistral-7b-v0.1-v1,analysis_out/rome-math-n50-mistral-7b-v0.1-v1/plans/mistral-7b-v0.1/cases0-49_r01/methods/rome/captures/rome-math-ablation.json,mistral-7b-v0.1,mistral,development,cases0-49_r01,rome,53,complete,5,True,M1_raw,5,1.4697964191436768,0.0823209285736084,5,5,True,not_evaluated_uncalibrated,True
rome-math-n50-mistral-7b-v0.3-v1,analysis_out/rome-math-n50-mistral-7b-v0.3-v1/plans/mistral-7b-v0.3/cases0-49_r01/methods/rome/captures/rome-math-ablation.json,mistral-7b-v0.3,mistral,development,cases0-49_r01,rome,0,complete,6,True,M0,6,0.011890100315213203,1.765228807926178e-05,6,6,True,not_evaluated_uncalibrated,True
rome-math-n50-mistral-7b-v0.3-v1,analysis_out/rome-math-n50-mistral-7b-v0.3-v1/plans/mistral-7b-v0.3/cases0-49_r01/methods/rome/captures/rome-math-ablation.json,mistral-7b-v0.3,mistral,development,cases0-49_r01,rome,0,complete,6,True,M1,6,0.0035933058243244886,0.0008905951399356127,6,6,True,not_evaluated_uncalibrated,True
rome-math-n50-mistral-7b-v0.3-v1,analysis_out/rome-math-n50-mistral-7b-v0.3-v1/plans/mistral-7b-v0.3/cases0-49_r01/methods/rome/captures/rome-math-ablation.json,mistral-7b-v0.3,mistral,development,cases0-49_r01,rome,0,complete,6,True,M2,6,4.471853059495408,1.0282117761853207,6,6,True,not_evaluated_uncalibrated,True
rome-math-n50-mistral-7b-v0.3-v1,analysis_out/rome-math-n50-mistral-7b-v0.3-v1/plans/mistral-7b-v0.3/cases0-49_r01/methods/rome/captures/rome-math-ablation.json,mistral-7b-v0.3,mistral,development,cases0-49_r01,rome,0,complete,6,True,M3,6,11.288079261779785,6.124197006225586,6,6,True,not_evaluated_uncalibrated,True
rome-math-n50-mistral-7b-v0.3-v1,analysis_out/rome-math-n50-mistral-7b-v0.3-v1/plans/mistral-7b-v0.3/cases0-49_r01/methods/rome/captures/rome-math-ablation.json,mistral-7b-v0.3,mistral,development,cases0-49_r01,rome,0,complete,6,True,M0_raw,13,5.938102722167969,0.12993192672729492,6,6,True,not_evaluated_uncalibrated,True
rome-math-n50-mistral-7b-v0.3-v1,analysis_out/rome-math-n50-mistral-7b-v0.3-v1/plans/mistral-7b-v0.3/cases0-49_r01/methods/rome/captures/rome-math-ablation.json,mistral-7b-v0.3,mistral,development,cases0-49_r01,rome,0,complete,6,True,M1_raw,6,1.709006428718567,0.35519278049468994,6,6,True,not_evaluated_uncalibrated,True
rome-math-n50-mistral-7b-v0.3-v1,analysis_out/rome-math-n50-mistral-7b-v0.3-v1/plans/mistral-7b-v0.3/cases0-49_r01/methods/rome/captures/rome-math-ablation.json,mistral-7b-v0.3,mistral,development,cases0-49_r01,rome,1,complete,6,True,M0,13,0.011872448027133942,0.00010961107909679413,7,7,True,not_evaluated_uncalibrated,False
rome-math-n50-mistral-7b-v0.3-v1,analysis_out/rome-math-n50-mistral-7b-v0.3-v1/plans/mistral-7b-v0.3/cases0-49_r01/methods/rome/captures/rome-math-ablation.json,mistral-7b-v0.3,mistral,development,cases0-49_r01,rome,1,complete,6,True,M1,13,0.002702710684388876,0.00022598193027079105,7,7,True,not_evaluated_uncalibrated,False
rome-math-n50-mistral-7b-v0.3-v1,analysis_out/rome-math-n50-mistral-7b-v0.3-v1/plans/mistral-7b-v0.3/cases0-49_r01/methods/rome/captures/rome-math-ablation.json,mistral-7b-v0.3,mistral,development,cases0-49_r01,rome,1,complete,6,True,M2,7,4.906334445708771,1.462693162398684,7,7,True,not_evaluated_uncalibrated,False
rome-math-n50-mistral-7b-v0.3-v1,analysis_out/rome-math-n50-mistral-7b-v0.3-v1/plans/mistral-7b-v0.3/cases0-49_r01/methods/rome/captures/rome-math-ablation.json,mistral-7b-v0.3,mistral,development,cases0-49_r01,rome,1,complete,6,True,M3,7,6.921496391296387,1.9519057273864746,7,7,True,not_evaluated_uncalibrated,False
rome-math-n50-mistral-7b-v0.3-v1,analysis_out/rome-math-n50-mistral-7b-v0.3-v1/plans/mistral-7b-v0.3/cases0-49_r01/methods/rome/captures/rome-math-ablation.json,mistral-7b-v0.3,mistral,development,cases0-49_r01,rome,1,complete,6,True,M0_raw,13,5.938102722167969,0.12993192672729492,7,7,True,not_evaluated_uncalibrated,False
rome-math-n50-mistral-7b-v0.3-v1,analysis_out/rome-math-n50-mistral-7b-v0.3-v1/plans/mistral-7b-v0.3/cases0-49_r01/methods/rome/captures/rome-math-ablation.json,mistral-7b-v0.3,mistral,development,cases0-49_r01,rome,1,complete,6,True,M1_raw,13,1.353813648223877,0.17484724521636963,7,7,True,not_evaluated_uncalibrated,False
rome-math-n50-mistral-7b-v0.3-v1,analysis_out/rome-math-n50-mistral-7b-v0.3-v1/plans/mistral-7b-v0.3/cases0-49_r01/methods/rome/captures/rome-math-ablation.json,mistral-7b-v0.3,mistral,development,cases0-49_r01,rome,2,complete,6,True,M0,13,0.011872448027133942,3.490690141916275e-05,6,6,True,not_evaluated_uncalibrated,True
rome-math-n50-mistral-7b-v0.3-v1,analysis_out/rome-math-n50-mistral-7b-v0.3-v1/plans/mistral-7b-v0.3/cases0-49_r01/methods/rome/captures/rome-math-ablation.json,mistral-7b-v0.3,mistral,development,cases0-49_r01,rome,2,complete,6,True,M1,6,0.00340564688667655,0.000702936202287674,6,6,True,not_evaluated_uncalibrated,True
rome-math-n50-mistral-7b-v0.3-v1,analysis_out/rome-math-n50-mistral-7b-v0.3-v1/plans/mistral-7b-v0.3/cases0-49_r01/methods/rome/captures/rome-math-ablation.json,mistral-7b-v0.3,mistral,development,cases0-49_r01,rome,2,complete,6,True,M2,6,4.235602256461875,0.7919609731517876,6,6,True,not_evaluated_uncalibrated,True
rome-math-n50-mistral-7b-v0.3-v1,analysis_out/rome-math-n50-mistral-7b-v0.3-v1/plans/mistral-7b-v0.3/cases0-49_r01/methods/rome/captures/rome-math-ablation.json,mistral-7b-v0.3,mistral,development,cases0-49_r01,rome,2,complete,6,True,M3,6,10.508221626281738,3.842090606689453,6,6,True,not_evaluated_uncalibrated,True
rome-math-n50-mistral-7b-v0.3-v1,analysis_out/rome-math-n50-mistral-7b-v0.3-v1/plans/mistral-7b-v0.3/cases0-49_r01/methods/rome/captures/rome-math-ablation.json,mistral-7b-v0.3,mistral,development,cases0-49_r01,rome,2,complete,6,True,M0_raw,13,5.938102722167969,0.12993192672729492,6,6,True,not_evaluated_uncalibrated,True
rome-math-n50-mistral-7b-v0.3-v1,analysis_out/rome-math-n50-mistral-7b-v0.3-v1/plans/mistral-7b-v0.3/cases0-49_r01/methods/rome/captures/rome-math-ablation.json,mistral-7b-v0.3,mistral,development,cases0-49_r01,rome,2,complete,6,True,M1_raw,6,1.6196531057357788,0.26583945751190186,6,6,True,not_evaluated_uncalibrated,True
rome-math-n50-mistral-7b-v0.3-v1,analysis_out/rome-math-n50-mistral-7b-v0.3-v1/plans/mistral-7b-v0.3/cases0-49_r01/methods/rome/captures/rome-math-ablation.json,mistral-7b-v0.3,mistral,development,cases0-49_r01,rome,3,complete,6,True,M0,13,0.011872448027133942,0.00010961107909679413,7,7,True,not_evaluated_uncalibrated,False
rome-math-n50-mistral-7b-v0.3-v1,analysis_out/rome-math-n50-mistral-7b-v0.3-v1/plans/mistral-7b-v0.3/cases0-49_r01/methods/rome/captures/rome-math-ablation.json,mistral-7b-v0.3,mistral,development,cases0-49_r01,rome,3,complete,6,True,M1,13,0.002702710684388876,0.00013743177987635136,7,7,True,not_evaluated_uncalibrated,False
rome-math-n50-mistral-7b-v0.3-v1,analysis_out/rome-math-n50-mistral-7b-v0.3-v1/plans/mistral-7b-v0.3/cases0-49_r01/methods/rome/captures/rome-math-ablation.json,mistral-7b-v0.3,mistral,development,cases0-49_r01,rome,3,complete,6,True,M2,7,4.904459051690094,1.4608177683800068,7,7,True,not_evaluated_uncalibrated,False
rome-math-n50-mistral-7b-v0.3-v1,analysis_out/rome-math-n50-mistral-7b-v0.3-v1/plans/mistral-7b-v0.3/cases0-49_r01/methods/rome/captures/rome-math-ablation.json,mistral-7b-v0.3,mistral,development,cases0-49_r01,rome,3,complete,6,True,M3,7,6.913671970367432,1.9440813064575195,7,7,True,not_evaluated_uncalibrated,False
rome-math-n50-mistral-7b-v0.3-v1,analysis_out/rome-math-n50-mistral-7b-v0.3-v1/plans/mistral-7b-v0.3/cases0-49_r01/methods/rome/captures/rome-math-ablation.json,mistral-7b-v0.3,mistral,development,cases0-49_r01,rome,3,complete,6,True,M0_raw,13,5.938102722167969,0.12993192672729492,7,7,True,not_evaluated_uncalibrated,False
rome-math-n50-mistral-7b-v0.3-v1,analysis_out/rome-math-n50-mistral-7b-v0.3-v1/plans/mistral-7b-v0.3/cases0-49_r01/methods/rome/captures/rome-math-ablation.json,mistral-7b-v0.3,mistral,development,cases0-49_r01,rome,3,complete,6,True,M1_raw,13,1.353813648223877,0.13391458988189697,7,7,True,not_evaluated_uncalibrated,False
rome-math-n50-mistral-7b-v0.3-v1,analysis_out/rome-math-n50-mistral-7b-v0.3-v1/plans/mistral-7b-v0.3/cases0-49_r01/methods/rome/captures/rome-math-ablation.json,mistral-7b-v0.3,mistral,development,cases0-49_r01,rome,4,complete,6,True,M0,6,0.01223616674542427,0.000363718718290329,6,6,True,not_evaluated_uncalibrated,True
rome-math-n50-mistral-7b-v0.3-v1,analysis_out/rome-math-n50-mistral-7b-v0.3-v1/plans/mistral-7b-v0.3/cases0-49_r01/methods/rome/captures/rome-math-ablation.json,mistral-7b-v0.3,mistral,development,cases0-49_r01,rome,4,complete,6,True,M1,6,0.004634026903659105,0.001861867494881153,6,6,True,not_evaluated_uncalibrated,True
rome-math-n50-mistral-7b-v0.3-v1,analysis_out/rome-math-n50-mistral-7b-v0.3-v1/plans/mistral-7b-v0.3/cases0-49_r01/methods/rome/captures/rome-math-ablation.json,mistral-7b-v0.3,mistral,development,cases0-49_r01,rome,4,complete,6,True,M2,6,5.834411624837663,2.3907703415275754,6,6,True,not_evaluated_uncalibrated,True
rome-math-n50-mistral-7b-v0.3-v1,analysis_out/rome-math-n50-mistral-7b-v0.3-v1/plans/mistral-7b-v0.3/cases0-49_r01/methods/rome/captures/rome-math-ablation.json,mistral-7b-v0.3,mistral,development,cases0-49_r01,rome,4,complete,6,True,M3,6,17.076765060424805,11.000536441802979,6,6,True,not_evaluated_uncalibrated,True
rome-math-n50-mistral-7b-v0.3-v1,analysis_out/rome-math-n50-mistral-7b-v0.3-v1/plans/mistral-7b-v0.3/cases0-49_r01/methods/rome/captures/rome-math-ablation.json,mistral-7b-v0.3,mistral,development,cases0-49_r01,rome,4,complete,6,True,M0_raw,13,5.938102722167969,0.12993192672729492,6,6,True,not_evaluated_uncalibrated,True
rome-math-n50-mistral-7b-v0.3-v1,analysis_out/rome-math-n50-mistral-7b-v0.3-v1/plans/mistral-7b-v0.3/cases0-49_r01/methods/rome/captures/rome-math-ablation.json,mistral-7b-v0.3,mistral,development,cases0-49_r01,rome,4,complete,6,True,M1_raw,6,2.205075740814209,0.851262092590332,6,6,True,not_evaluated_uncalibrated,True
rome-math-n50-mistral-7b-v0.3-v1,analysis_out/rome-math-n50-mistral-7b-v0.3-v1/plans/mistral-7b-v0.3/cases0-49_r01/methods/rome/captures/rome-math-ablation.json,mistral-7b-v0.3,mistral,development,cases0-49_r01,rome,5,complete,6,True,M0,13,0.011872448027133942,5.431473255157471e-05,6,6,True,not_evaluated_uncalibrated,True
rome-math-n50-mistral-7b-v0.3-v1,analysis_out/rome-math-n50-mistral-7b-v0.3-v1/plans/mistral-7b-v0.3/cases0-49_r01/methods/rome/captures/rome-math-ablation.json,mistral-7b-v0.3,mistral,development,cases0-49_r01,rome,5,complete,6,True,M1,6,0.003335230518132448,0.0006325198337435722,6,6,True,not_evaluated_uncalibrated,True
rome-math-n50-mistral-7b-v0.3-v1,analysis_out/rome-math-n50-mistral-7b-v0.3-v1/plans/mistral-7b-v0.3/cases0-49_r01/methods/rome/captures/rome-math-ablation.json,mistral-7b-v0.3,mistral,development,cases0-49_r01,rome,5,complete,6,True,M2,7,4.907552818572142,0.7288958901743072,6,6,True,not_evaluated_uncalibrated,True
rome-math-n50-mistral-7b-v0.3-v1,analysis_out/rome-math-n50-mistral-7b-v0.3-v1/plans/mistral-7b-v0.3/cases0-49_r01/methods/rome/captures/rome-math-ablation.json,mistral-7b-v0.3,mistral,development,cases0-49_r01,rome,5,complete,6,True,M3,6,10.822550773620605,4.494959831237793,6,6,True,not_evaluated_uncalibrated,True
rome-math-n50-mistral-7b-v0.3-v1,analysis_out/rome-math-n50-mistral-7b-v0.3-v1/plans/mistral-7b-v0.3/cases0-49_r01/methods/rome/captures/rome-math-ablation.json,mistral-7b-v0.3,mistral,development,cases0-49_r01,rome,5,complete,6,True,M0_raw,13,5.938102722167969,0.12993192672729492,6,6,True,not_evaluated_uncalibrated,True
rome-math-n50-mistral-7b-v0.3-v1,analysis_out/rome-math-n50-mistral-7b-v0.3-v1/plans/mistral-7b-v0.3/cases0-49_r01/methods/rome/captures/rome-math-ablation.json,mistral-7b-v0.3,mistral,development,cases0-49_r01,rome,5,complete,6,True,M1_raw,6,1.58602774143219,0.232214093208313,6,6,True,not_evaluated_uncalibrated,True
rome-math-n50-mistral-7b-v0.3-v1,analysis_out/rome-math-n50-mistral-7b-v0.3-v1/plans/mistral-7b-v0.3/cases0-49_r01/methods/rome/captures/rome-math-ablation.json,mistral-7b-v0.3,mistral,development,cases0-49_r01,rome,6,complete,6,True,M0,13,0.011872448027133942,5.813315510749817e-05,6,6,True,not_evaluated_uncalibrated,True
rome-math-n50-mistral-7b-v0.3-v1,analysis_out/rome-math-n50-mistral-7b-v0.3-v1/plans/mistral-7b-v0.3/cases0-49_r01/methods/rome/captures/rome-math-ablation.json,mistral-7b-v0.3,mistral,development,cases0-49_r01,rome,6,complete,6,True,M1,6,0.0033232818823307753,0.0006205711979418993,6,6,True,not_evaluated_uncalibrated,True
rome-math-n50-mistral-7b-v0.3-v1,analysis_out/rome-math-n50-mistral-7b-v0.3-v1/plans/mistral-7b-v0.3/cases0-49_r01/methods/rome/captures/rome-math-ablation.json,mistral-7b-v0.3,mistral,development,cases0-49_r01,rome,6,complete,6,True,M2,7,4.911267113094254,0.8022061883793175,6,6,True,not_evaluated_uncalibrated,True
rome-math-n50-mistral-7b-v0.3-v1,analysis_out/rome-math-n50-mistral-7b-v0.3-v1/plans/mistral-7b-v0.3/cases0-49_r01/methods/rome/captures/rome-math-ablation.json,mistral-7b-v0.3,mistral,development,cases0-49_r01,rome,6,complete,6,True,M3,6,9.967126846313477,4.010836124420166,6,6,True,not_evaluated_uncalibrated,True
rome-math-n50-mistral-7b-v0.3-v1,analysis_out/rome-math-n50-mistral-7b-v0.3-v1/plans/mistral-7b-v0.3/cases0-49_r01/methods/rome/captures/rome-math-ablation.json,mistral-7b-v0.3,mistral,development,cases0-49_r01,rome,6,complete,6,True,M0_raw,13,5.938102722167969,0.12993192672729492,6,6,True,not_evaluated_uncalibrated,True
rome-math-n50-mistral-7b-v0.3-v1,analysis_out/rome-math-n50-mistral-7b-v0.3-v1/plans/mistral-7b-v0.3/cases0-49_r01/methods/rome/captures/rome-math-ablation.json,mistral-7b-v0.3,mistral,development,cases0-49_r01,rome,6,complete,6,True,M1_raw,6,1.5804855823516846,0.22667193412780762,6,6,True,not_evaluated_uncalibrated,True
rome-math-n50-mistral-7b-v0.3-v1,analysis_out/rome-math-n50-mistral-7b-v0.3-v1/plans/mistral-7b-v0.3/cases0-49_r01/methods/rome/captures/rome-math-ablation.json,mistral-7b-v0.3,mistral,development,cases0-49_r01,rome,7,complete,6,True,M0,13,0.011872448027133942,0.00010961107909679413,6,6,True,not_evaluated_uncalibrated,False
rome-math-n50-mistral-7b-v0.3-v1,analysis_out/rome-math-n50-mistral-7b-v0.3-v1/plans/mistral-7b-v0.3/cases0-49_r01/methods/rome/captures/rome-math-ablation.json,mistral-7b-v0.3,mistral,development,cases0-49_r01,rome,7,complete,6,True,M1,6,0.003008922329172492,0.00030621164478361607,6,6,True,not_evaluated_uncalibrated,False
rome-math-n50-mistral-7b-v0.3-v1,analysis_out/rome-math-n50-mistral-7b-v0.3-v1/plans/mistral-7b-v0.3/cases0-49_r01/methods/rome/captures/rome-math-ablation.json,mistral-7b-v0.3,mistral,development,cases0-49_r01,rome,7,complete,6,True,M2,7,4.906861836511844,1.158118077832591,6,6,True,not_evaluated_uncalibrated,False
rome-math-n50-mistral-7b-v0.3-v1,analysis_out/rome-math-n50-mistral-7b-v0.3-v1/plans/mistral-7b-v0.3/cases0-49_r01/methods/rome/captures/rome-math-ablation.json,mistral-7b-v0.3,mistral,development,cases0-49_r01,rome,7,complete,6,True,M3,6,8.924635887145996,2.0033082962036133,6,6,True,not_evaluated_uncalibrated,False
rome-math-n50-mistral-7b-v0.3-v1,analysis_out/rome-math-n50-mistral-7b-v0.3-v1/plans/mistral-7b-v0.3/cases0-49_r01/methods/rome/captures/rome-math-ablation.json,mistral-7b-v0.3,mistral,development,cases0-49_r01,rome,7,complete,6,True,M0_raw,13,5.938102722167969,0.12993192672729492,6,6,True,not_evaluated_uncalibrated,False
rome-math-n50-mistral-7b-v0.3-v1,analysis_out/rome-math-n50-mistral-7b-v0.3-v1/plans/mistral-7b-v0.3/cases0-49_r01/methods/rome/captures/rome-math-ablation.json,mistral-7b-v0.3,mistral,development,cases0-49_r01,rome,7,complete,6,True,M1_raw,6,1.4308180809020996,0.07700443267822266,6,6,True,not_evaluated_uncalibrated,False
rome-math-n50-mistral-7b-v0.3-v1,analysis_out/rome-math-n50-mistral-7b-v0.3-v1/plans/mistral-7b-v0.3/cases0-49_r01/methods/rome/captures/rome-math-ablation.json,mistral-7b-v0.3,mistral,development,cases0-49_r01,rome,8,complete,6,True,M0,6,0.011990560218691826,0.00011811219155788422,6,6,True,not_evaluated_uncalibrated,True
rome-math-n50-mistral-7b-v0.3-v1,analysis_out/rome-math-n50-mistral-7b-v0.3-v1/plans/mistral-7b-v0.3/cases0-49_r01/methods/rome/captures/rome-math-ablation.json,mistral-7b-v0.3,mistral,development,cases0-49_r01,rome,8,complete,6,True,M1,6,0.003922094125300646,0.0012193834409117699,6,6,True,not_evaluated_uncalibrated,True
rome-math-n50-mistral-7b-v0.3-v1,analysis_out/rome-math-n50-mistral-7b-v0.3-v1/plans/mistral-7b-v0.3/cases0-49_r01/methods/rome/captures/rome-math-ablation.json,mistral-7b-v0.3,mistral,development,cases0-49_r01,rome,8,complete,6,True,M2,6,4.850413366872601,1.406772083562514,6,6,True,not_evaluated_uncalibrated,True
rome-math-n50-mistral-7b-v0.3-v1,analysis_out/rome-math-n50-mistral-7b-v0.3-v1/plans/mistral-7b-v0.3/cases0-49_r01/methods/rome/captures/rome-math-ablation.json,mistral-7b-v0.3,mistral,development,cases0-49_r01,rome,8,complete,6,True,M3,6,11.98869800567627,5.937739849090576,6,6,True,not_evaluated_uncalibrated,True
rome-math-n50-mistral-7b-v0.3-v1,analysis_out/rome-math-n50-mistral-7b-v0.3-v1/plans/mistral-7b-v0.3/cases0-49_r01/methods/rome/captures/rome-math-ablation.json,mistral-7b-v0.3,mistral,development,cases0-49_r01,rome,8,complete,6,True,M0_raw,13,5.938102722167969,0.12993192672729492,6,6,True,not_evaluated_uncalibrated,True
rome-math-n50-mistral-7b-v0.3-v1,analysis_out/rome-math-n50-mistral-7b-v0.3-v1/plans/mistral-7b-v0.3/cases0-49_r01/methods/rome/captures/rome-math-ablation.json,mistral-7b-v0.3,mistral,development,cases0-49_r01,rome,8,complete,6,True,M1_raw,6,1.8657631874084473,0.5119495391845703,6,6,True,not_evaluated_uncalibrated,True
rome-math-n50-mistral-7b-v0.3-v1,analysis_out/rome-math-n50-mistral-7b-v0.3-v1/plans/mistral-7b-v0.3/cases0-49_r01/methods/rome/captures/rome-math-ablation.json,mistral-7b-v0.3,mistral,development,cases0-49_r01,rome,9,complete,6,True,M0,13,0.011872448027133942,5.164183676242828e-06,6,6,True,not_evaluated_uncalibrated,True
rome-math-n50-mistral-7b-v0.3-v1,analysis_out/rome-math-n50-mistral-7b-v0.3-v1/plans/mistral-7b-v0.3/cases0-49_r01/methods/rome/captures/rome-math-ablation.json,mistral-7b-v0.3,mistral,development,cases0-49_r01,rome,9,complete,6,True,M1,6,0.003515086369588971,0.0008123756852000952,6,6,True,not_evaluated_uncalibrated,True
rome-math-n50-mistral-7b-v0.3-v1,analysis_out/rome-math-n50-mistral-7b-v0.3-v1/plans/mistral-7b-v0.3/cases0-49_r01/methods/rome/captures/rome-math-ablation.json,mistral-7b-v0.3,mistral,development,cases0-49_r01,rome,9,complete,6,True,M2,6,4.3301849120004965,0.8865436286904091,6,6,True,not_evaluated_uncalibrated,True
rome-math-n50-mistral-7b-v0.3-v1,analysis_out/rome-math-n50-mistral-7b-v0.3-v1/plans/mistral-7b-v0.3/cases0-49_r01/methods/rome/captures/rome-math-ablation.json,mistral-7b-v0.3,mistral,development,cases0-49_r01,rome,9,complete,6,True,M3,6,10.256120681762695,4.011706829071045,6,6,True,not_evaluated_uncalibrated,True
rome-math-n50-mistral-7b-v0.3-v1,analysis_out/rome-math-n50-mistral-7b-v0.3-v1/plans/mistral-7b-v0.3/cases0-49_r01/methods/rome/captures/rome-math-ablation.json,mistral-7b-v0.3,mistral,development,cases0-49_r01,rome,9,complete,6,True,M0_raw,13,5.938102722167969,0.12993192672729492,6,6,True,not_evaluated_uncalibrated,True
rome-math-n50-mistral-7b-v0.3-v1,analysis_out/rome-math-n50-mistral-7b-v0.3-v1/plans/mistral-7b-v0.3/cases0-49_r01/methods/rome/captures/rome-math-ablation.json,mistral-7b-v0.3,mistral,development,cases0-49_r01,rome,9,complete,6,True,M1_raw,6,1.6718403100967407,0.31802666187286377,6,6,True,not_evaluated_uncalibrated,True
rome-math-n50-mistral-7b-v0.3-v1,analysis_out/rome-math-n50-mistral-7b-v0.3-v1/plans/mistral-7b-v0.3/cases0-49_r01/methods/rome/captures/rome-math-ablation.json,mistral-7b-v0.3,mistral,development,cases0-49_r01,rome,10,complete,6,True,M0,13,0.011872448027133942,4.262756556272507e-05,6,6,True,not_evaluated_uncalibrated,True
rome-math-n50-mistral-7b-v0.3-v1,analysis_out/rome-math-n50-mistral-7b-v0.3-v1/plans/mistral-7b-v0.3/cases0-49_r01/methods/rome/captures/rome-math-ablation.json,mistral-7b-v0.3,mistral,development,cases0-49_r01,rome,10,complete,6,True,M1,6,0.003381006419658661,0.0006782957352697849,6,6,True,not_evaluated_uncalibrated,True
rome-math-n50-mistral-7b-v0.3-v1,analysis_out/rome-math-n50-mistral-7b-v0.3-v1/plans/mistral-7b-v0.3/cases0-49_r01/methods/rome/captures/rome-math-ablation.json,mistral-7b-v0.3,mistral,development,cases0-49_r01,rome,10,complete,6,True,M2,6,4.166229491687794,0.7225882083777067,6,6,True,not_evaluated_uncalibrated,True
rome-math-n50-mistral-7b-v0.3-v1,analysis_out/rome-math-n50-mistral-7b-v0.3-v1/plans/mistral-7b-v0.3/cases0-49_r01/methods/rome/captures/rome-math-ablation.json,mistral-7b-v0.3,mistral,development,cases0-49_r01,rome,10,complete,6,True,M3,6,9.75696849822998,3.751418113708496,6,6,True,not_evaluated_uncalibrated,True
rome-math-n50-mistral-7b-v0.3-v1,analysis_out/rome-math-n50-mistral-7b-v0.3-v1/plans/mistral-7b-v0.3/cases0-49_r01/methods/rome/captures/rome-math-ablation.json,mistral-7b-v0.3,mistral,development,cases0-49_r01,rome,10,complete,6,True,M0_raw,13,5.938102722167969,0.12993192672729492,6,6,True,not_evaluated_uncalibrated,True
rome-math-n50-mistral-7b-v0.3-v1,analysis_out/rome-math-n50-mistral-7b-v0.3-v1/plans/mistral-7b-v0.3/cases0-49_r01/methods/rome/captures/rome-math-ablation.json,mistral-7b-v0.3,mistral,development,cases0-49_r01,rome,10,complete,6,True,M1_raw,6,1.6080224514007568,0.2542088031768799,6,6,True,not_evaluated_uncalibrated,True
rome-math-n50-mistral-7b-v0.3-v1,analysis_out/rome-math-n50-mistral-7b-v0.3-v1/plans/mistral-7b-v0.3/cases0-49_r01/methods/rome/captures/rome-math-ablation.json,mistral-7b-v0.3,mistral,development,cases0-49_r01,rome,11,complete,6,True,M0,6,0.01195557601749897,8.312799036502838e-05,6,6,True,not_evaluated_uncalibrated,True
rome-math-n50-mistral-7b-v0.3-v1,analysis_out/rome-math-n50-mistral-7b-v0.3-v1/plans/mistral-7b-v0.3/cases0-49_r01/methods/rome/captures/rome-math-ablation.json,mistral-7b-v0.3,mistral,development,cases0-49_r01,rome,11,complete,6,True,M1,6,0.0038193897344172,0.0011166790500283241,6,6,True,not_evaluated_uncalibrated,True
rome-math-n50-mistral-7b-v0.3-v1,analysis_out/rome-math-n50-mistral-7b-v0.3-v1/plans/mistral-7b-v0.3/cases0-49_r01/methods/rome/captures/rome-math-ablation.json,mistral-7b-v0.3,mistral,development,cases0-49_r01,rome,11,complete,6,True,M2,6,4.723635580401505,1.279994297091418,6,6,True,not_evaluated_uncalibrated,True
rome-math-n50-mistral-7b-v0.3-v1,analysis_out/rome-math-n50-mistral-7b-v0.3-v1/plans/mistral-7b-v0.3/cases0-49_r01/methods/rome/captures/rome-math-ablation.json,mistral-7b-v0.3,mistral,development,cases0-49_r01,rome,11,complete,6,True,M3,6,11.842934608459473,6.191861152648926,6,6,True,not_evaluated_uncalibrated,True
rome-math-n50-mistral-7b-v0.3-v1,analysis_out/rome-math-n50-mistral-7b-v0.3-v1/plans/mistral-7b-v0.3/cases0-49_r01/methods/rome/captures/rome-math-ablation.json,mistral-7b-v0.3,mistral,development,cases0-49_r01,rome,11,complete,6,True,M0_raw,13,5.938102722167969,0.12993192672729492,6,6,True,not_evaluated_uncalibrated,True
rome-math-n50-mistral-7b-v0.3-v1,analysis_out/rome-math-n50-mistral-7b-v0.3-v1/plans/mistral-7b-v0.3/cases0-49_r01/methods/rome/captures/rome-math-ablation.json,mistral-7b-v0.3,mistral,development,cases0-49_r01,rome,11,complete,6,True,M1_raw,6,1.816697597503662,0.46288394927978516,6,6,True,not_evaluated_uncalibrated,True
rome-math-n50-mistral-7b-v0.3-v1,analysis_out/rome-math-n50-mistral-7b-v0.3-v1/plans/mistral-7b-v0.3/cases0-49_r01/methods/rome/captures/rome-math-ablation.json,mistral-7b-v0.3,mistral,development,cases0-49_r01,rome,12,complete,6,True,M0,13,0.011872448027133942,6.17876648902893e-05,6,6,True,not_evaluated_uncalibrated,True
rome-math-n50-mistral-7b-v0.3-v1,analysis_out/rome-math-n50-mistral-7b-v0.3-v1/plans/mistral-7b-v0.3/cases0-49_r01/methods/rome/captures/rome-math-ablation.json,mistral-7b-v0.3,mistral,development,cases0-49_r01,rome,12,complete,6,True,M1,6,0.0033089055214077234,0.0006061948370188475,6,6,True,not_evaluated_uncalibrated,True
rome-math-n50-mistral-7b-v0.3-v1,analysis_out/rome-math-n50-mistral-7b-v0.3-v1/plans/mistral-7b-v0.3/cases0-49_r01/methods/rome/captures/rome-math-ablation.json,mistral-7b-v0.3,mistral,development,cases0-49_r01,rome,12,complete,6,True,M2,7,4.902990276680995,0.7605653006883575,6,6,True,not_evaluated_uncalibrated,True
rome-math-n50-mistral-7b-v0.3-v1,analysis_out/rome-math-n50-mistral-7b-v0.3-v1/plans/mistral-7b-v0.3/cases0-49_r01/methods/rome/captures/rome-math-ablation.json,mistral-7b-v0.3,mistral,development,cases0-49_r01,rome,12,complete,6,True,M3,6,10.756675720214844,4.377872467041016,6,6,True,not_evaluated_uncalibrated,True
rome-math-n50-mistral-7b-v0.3-v1,analysis_out/rome-math-n50-mistral-7b-v0.3-v1/plans/mistral-7b-v0.3/cases0-49_r01/methods/rome/captures/rome-math-ablation.json,mistral-7b-v0.3,mistral,development,cases0-49_r01,rome,12,complete,6,True,M0_raw,13,5.938102722167969,0.12993192672729492,6,6,True,not_evaluated_uncalibrated,True
rome-math-n50-mistral-7b-v0.3-v1,analysis_out/rome-math-n50-mistral-7b-v0.3-v1/plans/mistral-7b-v0.3/cases0-49_r01/methods/rome/captures/rome-math-ablation.json,mistral-7b-v0.3,mistral,development,cases0-49_r01,rome,12,complete,6,True,M1_raw,6,1.5734797716140747,0.21966612339019775,6,6,True,not_evaluated_uncalibrated,True
rome-math-n50-mistral-7b-v0.3-v1,analysis_out/rome-math-n50-mistral-7b-v0.3-v1/plans/mistral-7b-v0.3/cases0-49_r01/methods/rome/captures/rome-math-ablation.json,mistral-7b-v0.3,mistral,development,cases0-49_r01,rome,14,complete,6,True,M0,13,0.011872448027133942,0.00010079517960548401,6,6,True,not_evaluated_uncalibrated,True
rome-math-n50-mistral-7b-v0.3-v1,analysis_out/rome-math-n50-mistral-7b-v0.3-v1/plans/mistral-7b-v0.3/cases0-49_r01/methods/rome/captures/rome-math-ablation.json,mistral-7b-v0.3,mistral,development,cases0-49_r01,rome,14,complete,6,True,M1,6,0.003165479516610503,0.00046276883222162724,6,6,True,not_evaluated_uncalibrated,True
rome-math-n50-mistral-7b-v0.3-v1,analysis_out/rome-math-n50-mistral-7b-v0.3-v1/plans/mistral-7b-v0.3/cases0-49_r01/methods/rome/captures/rome-math-ablation.json,mistral-7b-v0.3,mistral,development,cases0-49_r01,rome,14,complete,6,True,M2,7,4.904853041720964,0.9793591368250589,6,6,True,not_evaluated_uncalibrated,True
rome-math-n50-mistral-7b-v0.3-v1,analysis_out/rome-math-n50-mistral-7b-v0.3-v1/plans/mistral-7b-v0.3/cases0-49_r01/methods/rome/captures/rome-math-ablation.json,mistral-7b-v0.3,mistral,development,cases0-49_r01,rome,14,complete,6,True,M3,6,9.278637886047363,2.9388294219970703,6,6,True,not_evaluated_uncalibrated,True
rome-math-n50-mistral-7b-v0.3-v1,analysis_out/rome-math-n50-mistral-7b-v0.3-v1/plans/mistral-7b-v0.3/cases0-49_r01/methods/rome/captures/rome-math-ablation.json,mistral-7b-v0.3,mistral,development,cases0-49_r01,rome,14,complete,6,True,M0_raw,13,5.938102722167969,0.12993192672729492,6,6,True,not_evaluated_uncalibrated,True
rome-math-n50-mistral-7b-v0.3-v1,analysis_out/rome-math-n50-mistral-7b-v0.3-v1/plans/mistral-7b-v0.3/cases0-49_r01/methods/rome/captures/rome-math-ablation.json,mistral-7b-v0.3,mistral,development,cases0-49_r01,rome,14,complete,6,True,M1_raw,6,1.505309820175171,0.15149617195129395,6,6,True,not_evaluated_uncalibrated,True
rome-math-n50-mistral-7b-v0.3-v1,analysis_out/rome-math-n50-mistral-7b-v0.3-v1/plans/mistral-7b-v0.3/cases0-49_r01/methods/rome/captures/rome-math-ablation.json,mistral-7b-v0.3,mistral,development,cases0-49_r01,rome,15,complete,6,True,M0,13,0.011872448027133942,0.00010961107909679413,6,6,True,not_evaluated_uncalibrated,False
rome-math-n50-mistral-7b-v0.3-v1,analysis_out/rome-math-n50-mistral-7b-v0.3-v1/plans/mistral-7b-v0.3/cases0-49_r01/methods/rome/captures/rome-math-ablation.json,mistral-7b-v0.3,mistral,development,cases0-49_r01,rome,15,complete,6,True,M1,6,0.0030820483807474375,0.0003793376963585615,6,6,True,not_evaluated_uncalibrated,False
rome-math-n50-mistral-7b-v0.3-v1,analysis_out/rome-math-n50-mistral-7b-v0.3-v1/plans/mistral-7b-v0.3/cases0-49_r01/methods/rome/captures/rome-math-ablation.json,mistral-7b-v0.3,mistral,development,cases0-49_r01,rome,15,complete,6,True,M2,7,4.902785724319589,1.079585845798153,6,6,True,not_evaluated_uncalibrated,False
rome-math-n50-mistral-7b-v0.3-v1,analysis_out/rome-math-n50-mistral-7b-v0.3-v1/plans/mistral-7b-v0.3/cases0-49_r01/methods/rome/captures/rome-math-ablation.json,mistral-7b-v0.3,mistral,development,cases0-49_r01,rome,15,complete,6,True,M3,6,8.85618782043457,2.579223155975342,6,6,True,not_evaluated_uncalibrated,False
rome-math-n50-mistral-7b-v0.3-v1,analysis_out/rome-math-n50-mistral-7b-v0.3-v1/plans/mistral-7b-v0.3/cases0-49_r01/methods/rome/captures/rome-math-ablation.json,mistral-7b-v0.3,mistral,development,cases0-49_r01,rome,15,complete,6,True,M0_raw,13,5.938102722167969,0.12993192672729492,6,6,True,not_evaluated_uncalibrated,False
rome-math-n50-mistral-7b-v0.3-v1,analysis_out/rome-math-n50-mistral-7b-v0.3-v1/plans/mistral-7b-v0.3/cases0-49_r01/methods/rome/captures/rome-math-ablation.json,mistral-7b-v0.3,mistral,development,cases0-49_r01,rome,15,complete,6,True,M1_raw,6,1.4656625986099243,0.11184895038604736,6,6,True,not_evaluated_uncalibrated,False
rome-math-n50-mistral-7b-v0.3-v1,analysis_out/rome-math-n50-mistral-7b-v0.3-v1/plans/mistral-7b-v0.3/cases0-49_r01/methods/rome/captures/rome-math-ablation.json,mistral-7b-v0.3,mistral,development,cases0-49_r01,rome,16,complete,6,True,M0,13,0.011872448027133942,0.00010961107909679413,6,6,True,not_evaluated_uncalibrated,True
rome-math-n50-mistral-7b-v0.3-v1,analysis_out/rome-math-n50-mistral-7b-v0.3-v1/plans/mistral-7b-v0.3/cases0-49_r01/methods/rome/captures/rome-math-ablation.json,mistral-7b-v0.3,mistral,development,cases0-49_r01,rome,16,complete,6,True,M1,6,0.003035968402400613,0.00033325771801173687,6,6,True,not_evaluated_uncalibrated,True
rome-math-n50-mistral-7b-v0.3-v1,analysis_out/rome-math-n50-mistral-7b-v0.3-v1/plans/mistral-7b-v0.3/cases0-49_r01/methods/rome/captures/rome-math-ablation.json,mistral-7b-v0.3,mistral,development,cases0-49_r01,rome,16,complete,6,True,M2,7,4.895380592963583,1.109499099784435,6,6,True,not_evaluated_uncalibrated,True
rome-math-n50-mistral-7b-v0.3-v1,analysis_out/rome-math-n50-mistral-7b-v0.3-v1/plans/mistral-7b-v0.3/cases0-49_r01/methods/rome/captures/rome-math-ablation.json,mistral-7b-v0.3,mistral,development,cases0-49_r01,rome,16,complete,6,True,M3,6,9.141268730163574,2.790499210357666,6,6,True,not_evaluated_uncalibrated,True
rome-math-n50-mistral-7b-v0.3-v1,analysis_out/rome-math-n50-mistral-7b-v0.3-v1/plans/mistral-7b-v0.3/cases0-49_r01/methods/rome/captures/rome-math-ablation.json,mistral-7b-v0.3,mistral,development,cases0-49_r01,rome,16,complete,6,True,M0_raw,13,5.938102722167969,0.12993192672729492,6,6,True,not_evaluated_uncalibrated,True
rome-math-n50-mistral-7b-v0.3-v1,analysis_out/rome-math-n50-mistral-7b-v0.3-v1/plans/mistral-7b-v0.3/cases0-49_r01/methods/rome/captures/rome-math-ablation.json,mistral-7b-v0.3,mistral,development,cases0-49_r01,rome,16,complete,6,True,M1_raw,6,1.443609356880188,0.08979570865631104,6,6,True,not_evaluated_uncalibrated,True
rome-math-n50-mistral-7b-v0.3-v1,analysis_out/rome-math-n50-mistral-7b-v0.3-v1/plans/mistral-7b-v0.3/cases0-49_r01/methods/rome/captures/rome-math-ablation.json,mistral-7b-v0.3,mistral,development,cases0-49_r01,rome,17,complete,6,True,M0,13,0.011872448027133942,6.054714322090149e-05,6,6,True,not_evaluated_uncalibrated,True
rome-math-n50-mistral-7b-v0.3-v1,analysis_out/rome-math-n50-mistral-7b-v0.3-v1/plans/mistral-7b-v0.3/cases0-49_r01/methods/rome/captures/rome-math-ablation.json,mistral-7b-v0.3,mistral,development,cases0-49_r01,rome,17,complete,6,True,M1,6,0.0033146424684673548,0.0006119317840784788,6,6,True,not_evaluated_uncalibrated,True
rome-math-n50-mistral-7b-v0.3-v1,analysis_out/rome-math-n50-mistral-7b-v0.3-v1/plans/mistral-7b-v0.3/cases0-49_r01/methods/rome/captures/rome-math-ablation.json,mistral-7b-v0.3,mistral,development,cases0-49_r01,rome,17,complete,6,True,M2,7,4.90956292895352,0.80387922734187,6,6,True,not_evaluated_uncalibrated,True
rome-math-n50-mistral-7b-v0.3-v1,analysis_out/rome-math-n50-mistral-7b-v0.3-v1/plans/mistral-7b-v0.3/cases0-49_r01/methods/rome/captures/rome-math-ablation.json,mistral-7b-v0.3,mistral,development,cases0-49_r01,rome,17,complete,6,True,M3,6,9.702471733093262,3.492356300354004,6,6,True,not_evaluated_uncalibrated,True
rome-math-n50-mistral-7b-v0.3-v1,analysis_out/rome-math-n50-mistral-7b-v0.3-v1/plans/mistral-7b-v0.3/cases0-49_r01/methods/rome/captures/rome-math-ablation.json,mistral-7b-v0.3,mistral,development,cases0-49_r01,rome,17,complete,6,True,M0_raw,13,5.938102722167969,0.12993192672729492,6,6,True,not_evaluated_uncalibrated,True
rome-math-n50-mistral-7b-v0.3-v1,analysis_out/rome-math-n50-mistral-7b-v0.3-v1/plans/mistral-7b-v0.3/cases0-49_r01/methods/rome/captures/rome-math-ablation.json,mistral-7b-v0.3,mistral,development,cases0-49_r01,rome,17,complete,6,True,M1_raw,6,1.5763821601867676,0.22256851196289062,6,6,True,not_evaluated_uncalibrated,True
rome-math-n50-mistral-7b-v0.3-v1,analysis_out/rome-math-n50-mistral-7b-v0.3-v1/plans/mistral-7b-v0.3/cases0-49_r01/methods/rome/captures/rome-math-ablation.json,mistral-7b-v0.3,mistral,development,cases0-49_r01,rome,19,complete,6,True,M0,13,0.011872448027133942,9.304564446210861e-05,6,6,True,not_evaluated_uncalibrated,True
rome-math-n50-mistral-7b-v0.3-v1,analysis_out/rome-math-n50-mistral-7b-v0.3-v1/plans/mistral-7b-v0.3/cases0-49_r01/methods/rome/captures/rome-math-ablation.json,mistral-7b-v0.3,mistral,development,cases0-49_r01,rome,19,complete,6,True,M1,6,0.0031971049029380083,0.0004943942185491323,6,6,True,not_evaluated_uncalibrated,True
rome-math-n50-mistral-7b-v0.3-v1,analysis_out/rome-math-n50-mistral-7b-v0.3-v1/plans/mistral-7b-v0.3/cases0-49_r01/methods/rome/captures/rome-math-ablation.json,mistral-7b-v0.3,mistral,development,cases0-49_r01,rome,19,complete,6,True,M2,7,4.901413844506921,0.9288138749999386,6,6,True,not_evaluated_uncalibrated,True
rome-math-n50-mistral-7b-v0.3-v1,analysis_out/rome-math-n50-mistral-7b-v0.3-v1/plans/mistral-7b-v0.3/cases0-49_r01/methods/rome/captures/rome-math-ablation.json,mistral-7b-v0.3,mistral,development,cases0-49_r01,rome,19,complete,6,True,M3,6,9.66362190246582,3.2692341804504395,6,6,True,not_evaluated_uncalibrated,True
rome-math-n50-mistral-7b-v0.3-v1,analysis_out/rome-math-n50-mistral-7b-v0.3-v1/plans/mistral-7b-v0.3/cases0-49_r01/methods/rome/captures/rome-math-ablation.json,mistral-7b-v0.3,mistral,development,cases0-49_r01,rome,19,complete,6,True,M0_raw,13,5.938102722167969,0.12993192672729492,6,6,True,not_evaluated_uncalibrated,True
rome-math-n50-mistral-7b-v0.3-v1,analysis_out/rome-math-n50-mistral-7b-v0.3-v1/plans/mistral-7b-v0.3/cases0-49_r01/methods/rome/captures/rome-math-ablation.json,mistral-7b-v0.3,mistral,development,cases0-49_r01,rome,19,complete,6,True,M1_raw,6,1.5203595161437988,0.16654586791992188,6,6,True,not_evaluated_uncalibrated,True
rome-math-n50-mistral-7b-v0.3-v1,analysis_out/rome-math-n50-mistral-7b-v0.3-v1/plans/mistral-7b-v0.3/cases0-49_r01/methods/rome/captures/rome-math-ablation.json,mistral-7b-v0.3,mistral,development,cases0-49_r01,rome,20,complete,6,True,M0,6,0.011954343877732754,8.18958505988121e-05,6,6,True,not_evaluated_uncalibrated,True
rome-math-n50-mistral-7b-v0.3-v1,analysis_out/rome-math-n50-mistral-7b-v0.3-v1/plans/mistral-7b-v0.3/cases0-49_r01/methods/rome/captures/rome-math-ablation.json,mistral-7b-v0.3,mistral,development,cases0-49_r01,rome,20,complete,6,True,M1,6,0.00380324455909431,0.0011005338747054338,6,6,True,not_evaluated_uncalibrated,True
rome-math-n50-mistral-7b-v0.3-v1,analysis_out/rome-math-n50-mistral-7b-v0.3-v1/plans/mistral-7b-v0.3/cases0-49_r01/methods/rome/captures/rome-math-ablation.json,mistral-7b-v0.3,mistral,development,cases0-49_r01,rome,20,complete,6,True,M2,6,4.761915103930224,1.3182738206201363,6,6,True,not_evaluated_uncalibrated,True
rome-math-n50-mistral-7b-v0.3-v1,analysis_out/rome-math-n50-mistral-7b-v0.3-v1/plans/mistral-7b-v0.3/cases0-49_r01/methods/rome/captures/rome-math-ablation.json,mistral-7b-v0.3,mistral,development,cases0-49_r01,rome,20,complete,6,True,M3,6,12.99791145324707,7.131782531738281,6,6,True,not_evaluated_uncalibrated,True
rome-math-n50-mistral-7b-v0.3-v1,analysis_out/rome-math-n50-mistral-7b-v0.3-v1/plans/mistral-7b-v0.3/cases0-49_r01/methods/rome/captures/rome-math-ablation.json,mistral-7b-v0.3,mistral,development,cases0-49_r01,rome,20,complete,6,True,M0_raw,13,5.938102722167969,0.12993192672729492,6,6,True,not_evaluated_uncalibrated,True
rome-math-n50-mistral-7b-v0.3-v1,analysis_out/rome-math-n50-mistral-7b-v0.3-v1/plans/mistral-7b-v0.3/cases0-49_r01/methods/rome/captures/rome-math-ablation.json,mistral-7b-v0.3,mistral,development,cases0-49_r01,rome,20,complete,6,True,M1_raw,6,1.8089520931243896,0.4551384449005127,6,6,True,not_evaluated_uncalibrated,True
rome-math-n50-mistral-7b-v0.3-v1,analysis_out/rome-math-n50-mistral-7b-v0.3-v1/plans/mistral-7b-v0.3/cases0-49_r01/methods/rome/captures/rome-math-ablation.json,mistral-7b-v0.3,mistral,development,cases0-49_r01,rome,21,complete,6,True,M0,13,0.011872448027133942,0.00010961107909679413,7,6,True,not_evaluated_uncalibrated,False
rome-math-n50-mistral-7b-v0.3-v1,analysis_out/rome-math-n50-mistral-7b-v0.3-v1/plans/mistral-7b-v0.3/cases0-49_r01/methods/rome/captures/rome-math-ablation.json,mistral-7b-v0.3,mistral,development,cases0-49_r01,rome,21,complete,6,True,M1,13,0.002702710684388876,4.539475776255131e-05,7,6,True,not_evaluated_uncalibrated,False
rome-math-n50-mistral-7b-v0.3-v1,analysis_out/rome-math-n50-mistral-7b-v0.3-v1/plans/mistral-7b-v0.3/cases0-49_r01/methods/rome/captures/rome-math-ablation.json,mistral-7b-v0.3,mistral,development,cases0-49_r01,rome,21,complete,6,True,M2,7,4.909091859688637,1.4654505763785495,7,6,True,not_evaluated_uncalibrated,False
rome-math-n50-mistral-7b-v0.3-v1,analysis_out/rome-math-n50-mistral-7b-v0.3-v1/plans/mistral-7b-v0.3/cases0-49_r01/methods/rome/captures/rome-math-ablation.json,mistral-7b-v0.3,mistral,development,cases0-49_r01,rome,21,complete,6,True,M3,7,6.920905113220215,1.1529674530029297,7,6,True,not_evaluated_uncalibrated,False
rome-math-n50-mistral-7b-v0.3-v1,analysis_out/rome-math-n50-mistral-7b-v0.3-v1/plans/mistral-7b-v0.3/cases0-49_r01/methods/rome/captures/rome-math-ablation.json,mistral-7b-v0.3,mistral,development,cases0-49_r01,rome,21,complete,6,True,M0_raw,13,5.938102722167969,0.12993192672729492,7,6,True,not_evaluated_uncalibrated,False
rome-math-n50-mistral-7b-v0.3-v1,analysis_out/rome-math-n50-mistral-7b-v0.3-v1/plans/mistral-7b-v0.3/cases0-49_r01/methods/rome/captures/rome-math-ablation.json,mistral-7b-v0.3,mistral,development,cases0-49_r01,rome,21,complete,6,True,M1_raw,13,1.353813648223877,0.09027016162872314,7,6,True,not_evaluated_uncalibrated,False
rome-math-n50-mistral-7b-v0.3-v1,analysis_out/rome-math-n50-mistral-7b-v0.3-v1/plans/mistral-7b-v0.3/cases0-49_r01/methods/rome/captures/rome-math-ablation.json,mistral-7b-v0.3,mistral,development,cases0-49_r01,rome,22,complete,6,True,M0,13,0.011872448027133942,0.00010961107909679413,6,6,True,not_evaluated_uncalibrated,False
rome-math-n50-mistral-7b-v0.3-v1,analysis_out/rome-math-n50-mistral-7b-v0.3-v1/plans/mistral-7b-v0.3/cases0-49_r01/methods/rome/captures/rome-math-ablation.json,mistral-7b-v0.3,mistral,development,cases0-49_r01,rome,22,complete,6,True,M1,6,0.003071707906201482,0.00036899722181260586,6,6,True,not_evaluated_uncalibrated,False
rome-math-n50-mistral-7b-v0.3-v1,analysis_out/rome-math-n50-mistral-7b-v0.3-v1/plans/mistral-7b-v0.3/cases0-49_r01/methods/rome/captures/rome-math-ablation.json,mistral-7b-v0.3,mistral,development,cases0-49_r01,rome,22,complete,6,True,M2,7,4.905544542226689,1.1043239318955922,6,6,True,not_evaluated_uncalibrated,False
rome-math-n50-mistral-7b-v0.3-v1,analysis_out/rome-math-n50-mistral-7b-v0.3-v1/plans/mistral-7b-v0.3/cases0-49_r01/methods/rome/captures/rome-math-ablation.json,mistral-7b-v0.3,mistral,development,cases0-49_r01,rome,22,complete,6,True,M3,6,8.826122283935547,2.630643367767334,6,6,True,not_evaluated_uncalibrated,False
rome-math-n50-mistral-7b-v0.3-v1,analysis_out/rome-math-n50-mistral-7b-v0.3-v1/plans/mistral-7b-v0.3/cases0-49_r01/methods/rome/captures/rome-math-ablation.json,mistral-7b-v0.3,mistral,development,cases0-49_r01,rome,22,complete,6,True,M0_raw,13,5.938102722167969,0.12993192672729492,6,6,True,not_evaluated_uncalibrated,False
rome-math-n50-mistral-7b-v0.3-v1,analysis_out/rome-math-n50-mistral-7b-v0.3-v1/plans/mistral-7b-v0.3/cases0-49_r01/methods/rome/captures/rome-math-ablation.json,mistral-7b-v0.3,mistral,development,cases0-49_r01,rome,22,complete,6,True,M1_raw,6,1.460711121559143,0.10689747333526611,6,6,True,not_evaluated_uncalibrated,False
rome-math-n50-mistral-7b-v0.3-v1,analysis_out/rome-math-n50-mistral-7b-v0.3-v1/plans/mistral-7b-v0.3/cases0-49_r01/methods/rome/captures/rome-math-ablation.json,mistral-7b-v0.3,mistral,development,cases0-49_r01,rome,23,complete,6,True,M0,13,0.011872448027133942,0.00010961107909679413,7,7,True,not_evaluated_uncalibrated,False
rome-math-n50-mistral-7b-v0.3-v1,analysis_out/rome-math-n50-mistral-7b-v0.3-v1/plans/mistral-7b-v0.3/cases0-49_r01/methods/rome/captures/rome-math-ablation.json,mistral-7b-v0.3,mistral,development,cases0-49_r01,rome,23,complete,6,True,M1,13,0.002702710684388876,0.0002037950325757265,7,7,True,not_evaluated_uncalibrated,False
rome-math-n50-mistral-7b-v0.3-v1,analysis_out/rome-math-n50-mistral-7b-v0.3-v1/plans/mistral-7b-v0.3/cases0-49_r01/methods/rome/captures/rome-math-ablation.json,mistral-7b-v0.3,mistral,development,cases0-49_r01,rome,23,complete,6,True,M2,7,4.90470608672009,1.4610648034100024,7,7,True,not_evaluated_uncalibrated,False
rome-math-n50-mistral-7b-v0.3-v1,analysis_out/rome-math-n50-mistral-7b-v0.3-v1/plans/mistral-7b-v0.3/cases0-49_r01/methods/rome/captures/rome-math-ablation.json,mistral-7b-v0.3,mistral,development,cases0-49_r01,rome,23,complete,6,True,M3,7,6.908022880554199,1.938432216644287,7,7,True,not_evaluated_uncalibrated,False
rome-math-n50-mistral-7b-v0.3-v1,analysis_out/rome-math-n50-mistral-7b-v0.3-v1/plans/mistral-7b-v0.3/cases0-49_r01/methods/rome/captures/rome-math-ablation.json,mistral-7b-v0.3,mistral,development,cases0-49_r01,rome,23,complete,6,True,M0_raw,13,5.938102722167969,0.12993192672729492,7,7,True,not_evaluated_uncalibrated,False
rome-math-n50-mistral-7b-v0.3-v1,analysis_out/rome-math-n50-mistral-7b-v0.3-v1/plans/mistral-7b-v0.3/cases0-49_r01/methods/rome/captures/rome-math-ablation.json,mistral-7b-v0.3,mistral,development,cases0-49_r01,rome,23,complete,6,True,M1_raw,13,1.353813648223877,0.16473770141601562,7,7,True,not_evaluated_uncalibrated,False
rome-math-n50-mistral-7b-v0.3-v1,analysis_out/rome-math-n50-mistral-7b-v0.3-v1/plans/mistral-7b-v0.3/cases0-49_r01/methods/rome/captures/rome-math-ablation.json,mistral-7b-v0.3,mistral,development,cases0-49_r01,rome,24,complete,6,False,M0,13,0.011872448027133942,6.317533552646637e-05,6,6,True,not_evaluated_uncalibrated,True
rome-math-n50-mistral-7b-v0.3-v1,analysis_out/rome-math-n50-mistral-7b-v0.3-v1/plans/mistral-7b-v0.3/cases0-49_r01/methods/rome/captures/rome-math-ablation.json,mistral-7b-v0.3,mistral,development,cases0-49_r01,rome,24,complete,6,False,M1,6,0.003302960656583309,0.0006002499721944332,6,6,True,not_evaluated_uncalibrated,True
rome-math-n50-mistral-7b-v0.3-v1,analysis_out/rome-math-n50-mistral-7b-v0.3-v1/plans/mistral-7b-v0.3/cases0-49_r01/methods/rome/captures/rome-math-ablation.json,mistral-7b-v0.3,mistral,development,cases0-49_r01,rome,24,complete,6,False,M2,7,4.90993032305088,0.8196676860647347,6,6,True,not_evaluated_uncalibrated,True
rome-math-n50-mistral-7b-v0.3-v1,analysis_out/rome-math-n50-mistral-7b-v0.3-v1/plans/mistral-7b-v0.3/cases0-49_r01/methods/rome/captures/rome-math-ablation.json,mistral-7b-v0.3,mistral,development,cases0-49_r01,rome,24,complete,6,False,M3,6,9.70936107635498,3.8245129585266113,6,6,True,not_evaluated_uncalibrated,True
rome-math-n50-mistral-7b-v0.3-v1,analysis_out/rome-math-n50-mistral-7b-v0.3-v1/plans/mistral-7b-v0.3/cases0-49_r01/methods/rome/captures/rome-math-ablation.json,mistral-7b-v0.3,mistral,development,cases0-49_r01,rome,24,complete,6,False,M0_raw,13,5.938102722167969,0.12993192672729492,6,6,True,not_evaluated_uncalibrated,True
rome-math-n50-mistral-7b-v0.3-v1,analysis_out/rome-math-n50-mistral-7b-v0.3-v1/plans/mistral-7b-v0.3/cases0-49_r01/methods/rome/captures/rome-math-ablation.json,mistral-7b-v0.3,mistral,development,cases0-49_r01,rome,24,complete,6,False,M1_raw,6,1.5708273649215698,0.21701371669769287,6,6,True,not_evaluated_uncalibrated,True
rome-math-n50-mistral-7b-v0.3-v1,analysis_out/rome-math-n50-mistral-7b-v0.3-v1/plans/mistral-7b-v0.3/cases0-49_r01/methods/rome/captures/rome-math-ablation.json,mistral-7b-v0.3,mistral,development,cases0-49_r01,rome,25,complete,6,True,M0,13,0.011872448027133942,0.00010961107909679413,6,6,True,not_evaluated_uncalibrated,False
rome-math-n50-mistral-7b-v0.3-v1,analysis_out/rome-math-n50-mistral-7b-v0.3-v1/plans/mistral-7b-v0.3/cases0-49_r01/methods/rome/captures/rome-math-ablation.json,mistral-7b-v0.3,mistral,development,cases0-49_r01,rome,25,complete,6,True,M1,6,0.002984829945489764,0.00028211926110088825,6,6,True,not_evaluated_uncalibrated,False
rome-math-n50-mistral-7b-v0.3-v1,analysis_out/rome-math-n50-mistral-7b-v0.3-v1/plans/mistral-7b-v0.3/cases0-49_r01/methods/rome/captures/rome-math-ablation.json,mistral-7b-v0.3,mistral,development,cases0-49_r01,rome,25,complete,6,True,M2,7,4.904857344357382,1.2097013236101026,6,6,True,not_evaluated_uncalibrated,False
rome-math-n50-mistral-7b-v0.3-v1,analysis_out/rome-math-n50-mistral-7b-v0.3-v1/plans/mistral-7b-v0.3/cases0-49_r01/methods/rome/captures/rome-math-ablation.json,mistral-7b-v0.3,mistral,development,cases0-49_r01,rome,25,complete,6,True,M3,6,8.155452728271484,1.8456931114196777,6,6,True,not_evaluated_uncalibrated,False
rome-math-n50-mistral-7b-v0.3-v1,analysis_out/rome-math-n50-mistral-7b-v0.3-v1/plans/mistral-7b-v0.3/cases0-49_r01/methods/rome/captures/rome-math-ablation.json,mistral-7b-v0.3,mistral,development,cases0-49_r01,rome,25,complete,6,True,M0_raw,13,5.938102722167969,0.12993192672729492,6,6,True,not_evaluated_uncalibrated,False
rome-math-n50-mistral-7b-v0.3-v1,analysis_out/rome-math-n50-mistral-7b-v0.3-v1/plans/mistral-7b-v0.3/cases0-49_r01/methods/rome/captures/rome-math-ablation.json,mistral-7b-v0.3,mistral,development,cases0-49_r01,rome,25,complete,6,True,M1_raw,6,1.4193419218063354,0.0655282735824585,6,6,True,not_evaluated_uncalibrated,False
rome-math-n50-mistral-7b-v0.3-v1,analysis_out/rome-math-n50-mistral-7b-v0.3-v1/plans/mistral-7b-v0.3/cases0-49_r01/methods/rome/captures/rome-math-ablation.json,mistral-7b-v0.3,mistral,development,cases0-49_r01,rome,26,complete,6,True,M0,13,0.011872448027133942,0.00010961107909679413,6,6,True,not_evaluated_uncalibrated,False
rome-math-n50-mistral-7b-v0.3-v1,analysis_out/rome-math-n50-mistral-7b-v0.3-v1/plans/mistral-7b-v0.3/cases0-49_r01/methods/rome/captures/rome-math-ablation.json,mistral-7b-v0.3,mistral,development,cases0-49_r01,rome,26,complete,6,True,M1,6,0.0030032501090317965,0.0003005394246429205,6,6,True,not_evaluated_uncalibrated,False
rome-math-n50-mistral-7b-v0.3-v1,analysis_out/rome-math-n50-mistral-7b-v0.3-v1/plans/mistral-7b-v0.3/cases0-49_r01/methods/rome/captures/rome-math-ablation.json,mistral-7b-v0.3,mistral,development,cases0-49_r01,rome,26,complete,6,True,M2,7,4.904862118337067,1.276948829562114,6,6,True,not_evaluated_uncalibrated,False
rome-math-n50-mistral-7b-v0.3-v1,analysis_out/rome-math-n50-mistral-7b-v0.3-v1/plans/mistral-7b-v0.3/cases0-49_r01/methods/rome/captures/rome-math-ablation.json,mistral-7b-v0.3,mistral,development,cases0-49_r01,rome,26,complete,6,True,M3,6,7.216982364654541,0.5081315040588379,6,6,True,not_evaluated_uncalibrated,False
rome-math-n50-mistral-7b-v0.3-v1,analysis_out/rome-math-n50-mistral-7b-v0.3-v1/plans/mistral-7b-v0.3/cases0-49_r01/methods/rome/captures/rome-math-ablation.json,mistral-7b-v0.3,mistral,development,cases0-49_r01,rome,26,complete,6,True,M0_raw,13,5.938102722167969,0.12993192672729492,6,6,True,not_evaluated_uncalibrated,False
rome-math-n50-mistral-7b-v0.3-v1,analysis_out/rome-math-n50-mistral-7b-v0.3-v1/plans/mistral-7b-v0.3/cases0-49_r01/methods/rome/captures/rome-math-ablation.json,mistral-7b-v0.3,mistral,development,cases0-49_r01,rome,26,complete,6,True,M1_raw,6,1.4282445907592773,0.07443094253540039,6,6,True,not_evaluated_uncalibrated,False
rome-math-n50-mistral-7b-v0.3-v1,analysis_out/rome-math-n50-mistral-7b-v0.3-v1/plans/mistral-7b-v0.3/cases0-49_r01/methods/rome/captures/rome-math-ablation.json,mistral-7b-v0.3,mistral,development,cases0-49_r01,rome,27,complete,6,False,M0,6,0.012025359086692333,0.00015291105955839157,6,6,True,not_evaluated_uncalibrated,True
rome-math-n50-mistral-7b-v0.3-v1,analysis_out/rome-math-n50-mistral-7b-v0.3-v1/plans/mistral-7b-v0.3/cases0-49_r01/methods/rome/captures/rome-math-ablation.json,mistral-7b-v0.3,mistral,development,cases0-49_r01,rome,27,complete,6,False,M1,6,0.004028626251965761,0.0013259155675768852,6,6,True,not_evaluated_uncalibrated,True
rome-math-n50-mistral-7b-v0.3-v1,analysis_out/rome-math-n50-mistral-7b-v0.3-v1/plans/mistral-7b-v0.3/cases0-49_r01/methods/rome/captures/rome-math-ablation.json,mistral-7b-v0.3,mistral,development,cases0-49_r01,rome,27,complete,6,False,M2,6,5.01203339535333,1.568392112043243,6,6,True,not_evaluated_uncalibrated,True
rome-math-n50-mistral-7b-v0.3-v1,analysis_out/rome-math-n50-mistral-7b-v0.3-v1/plans/mistral-7b-v0.3/cases0-49_r01/methods/rome/captures/rome-math-ablation.json,mistral-7b-v0.3,mistral,development,cases0-49_r01,rome,27,complete,6,False,M3,6,13.054116249084473,8.08452558517456,6,6,True,not_evaluated_uncalibrated,True
rome-math-n50-mistral-7b-v0.3-v1,analysis_out/rome-math-n50-mistral-7b-v0.3-v1/plans/mistral-7b-v0.3/cases0-49_r01/methods/rome/captures/rome-math-ablation.json,mistral-7b-v0.3,mistral,development,cases0-49_r01,rome,27,complete,6,False,M0_raw,13,5.938102722167969,0.12993192672729492,6,6,True,not_evaluated_uncalibrated,True
rome-math-n50-mistral-7b-v0.3-v1,analysis_out/rome-math-n50-mistral-7b-v0.3-v1/plans/mistral-7b-v0.3/cases0-49_r01/methods/rome/captures/rome-math-ablation.json,mistral-7b-v0.3,mistral,development,cases0-49_r01,rome,27,complete,6,False,M1_raw,6,1.916462779045105,0.562649130821228,6,6,True,not_evaluated_uncalibrated,True
rome-math-n50-mistral-7b-v0.3-v1,analysis_out/rome-math-n50-mistral-7b-v0.3-v1/plans/mistral-7b-v0.3/cases0-49_r01/methods/rome/captures/rome-math-ablation.json,mistral-7b-v0.3,mistral,development,cases0-49_r01,rome,28,complete,6,False,M0,6,0.01188209094107151,9.642913937568665e-06,6,6,True,not_evaluated_uncalibrated,True
rome-math-n50-mistral-7b-v0.3-v1,analysis_out/rome-math-n50-mistral-7b-v0.3-v1/plans/mistral-7b-v0.3/cases0-49_r01/methods/rome/captures/rome-math-ablation.json,mistral-7b-v0.3,mistral,development,cases0-49_r01,rome,28,complete,6,False,M1,6,0.003564215498045087,0.0008615048136562109,6,6,True,not_evaluated_uncalibrated,True
rome-math-n50-mistral-7b-v0.3-v1,analysis_out/rome-math-n50-mistral-7b-v0.3-v1/plans/mistral-7b-v0.3/cases0-49_r01/methods/rome/captures/rome-math-ablation.json,mistral-7b-v0.3,mistral,development,cases0-49_r01,rome,28,complete,6,False,M2,6,4.397436705819967,0.9537954225098795,6,6,True,not_evaluated_uncalibrated,True
rome-math-n50-mistral-7b-v0.3-v1,analysis_out/rome-math-n50-mistral-7b-v0.3-v1/plans/mistral-7b-v0.3/cases0-49_r01/methods/rome/captures/rome-math-ablation.json,mistral-7b-v0.3,mistral,development,cases0-49_r01,rome,28,complete,6,False,M3,6,10.571314811706543,4.525108814239502,6,6,True,not_evaluated_uncalibrated,True
rome-math-n50-mistral-7b-v0.3-v1,analysis_out/rome-math-n50-mistral-7b-v0.3-v1/plans/mistral-7b-v0.3/cases0-49_r01/methods/rome/captures/rome-math-ablation.json,mistral-7b-v0.3,mistral,development,cases0-49_r01,rome,28,complete,6,False,M0_raw,13,5.938102722167969,0.12993192672729492,6,6,True,not_evaluated_uncalibrated,True
rome-math-n50-mistral-7b-v0.3-v1,analysis_out/rome-math-n50-mistral-7b-v0.3-v1/plans/mistral-7b-v0.3/cases0-49_r01/methods/rome/captures/rome-math-ablation.json,mistral-7b-v0.3,mistral,development,cases0-49_r01,rome,28,complete,6,False,M1_raw,6,1.6952433586120605,0.3414297103881836,6,6,True,not_evaluated_uncalibrated,True
rome-math-n50-mistral-7b-v0.3-v1,analysis_out/rome-math-n50-mistral-7b-v0.3-v1/plans/mistral-7b-v0.3/cases0-49_r01/methods/rome/captures/rome-math-ablation.json,mistral-7b-v0.3,mistral,development,cases0-49_r01,rome,29,complete,6,True,M0,13,0.011872448027133942,9.578559547662735e-05,6,6,True,not_evaluated_uncalibrated,True
rome-math-n50-mistral-7b-v0.3-v1,analysis_out/rome-math-n50-mistral-7b-v0.3-v1/plans/mistral-7b-v0.3/cases0-49_r01/methods/rome/captures/rome-math-ablation.json,mistral-7b-v0.3,mistral,development,cases0-49_r01,rome,29,complete,6,True,M1,6,0.0031833224929869175,0.00048061180859804153,6,6,True,not_evaluated_uncalibrated,True
rome-math-n50-mistral-7b-v0.3-v1,analysis_out/rome-math-n50-mistral-7b-v0.3-v1/plans/mistral-7b-v0.3/cases0-49_r01/methods/rome/captures/rome-math-ablation.json,mistral-7b-v0.3,mistral,development,cases0-49_r01,rome,29,complete,6,True,M2,7,4.904833165240606,0.9299341391105962,6,6,True,not_evaluated_uncalibrated,True
rome-math-n50-mistral-7b-v0.3-v1,analysis_out/rome-math-n50-mistral-7b-v0.3-v1/plans/mistral-7b-v0.3/cases0-49_r01/methods/rome/captures/rome-math-ablation.json,mistral-7b-v0.3,mistral,development,cases0-49_r01,rome,29,complete,6,True,M3,6,9.94758415222168,3.9168801307678223,6,6,True,not_evaluated_uncalibrated,True
rome-math-n50-mistral-7b-v0.3-v1,analysis_out/rome-math-n50-mistral-7b-v0.3-v1/plans/mistral-7b-v0.3/cases0-49_r01/methods/rome/captures/rome-math-ablation.json,mistral-7b-v0.3,mistral,development,cases0-49_r01,rome,29,complete,6,True,M0_raw,13,5.938102722167969,0.12993192672729492,6,6,True,not_evaluated_uncalibrated,True
rome-math-n50-mistral-7b-v0.3-v1,analysis_out/rome-math-n50-mistral-7b-v0.3-v1/plans/mistral-7b-v0.3/cases0-49_r01/methods/rome/captures/rome-math-ablation.json,mistral-7b-v0.3,mistral,development,cases0-49_r01,rome,29,complete,6,True,M1_raw,6,1.513744831085205,0.15993118286132812,6,6,True,not_evaluated_uncalibrated,True
rome-math-n50-mistral-7b-v0.3-v1,analysis_out/rome-math-n50-mistral-7b-v0.3-v1/plans/mistral-7b-v0.3/cases0-49_r01/methods/rome/captures/rome-math-ablation.json,mistral-7b-v0.3,mistral,development,cases0-49_r01,rome,30,complete,6,True,M0,6,0.011913910508155823,4.1462481021881104e-05,6,6,True,not_evaluated_uncalibrated,True
rome-math-n50-mistral-7b-v0.3-v1,analysis_out/rome-math-n50-mistral-7b-v0.3-v1/plans/mistral-7b-v0.3/cases0-49_r01/methods/rome/captures/rome-math-ablation.json,mistral-7b-v0.3,mistral,development,cases0-49_r01,rome,30,complete,6,True,M1,6,0.0036731709260493517,0.0009704602416604757,6,6,True,not_evaluated_uncalibrated,True
rome-math-n50-mistral-7b-v0.3-v1,analysis_out/rome-math-n50-mistral-7b-v0.3-v1/plans/mistral-7b-v0.3/cases0-49_r01/methods/rome/captures/rome-math-ablation.json,mistral-7b-v0.3,mistral,development,cases0-49_r01,rome,30,complete,6,True,M2,6,4.548889837052979,1.1052485537428915,6,6,True,not_evaluated_uncalibrated,True
rome-math-n50-mistral-7b-v0.3-v1,analysis_out/rome-math-n50-mistral-7b-v0.3-v1/plans/mistral-7b-v0.3/cases0-49_r01/methods/rome/captures/rome-math-ablation.json,mistral-7b-v0.3,mistral,development,cases0-49_r01,rome,30,complete,6,True,M3,6,11.230843544006348,5.424901008605957,6,6,True,not_evaluated_uncalibrated,True
rome-math-n50-mistral-7b-v0.3-v1,analysis_out/rome-math-n50-mistral-7b-v0.3-v1/plans/mistral-7b-v0.3/cases0-49_r01/methods/rome/captures/rome-math-ablation.json,mistral-7b-v0.3,mistral,development,cases0-49_r01,rome,30,complete,6,True,M0_raw,13,5.938102722167969,0.12993192672729492,6,6,True,not_evaluated_uncalibrated,True
rome-math-n50-mistral-7b-v0.3-v1,analysis_out/rome-math-n50-mistral-7b-v0.3-v1/plans/mistral-7b-v0.3/cases0-49_r01/methods/rome/captures/rome-math-ablation.json,mistral-7b-v0.3,mistral,development,cases0-49_r01,rome,30,complete,6,True,M1_raw,6,1.7470972537994385,0.3932836055755615,6,6,True,not_evaluated_uncalibrated,True
rome-math-n50-mistral-7b-v0.3-v1,analysis_out/rome-math-n50-mistral-7b-v0.3-v1/plans/mistral-7b-v0.3/cases0-49_r01/methods/rome/captures/rome-math-ablation.json,mistral-7b-v0.3,mistral,development,cases0-49_r01,rome,31,complete,6,True,M0,13,0.011872448027133942,0.00010961107909679413,6,6,True,not_evaluated_uncalibrated,False
rome-math-n50-mistral-7b-v0.3-v1,analysis_out/rome-math-n50-mistral-7b-v0.3-v1/plans/mistral-7b-v0.3/cases0-49_r01/methods/rome/captures/rome-math-ablation.json,mistral-7b-v0.3,mistral,development,cases0-49_r01,rome,31,complete,6,True,M1,6,0.0031063680071383715,0.0004036573227494955,6,6,True,not_evaluated_uncalibrated,False
rome-math-n50-mistral-7b-v0.3-v1,analysis_out/rome-math-n50-mistral-7b-v0.3-v1/plans/mistral-7b-v0.3/cases0-49_r01/methods/rome/captures/rome-math-ablation.json,mistral-7b-v0.3,mistral,development,cases0-49_r01,rome,31,complete,6,True,M2,7,4.891617373951275,1.060740084954468,6,6,True,not_evaluated_uncalibrated,False
rome-math-n50-mistral-7b-v0.3-v1,analysis_out/rome-math-n50-mistral-7b-v0.3-v1/plans/mistral-7b-v0.3/cases0-49_r01/methods/rome/captures/rome-math-ablation.json,mistral-7b-v0.3,mistral,development,cases0-49_r01,rome,31,complete,6,True,M3,6,8.55746078491211,2.0215330123901367,6,6,True,not_evaluated_uncalibrated,False
rome-math-n50-mistral-7b-v0.3-v1,analysis_out/rome-math-n50-mistral-7b-v0.3-v1/plans/mistral-7b-v0.3/cases0-49_r01/methods/rome/captures/rome-math-ablation.json,mistral-7b-v0.3,mistral,development,cases0-49_r01,rome,31,complete,6,True,M0_raw,13,5.938102722167969,0.12993192672729492,6,6,True,not_evaluated_uncalibrated,False
rome-math-n50-mistral-7b-v0.3-v1,analysis_out/rome-math-n50-mistral-7b-v0.3-v1/plans/mistral-7b-v0.3/cases0-49_r01/methods/rome/captures/rome-math-ablation.json,mistral-7b-v0.3,mistral,development,cases0-49_r01,rome,31,complete,6,True,M1_raw,6,1.4771891832351685,0.1233755350112915,6,6,True,not_evaluated_uncalibrated,False
rome-math-n50-mistral-7b-v0.3-v1,analysis_out/rome-math-n50-mistral-7b-v0.3-v1/plans/mistral-7b-v0.3/cases0-49_r01/methods/rome/captures/rome-math-ablation.json,mistral-7b-v0.3,mistral,development,cases0-49_r01,rome,32,complete,6,True,M0,13,0.011872448027133942,7.609929889440536e-05,6,6,True,not_evaluated_uncalibrated,True
rome-math-n50-mistral-7b-v0.3-v1,analysis_out/rome-math-n50-mistral-7b-v0.3-v1/plans/mistral-7b-v0.3/cases0-49_r01/methods/rome/captures/rome-math-ablation.json,mistral-7b-v0.3,mistral,development,cases0-49_r01,rome,32,complete,6,True,M1,6,0.003266115440055728,0.000563404755666852,6,6,True,not_evaluated_uncalibrated,True
rome-math-n50-mistral-7b-v0.3-v1,analysis_out/rome-math-n50-mistral-7b-v0.3-v1/plans/mistral-7b-v0.3/cases0-49_r01/methods/rome/captures/rome-math-ablation.json,mistral-7b-v0.3,mistral,development,cases0-49_r01,rome,32,complete,6,True,M2,7,4.90566116124128,0.878072526734269,6,6,True,not_evaluated_uncalibrated,True
rome-math-n50-mistral-7b-v0.3-v1,analysis_out/rome-math-n50-mistral-7b-v0.3-v1/plans/mistral-7b-v0.3/cases0-49_r01/methods/rome/captures/rome-math-ablation.json,mistral-7b-v0.3,mistral,development,cases0-49_r01,rome,32,complete,6,True,M3,6,9.367363929748535,3.446939468383789,6,6,True,not_evaluated_uncalibrated,True
rome-math-n50-mistral-7b-v0.3-v1,analysis_out/rome-math-n50-mistral-7b-v0.3-v1/plans/mistral-7b-v0.3/cases0-49_r01/methods/rome/captures/rome-math-ablation.json,mistral-7b-v0.3,mistral,development,cases0-49_r01,rome,32,complete,6,True,M0_raw,13,5.938102722167969,0.12993192672729492,6,6,True,not_evaluated_uncalibrated,True
rome-math-n50-mistral-7b-v0.3-v1,analysis_out/rome-math-n50-mistral-7b-v0.3-v1/plans/mistral-7b-v0.3/cases0-49_r01/methods/rome/captures/rome-math-ablation.json,mistral-7b-v0.3,mistral,development,cases0-49_r01,rome,32,complete,6,True,M1_raw,6,1.5532684326171875,0.19945478439331055,6,6,True,not_evaluated_uncalibrated,True
rome-math-n50-mistral-7b-v0.3-v1,analysis_out/rome-math-n50-mistral-7b-v0.3-v1/plans/mistral-7b-v0.3/cases0-49_r01/methods/rome/captures/rome-math-ablation.json,mistral-7b-v0.3,mistral,development,cases0-49_r01,rome,33,complete,6,True,M0,13,0.011872448027133942,6.040092557668686e-05,6,6,True,not_evaluated_uncalibrated,True
rome-math-n50-mistral-7b-v0.3-v1,analysis_out/rome-math-n50-mistral-7b-v0.3-v1/plans/mistral-7b-v0.3/cases0-49_r01/methods/rome/captures/rome-math-ablation.json,mistral-7b-v0.3,mistral,development,cases0-49_r01,rome,33,complete,6,True,M1,6,0.0033327536657452583,0.0006300429813563824,6,6,True,not_evaluated_uncalibrated,True
rome-math-n50-mistral-7b-v0.3-v1,analysis_out/rome-math-n50-mistral-7b-v0.3-v1/plans/mistral-7b-v0.3/cases0-49_r01/methods/rome/captures/rome-math-ablation.json,mistral-7b-v0.3,mistral,development,cases0-49_r01,rome,33,complete,6,True,M2,7,4.90208147228808,0.822731267846545,6,6,True,not_evaluated_uncalibrated,True
rome-math-n50-mistral-7b-v0.3-v1,analysis_out/rome-math-n50-mistral-7b-v0.3-v1/plans/mistral-7b-v0.3/cases0-49_r01/methods/rome/captures/rome-math-ablation.json,mistral-7b-v0.3,mistral,development,cases0-49_r01,rome,33,complete,6,True,M3,6,9.154767990112305,3.1823949813842773,6,6,True,not_evaluated_uncalibrated,True
rome-math-n50-mistral-7b-v0.3-v1,analysis_out/rome-math-n50-mistral-7b-v0.3-v1/plans/mistral-7b-v0.3/cases0-49_r01/methods/rome/captures/rome-math-ablation.json,mistral-7b-v0.3,mistral,development,cases0-49_r01,rome,33,complete,6,True,M0_raw,13,5.938102722167969,0.12993192672729492,6,6,True,not_evaluated_uncalibrated,True
rome-math-n50-mistral-7b-v0.3-v1,analysis_out/rome-math-n50-mistral-7b-v0.3-v1/plans/mistral-7b-v0.3/cases0-49_r01/methods/rome/captures/rome-math-ablation.json,mistral-7b-v0.3,mistral,development,cases0-49_r01,rome,33,complete,6,True,M1_raw,6,1.5849921703338623,0.23117852210998535,6,6,True,not_evaluated_uncalibrated,True
rome-math-n50-mistral-7b-v0.3-v1,analysis_out/rome-math-n50-mistral-7b-v0.3-v1/plans/mistral-7b-v0.3/cases0-49_r01/methods/rome/captures/rome-math-ablation.json,mistral-7b-v0.3,mistral,development,cases0-49_r01,rome,34,complete,6,True,M0,6,0.011935027316212654,6.257928907871246e-05,6,6,True,not_evaluated_uncalibrated,True
rome-math-n50-mistral-7b-v0.3-v1,analysis_out/rome-math-n50-mistral-7b-v0.3-v1/plans/mistral-7b-v0.3/cases0-49_r01/methods/rome/captures/rome-math-ablation.json,mistral-7b-v0.3,mistral,development,cases0-49_r01,rome,34,complete,6,True,M1,6,0.003741819877177477,0.001039109192788601,6,6,True,not_evaluated_uncalibrated,True
rome-math-n50-mistral-7b-v0.3-v1,analysis_out/rome-math-n50-mistral-7b-v0.3-v1/plans/mistral-7b-v0.3/cases0-49_r01/methods/rome/captures/rome-math-ablation.json,mistral-7b-v0.3,mistral,development,cases0-49_r01,rome,34,complete,6,True,M2,6,4.628322425467879,1.184681142157792,6,6,True,not_evaluated_uncalibrated,True
rome-math-n50-mistral-7b-v0.3-v1,analysis_out/rome-math-n50-mistral-7b-v0.3-v1/plans/mistral-7b-v0.3/cases0-49_r01/methods/rome/captures/rome-math-ablation.json,mistral-7b-v0.3,mistral,development,cases0-49_r01,rome,34,complete,6,True,M3,6,11.255036354064941,5.236450672149658,6,6,True,not_evaluated_uncalibrated,True
rome-math-n50-mistral-7b-v0.3-v1,analysis_out/rome-math-n50-mistral-7b-v0.3-v1/plans/mistral-7b-v0.3/cases0-49_r01/methods/rome/captures/rome-math-ablation.json,mistral-7b-v0.3,mistral,development,cases0-49_r01,rome,34,complete,6,True,M0_raw,13,5.938102722167969,0.12993192672729492,6,6,True,not_evaluated_uncalibrated,True
rome-math-n50-mistral-7b-v0.3-v1,analysis_out/rome-math-n50-mistral-7b-v0.3-v1/plans/mistral-7b-v0.3/cases0-49_r01/methods/rome/captures/rome-math-ablation.json,mistral-7b-v0.3,mistral,development,cases0-49_r01,rome,34,complete,6,True,M1_raw,6,1.7798510789871216,0.42603743076324463,6,6,True,not_evaluated_uncalibrated,True
rome-math-n50-mistral-7b-v0.3-v1,analysis_out/rome-math-n50-mistral-7b-v0.3-v1/plans/mistral-7b-v0.3/cases0-49_r01/methods/rome/captures/rome-math-ablation.json,mistral-7b-v0.3,mistral,development,cases0-49_r01,rome,35,complete,6,True,M0,13,0.011872448027133942,0.00010961107909679413,7,7,True,not_evaluated_uncalibrated,False
rome-math-n50-mistral-7b-v0.3-v1,analysis_out/rome-math-n50-mistral-7b-v0.3-v1/plans/mistral-7b-v0.3/cases0-49_r01/methods/rome/captures/rome-math-ablation.json,mistral-7b-v0.3,mistral,development,cases0-49_r01,rome,35,complete,6,True,M1,13,0.002702710684388876,0.0002210293896496296,7,7,True,not_evaluated_uncalibrated,False
rome-math-n50-mistral-7b-v0.3-v1,analysis_out/rome-math-n50-mistral-7b-v0.3-v1/plans/mistral-7b-v0.3/cases0-49_r01/methods/rome/captures/rome-math-ablation.json,mistral-7b-v0.3,mistral,development,cases0-49_r01,rome,35,complete,6,True,M2,7,4.901855079181559,1.458213795871472,7,7,True,not_evaluated_uncalibrated,False
rome-math-n50-mistral-7b-v0.3-v1,analysis_out/rome-math-n50-mistral-7b-v0.3-v1/plans/mistral-7b-v0.3/cases0-49_r01/methods/rome/captures/rome-math-ablation.json,mistral-7b-v0.3,mistral,development,cases0-49_r01,rome,35,complete,6,True,M3,7,6.8974833488464355,1.9278926849365234,7,7,True,not_evaluated_uncalibrated,False
rome-math-n50-mistral-7b-v0.3-v1,analysis_out/rome-math-n50-mistral-7b-v0.3-v1/plans/mistral-7b-v0.3/cases0-49_r01/methods/rome/captures/rome-math-ablation.json,mistral-7b-v0.3,mistral,development,cases0-49_r01,rome,35,complete,6,True,M0_raw,13,5.938102722167969,0.12993192672729492,7,7,True,not_evaluated_uncalibrated,False
rome-math-n50-mistral-7b-v0.3-v1,analysis_out/rome-math-n50-mistral-7b-v0.3-v1/plans/mistral-7b-v0.3/cases0-49_r01/methods/rome/captures/rome-math-ablation.json,mistral-7b-v0.3,mistral,development,cases0-49_r01,rome,35,complete,6,True,M1_raw,13,1.353813648223877,0.1725238561630249,7,7,True,not_evaluated_uncalibrated,False
rome-math-n50-mistral-7b-v0.3-v1,analysis_out/rome-math-n50-mistral-7b-v0.3-v1/plans/mistral-7b-v0.3/cases0-49_r01/methods/rome/captures/rome-math-ablation.json,mistral-7b-v0.3,mistral,development,cases0-49_r01,rome,36,complete,6,True,M0,13,0.011872448027133942,0.00010961107909679413,7,7,True,not_evaluated_uncalibrated,False
rome-math-n50-mistral-7b-v0.3-v1,analysis_out/rome-math-n50-mistral-7b-v0.3-v1/plans/mistral-7b-v0.3/cases0-49_r01/methods/rome/captures/rome-math-ablation.json,mistral-7b-v0.3,mistral,development,cases0-49_r01,rome,36,complete,6,True,M1,13,0.002702710684388876,0.00013372558169066906,7,7,True,not_evaluated_uncalibrated,False
rome-math-n50-mistral-7b-v0.3-v1,analysis_out/rome-math-n50-mistral-7b-v0.3-v1/plans/mistral-7b-v0.3/cases0-49_r01/methods/rome/captures/rome-math-ablation.json,mistral-7b-v0.3,mistral,development,cases0-49_r01,rome,36,complete,6,True,M2,7,4.905829535436586,1.462188252126499,7,7,True,not_evaluated_uncalibrated,False
rome-math-n50-mistral-7b-v0.3-v1,analysis_out/rome-math-n50-mistral-7b-v0.3-v1/plans/mistral-7b-v0.3/cases0-49_r01/methods/rome/captures/rome-math-ablation.json,mistral-7b-v0.3,mistral,development,cases0-49_r01,rome,36,complete,6,True,M3,7,6.924217700958252,1.5320329666137695,7,7,True,not_evaluated_uncalibrated,False
rome-math-n50-mistral-7b-v0.3-v1,analysis_out/rome-math-n50-mistral-7b-v0.3-v1/plans/mistral-7b-v0.3/cases0-49_r01/methods/rome/captures/rome-math-ablation.json,mistral-7b-v0.3,mistral,development,cases0-49_r01,rome,36,complete,6,True,M0_raw,13,5.938102722167969,0.12993192672729492,7,7,True,not_evaluated_uncalibrated,False
rome-math-n50-mistral-7b-v0.3-v1,analysis_out/rome-math-n50-mistral-7b-v0.3-v1/plans/mistral-7b-v0.3/cases0-49_r01/methods/rome/captures/rome-math-ablation.json,mistral-7b-v0.3,mistral,development,cases0-49_r01,rome,36,complete,6,True,M1_raw,13,1.353813648223877,0.13216674327850342,7,7,True,not_evaluated_uncalibrated,False
rome-math-n50-mistral-7b-v0.3-v1,analysis_out/rome-math-n50-mistral-7b-v0.3-v1/plans/mistral-7b-v0.3/cases0-49_r01/methods/rome/captures/rome-math-ablation.json,mistral-7b-v0.3,mistral,development,cases0-49_r01,rome,38,complete,6,False,M0,13,0.011872448027133942,0.00010961107909679413,6,6,True,not_evaluated_uncalibrated,False
rome-math-n50-mistral-7b-v0.3-v1,analysis_out/rome-math-n50-mistral-7b-v0.3-v1/plans/mistral-7b-v0.3/cases0-49_r01/methods/rome/captures/rome-math-ablation.json,mistral-7b-v0.3,mistral,development,cases0-49_r01,rome,38,complete,6,False,M1,6,0.002940352540463209,0.0002376418560743332,6,6,True,not_evaluated_uncalibrated,False
rome-math-n50-mistral-7b-v0.3-v1,analysis_out/rome-math-n50-mistral-7b-v0.3-v1/plans/mistral-7b-v0.3/cases0-49_r01/methods/rome/captures/rome-math-ablation.json,mistral-7b-v0.3,mistral,development,cases0-49_r01,rome,38,complete,6,False,M2,7,4.903869111305236,1.2953641075823845,6,6,True,not_evaluated_uncalibrated,False
rome-math-n50-mistral-7b-v0.3-v1,analysis_out/rome-math-n50-mistral-7b-v0.3-v1/plans/mistral-7b-v0.3/cases0-49_r01/methods/rome/captures/rome-math-ablation.json,mistral-7b-v0.3,mistral,development,cases0-49_r01,rome,38,complete,6,False,M3,6,7.803584575653076,0.961756706237793,6,6,True,not_evaluated_uncalibrated,False
rome-math-n50-mistral-7b-v0.3-v1,analysis_out/rome-math-n50-mistral-7b-v0.3-v1/plans/mistral-7b-v0.3/cases0-49_r01/methods/rome/captures/rome-math-ablation.json,mistral-7b-v0.3,mistral,development,cases0-49_r01,rome,38,complete,6,False,M0_raw,13,5.938102722167969,0.12993192672729492,6,6,True,not_evaluated_uncalibrated,False
rome-math-n50-mistral-7b-v0.3-v1,analysis_out/rome-math-n50-mistral-7b-v0.3-v1/plans/mistral-7b-v0.3/cases0-49_r01/methods/rome/captures/rome-math-ablation.json,mistral-7b-v0.3,mistral,development,cases0-49_r01,rome,38,complete,6,False,M1_raw,6,1.398233413696289,0.04441976547241211,6,6,True,not_evaluated_uncalibrated,False
rome-math-n50-mistral-7b-v0.3-v1,analysis_out/rome-math-n50-mistral-7b-v0.3-v1/plans/mistral-7b-v0.3/cases0-49_r01/methods/rome/captures/rome-math-ablation.json,mistral-7b-v0.3,mistral,development,cases0-49_r01,rome,39,complete,6,True,M0,13,0.011872448027133942,9.909365326166153e-05,6,6,True,not_evaluated_uncalibrated,True
rome-math-n50-mistral-7b-v0.3-v1,analysis_out/rome-math-n50-mistral-7b-v0.3-v1/plans/mistral-7b-v0.3/cases0-49_r01/methods/rome/captures/rome-math-ablation.json,mistral-7b-v0.3,mistral,development,cases0-49_r01,rome,39,complete,6,True,M1,6,0.003185439156368375,0.00048272847197949886,6,6,True,not_evaluated_uncalibrated,True
rome-math-n50-mistral-7b-v0.3-v1,analysis_out/rome-math-n50-mistral-7b-v0.3-v1/plans/mistral-7b-v0.3/cases0-49_r01/methods/rome/captures/rome-math-ablation.json,mistral-7b-v0.3,mistral,development,cases0-49_r01,rome,39,complete,6,True,M2,7,4.901148220459889,0.9715546143513856,6,6,True,not_evaluated_uncalibrated,True
rome-math-n50-mistral-7b-v0.3-v1,analysis_out/rome-math-n50-mistral-7b-v0.3-v1/plans/mistral-7b-v0.3/cases0-49_r01/methods/rome/captures/rome-math-ablation.json,mistral-7b-v0.3,mistral,development,cases0-49_r01,rome,39,complete,6,True,M3,6,9.390979766845703,3.3357763290405273,6,6,True,not_evaluated_uncalibrated,True
rome-math-n50-mistral-7b-v0.3-v1,analysis_out/rome-math-n50-mistral-7b-v0.3-v1/plans/mistral-7b-v0.3/cases0-49_r01/methods/rome/captures/rome-math-ablation.json,mistral-7b-v0.3,mistral,development,cases0-49_r01,rome,39,complete,6,True,M0_raw,13,5.938102722167969,0.12993192672729492,6,6,True,not_evaluated_uncalibrated,True
rome-math-n50-mistral-7b-v0.3-v1,analysis_out/rome-math-n50-mistral-7b-v0.3-v1/plans/mistral-7b-v0.3/cases0-49_r01/methods/rome/captures/rome-math-ablation.json,mistral-7b-v0.3,mistral,development,cases0-49_r01,rome,39,complete,6,True,M1_raw,6,1.5147922039031982,0.1609785556793213,6,6,True,not_evaluated_uncalibrated,True
rome-math-n50-mistral-7b-v0.3-v1,analysis_out/rome-math-n50-mistral-7b-v0.3-v1/plans/mistral-7b-v0.3/cases0-49_r01/methods/rome/captures/rome-math-ablation.json,mistral-7b-v0.3,mistral,development,cases0-49_r01,rome,40,complete,6,True,M0,13,0.011872448027133942,3.628432750701904e-05,6,6,True,not_evaluated_uncalibrated,True
rome-math-n50-mistral-7b-v0.3-v1,analysis_out/rome-math-n50-mistral-7b-v0.3-v1/plans/mistral-7b-v0.3/cases0-49_r01/methods/rome/captures/rome-math-ablation.json,mistral-7b-v0.3,mistral,development,cases0-49_r01,rome,40,complete,6,True,M1,6,0.0033991849049925804,0.0006964742206037045,6,6,True,not_evaluated_uncalibrated,True
rome-math-n50-mistral-7b-v0.3-v1,analysis_out/rome-math-n50-mistral-7b-v0.3-v1/plans/mistral-7b-v0.3/cases0-49_r01/methods/rome/captures/rome-math-ablation.json,mistral-7b-v0.3,mistral,development,cases0-49_r01,rome,40,complete,6,True,M2,6,4.278655431449231,0.8350141481391433,6,6,True,not_evaluated_uncalibrated,True
rome-math-n50-mistral-7b-v0.3-v1,analysis_out/rome-math-n50-mistral-7b-v0.3-v1/plans/mistral-7b-v0.3/cases0-49_r01/methods/rome/captures/rome-math-ablation.json,mistral-7b-v0.3,mistral,development,cases0-49_r01,rome,40,complete,6,True,M3,6,11.64229965209961,5.689159393310547,6,6,True,not_evaluated_uncalibrated,True
rome-math-n50-mistral-7b-v0.3-v1,analysis_out/rome-math-n50-mistral-7b-v0.3-v1/plans/mistral-7b-v0.3/cases0-49_r01/methods/rome/captures/rome-math-ablation.json,mistral-7b-v0.3,mistral,development,cases0-49_r01,rome,40,complete,6,True,M0_raw,13,5.938102722167969,0.12993192672729492,6,6,True,not_evaluated_uncalibrated,True
rome-math-n50-mistral-7b-v0.3-v1,analysis_out/rome-math-n50-mistral-7b-v0.3-v1/plans/mistral-7b-v0.3/cases0-49_r01/methods/rome/captures/rome-math-ablation.json,mistral-7b-v0.3,mistral,development,cases0-49_r01,rome,40,complete,6,True,M1_raw,6,1.6164121627807617,0.26259851455688477,6,6,True,not_evaluated_uncalibrated,True
rome-math-n50-mistral-7b-v0.3-v1,analysis_out/rome-math-n50-mistral-7b-v0.3-v1/plans/mistral-7b-v0.3/cases0-49_r01/methods/rome/captures/rome-math-ablation.json,mistral-7b-v0.3,mistral,development,cases0-49_r01,rome,41,complete,6,True,M0,13,0.011872448027133942,5.260482430458069e-05,6,6,True,not_evaluated_uncalibrated,True
rome-math-n50-mistral-7b-v0.3-v1,analysis_out/rome-math-n50-mistral-7b-v0.3-v1/plans/mistral-7b-v0.3/cases0-49_r01/methods/rome/captures/rome-math-ablation.json,mistral-7b-v0.3,mistral,development,cases0-49_r01,rome,41,complete,6,True,M1,6,0.003368685720488429,0.0006659750360995531,6,6,True,not_evaluated_uncalibrated,True
rome-math-n50-mistral-7b-v0.3-v1,analysis_out/rome-math-n50-mistral-7b-v0.3-v1/plans/mistral-7b-v0.3/cases0-49_r01/methods/rome/captures/rome-math-ablation.json,mistral-7b-v0.3,mistral,development,cases0-49_r01,rome,41,complete,6,True,M2,7,4.8630735360094555,0.7101872656295543,6,6,True,not_evaluated_uncalibrated,True
rome-math-n50-mistral-7b-v0.3-v1,analysis_out/rome-math-n50-mistral-7b-v0.3-v1/plans/mistral-7b-v0.3/cases0-49_r01/methods/rome/captures/rome-math-ablation.json,mistral-7b-v0.3,mistral,development,cases0-49_r01,rome,41,complete,6,True,M3,6,9.742151260375977,4.081239223480225,6,6,True,not_evaluated_uncalibrated,True
rome-math-n50-mistral-7b-v0.3-v1,analysis_out/rome-math-n50-mistral-7b-v0.3-v1/plans/mistral-7b-v0.3/cases0-49_r01/methods/rome/captures/rome-math-ablation.json,mistral-7b-v0.3,mistral,development,cases0-49_r01,rome,41,complete,6,True,M0_raw,13,5.938102722167969,0.12993192672729492,6,6,True,not_evaluated_uncalibrated,True
rome-math-n50-mistral-7b-v0.3-v1,analysis_out/rome-math-n50-mistral-7b-v0.3-v1/plans/mistral-7b-v0.3/cases0-49_r01/methods/rome/captures/rome-math-ablation.json,mistral-7b-v0.3,mistral,development,cases0-49_r01,rome,41,complete,6,True,M1_raw,6,1.6019721031188965,0.24815845489501953,6,6,True,not_evaluated_uncalibrated,True
rome-math-n50-mistral-7b-v0.3-v1,analysis_out/rome-math-n50-mistral-7b-v0.3-v1/plans/mistral-7b-v0.3/cases0-49_r01/methods/rome/captures/rome-math-ablation.json,mistral-7b-v0.3,mistral,development,cases0-49_r01,rome,42,complete,6,True,M0,13,0.011872448027133942,0.00010407436639070511,6,6,True,not_evaluated_uncalibrated,True
rome-math-n50-mistral-7b-v0.3-v1,analysis_out/rome-math-n50-mistral-7b-v0.3-v1/plans/mistral-7b-v0.3/cases0-49_r01/methods/rome/captures/rome-math-ablation.json,mistral-7b-v0.3,mistral,development,cases0-49_r01,rome,42,complete,6,True,M1,6,0.003155577927827835,0.0004528672434389591,6,6,True,not_evaluated_uncalibrated,True
rome-math-n50-mistral-7b-v0.3-v1,analysis_out/rome-math-n50-mistral-7b-v0.3-v1/plans/mistral-7b-v0.3/cases0-49_r01/methods/rome/captures/rome-math-ablation.json,mistral-7b-v0.3,mistral,development,cases0-49_r01,rome,42,complete,6,True,M2,7,4.902611393963071,0.9664084876991059,6,6,True,not_evaluated_uncalibrated,True
rome-math-n50-mistral-7b-v0.3-v1,analysis_out/rome-math-n50-mistral-7b-v0.3-v1/plans/mistral-7b-v0.3/cases0-49_r01/methods/rome/captures/rome-math-ablation.json,mistral-7b-v0.3,mistral,development,cases0-49_r01,rome,42,complete,6,True,M3,6,9.64968490600586,2.7611336708068848,6,6,True,not_evaluated_uncalibrated,True
rome-math-n50-mistral-7b-v0.3-v1,analysis_out/rome-math-n50-mistral-7b-v0.3-v1/plans/mistral-7b-v0.3/cases0-49_r01/methods/rome/captures/rome-math-ablation.json,mistral-7b-v0.3,mistral,development,cases0-49_r01,rome,42,complete,6,True,M0_raw,13,5.938102722167969,0.12993192672729492,6,6,True,not_evaluated_uncalibrated,True
rome-math-n50-mistral-7b-v0.3-v1,analysis_out/rome-math-n50-mistral-7b-v0.3-v1/plans/mistral-7b-v0.3/cases0-49_r01/methods/rome/captures/rome-math-ablation.json,mistral-7b-v0.3,mistral,development,cases0-49_r01,rome,42,complete,6,True,M1_raw,6,1.500543475151062,0.14672982692718506,6,6,True,not_evaluated_uncalibrated,True
rome-math-n50-mistral-7b-v0.3-v1,analysis_out/rome-math-n50-mistral-7b-v0.3-v1/plans/mistral-7b-v0.3/cases0-49_r01/methods/rome/captures/rome-math-ablation.json,mistral-7b-v0.3,mistral,development,cases0-49_r01,rome,43,complete,6,True,M0,13,0.011872448027133942,2.3822300136089325e-05,6,6,True,not_evaluated_uncalibrated,True
rome-math-n50-mistral-7b-v0.3-v1,analysis_out/rome-math-n50-mistral-7b-v0.3-v1/plans/mistral-7b-v0.3/cases0-49_r01/methods/rome/captures/rome-math-ablation.json,mistral-7b-v0.3,mistral,development,cases0-49_r01,rome,43,complete,6,True,M1,6,0.003450264222919941,0.000747553538531065,6,6,True,not_evaluated_uncalibrated,True
rome-math-n50-mistral-7b-v0.3-v1,analysis_out/rome-math-n50-mistral-7b-v0.3-v1/plans/mistral-7b-v0.3/cases0-49_r01/methods/rome/captures/rome-math-ablation.json,mistral-7b-v0.3,mistral,development,cases0-49_r01,rome,43,complete,6,True,M2,6,4.2771382957421515,0.8334970124320642,6,6,True,not_evaluated_uncalibrated,True
rome-math-n50-mistral-7b-v0.3-v1,analysis_out/rome-math-n50-mistral-7b-v0.3-v1/plans/mistral-7b-v0.3/cases0-49_r01/methods/rome/captures/rome-math-ablation.json,mistral-7b-v0.3,mistral,development,cases0-49_r01,rome,43,complete,6,True,M3,6,10.382673263549805,4.412088394165039,6,6,True,not_evaluated_uncalibrated,True
rome-math-n50-mistral-7b-v0.3-v1,analysis_out/rome-math-n50-mistral-7b-v0.3-v1/plans/mistral-7b-v0.3/cases0-49_r01/methods/rome/captures/rome-math-ablation.json,mistral-7b-v0.3,mistral,development,cases0-49_r01,rome,43,complete,6,True,M0_raw,13,5.938102722167969,0.12993192672729492,6,6,True,not_evaluated_uncalibrated,True
rome-math-n50-mistral-7b-v0.3-v1,analysis_out/rome-math-n50-mistral-7b-v0.3-v1/plans/mistral-7b-v0.3/cases0-49_r01/methods/rome/captures/rome-math-ablation.json,mistral-7b-v0.3,mistral,development,cases0-49_r01,rome,43,complete,6,True,M1_raw,6,1.6409237384796143,0.2871100902557373,6,6,True,not_evaluated_uncalibrated,True
rome-math-n50-mistral-7b-v0.3-v1,analysis_out/rome-math-n50-mistral-7b-v0.3-v1/plans/mistral-7b-v0.3/cases0-49_r01/methods/rome/captures/rome-math-ablation.json,mistral-7b-v0.3,mistral,development,cases0-49_r01,rome,44,complete,6,True,M0,13,0.011872448027133942,0.00010961107909679413,7,7,True,not_evaluated_uncalibrated,False
rome-math-n50-mistral-7b-v0.3-v1,analysis_out/rome-math-n50-mistral-7b-v0.3-v1/plans/mistral-7b-v0.3/cases0-49_r01/methods/rome/captures/rome-math-ablation.json,mistral-7b-v0.3,mistral,development,cases0-49_r01,rome,44,complete,6,True,M1,13,0.002702710684388876,0.00022310740314424038,7,7,True,not_evaluated_uncalibrated,False
rome-math-n50-mistral-7b-v0.3-v1,analysis_out/rome-math-n50-mistral-7b-v0.3-v1/plans/mistral-7b-v0.3/cases0-49_r01/methods/rome/captures/rome-math-ablation.json,mistral-7b-v0.3,mistral,development,cases0-49_r01,rome,44,complete,6,True,M2,7,4.902722280252134,1.4590809969420468,7,7,True,not_evaluated_uncalibrated,False
rome-math-n50-mistral-7b-v0.3-v1,analysis_out/rome-math-n50-mistral-7b-v0.3-v1/plans/mistral-7b-v0.3/cases0-49_r01/methods/rome/captures/rome-math-ablation.json,mistral-7b-v0.3,mistral,development,cases0-49_r01,rome,44,complete,6,True,M3,7,6.918694019317627,1.9491033554077148,7,7,True,not_evaluated_uncalibrated,False
rome-math-n50-mistral-7b-v0.3-v1,analysis_out/rome-math-n50-mistral-7b-v0.3-v1/plans/mistral-7b-v0.3/cases0-49_r01/methods/rome/captures/rome-math-ablation.json,mistral-7b-v0.3,mistral,development,cases0-49_r01,rome,44,complete,6,True,M0_raw,13,5.938102722167969,0.12993192672729492,7,7,True,not_evaluated_uncalibrated,False
rome-math-n50-mistral-7b-v0.3-v1,analysis_out/rome-math-n50-mistral-7b-v0.3-v1/plans/mistral-7b-v0.3/cases0-49_r01/methods/rome/captures/rome-math-ablation.json,mistral-7b-v0.3,mistral,development,cases0-49_r01,rome,44,complete,6,True,M1_raw,13,1.353813648223877,0.1745225191116333,7,7,True,not_evaluated_uncalibrated,False
rome-math-n50-mistral-7b-v0.3-v1,analysis_out/rome-math-n50-mistral-7b-v0.3-v1/plans/mistral-7b-v0.3/cases0-49_r01/methods/rome/captures/rome-math-ablation.json,mistral-7b-v0.3,mistral,development,cases0-49_r01,rome,45,complete,6,True,M0,13,0.011872448027133942,4.287436604499817e-05,6,6,True,not_evaluated_uncalibrated,True
rome-math-n50-mistral-7b-v0.3-v1,analysis_out/rome-math-n50-mistral-7b-v0.3-v1/plans/mistral-7b-v0.3/cases0-49_r01/methods/rome/captures/rome-math-ablation.json,mistral-7b-v0.3,mistral,development,cases0-49_r01,rome,45,complete,6,True,M1,6,0.003380397567525506,0.0006776868831366301,6,6,True,not_evaluated_uncalibrated,True
rome-math-n50-mistral-7b-v0.3-v1,analysis_out/rome-math-n50-mistral-7b-v0.3-v1/plans/mistral-7b-v0.3/cases0-49_r01/methods/rome/captures/rome-math-ablation.json,mistral-7b-v0.3,mistral,development,cases0-49_r01,rome,45,complete,6,True,M2,6,4.136692071584328,0.6930507882742405,6,6,True,not_evaluated_uncalibrated,True
rome-math-n50-mistral-7b-v0.3-v1,analysis_out/rome-math-n50-mistral-7b-v0.3-v1/plans/mistral-7b-v0.3/cases0-49_r01/methods/rome/captures/rome-math-ablation.json,mistral-7b-v0.3,mistral,development,cases0-49_r01,rome,45,complete,6,True,M3,6,9.269124031066895,3.3707876205444336,6,6,True,not_evaluated_uncalibrated,True
rome-math-n50-mistral-7b-v0.3-v1,analysis_out/rome-math-n50-mistral-7b-v0.3-v1/plans/mistral-7b-v0.3/cases0-49_r01/methods/rome/captures/rome-math-ablation.json,mistral-7b-v0.3,mistral,development,cases0-49_r01,rome,45,complete,6,True,M0_raw,13,5.938102722167969,0.12993192672729492,6,6,True,not_evaluated_uncalibrated,True
rome-math-n50-mistral-7b-v0.3-v1,analysis_out/rome-math-n50-mistral-7b-v0.3-v1/plans/mistral-7b-v0.3/cases0-49_r01/methods/rome/captures/rome-math-ablation.json,mistral-7b-v0.3,mistral,development,cases0-49_r01,rome,45,complete,6,True,M1_raw,6,1.6077880859375,0.25397443771362305,6,6,True,not_evaluated_uncalibrated,True
rome-math-n50-mistral-7b-v0.3-v1,analysis_out/rome-math-n50-mistral-7b-v0.3-v1/plans/mistral-7b-v0.3/cases0-49_r01/methods/rome/captures/rome-math-ablation.json,mistral-7b-v0.3,mistral,development,cases0-49_r01,rome,46,complete,6,True,M0,13,0.011872448027133942,3.4349970519542694e-05,6,6,True,not_evaluated_uncalibrated,True
rome-math-n50-mistral-7b-v0.3-v1,analysis_out/rome-math-n50-mistral-7b-v0.3-v1/plans/mistral-7b-v0.3/cases0-49_r01/methods/rome/captures/rome-math-ablation.json,mistral-7b-v0.3,mistral,development,cases0-49_r01,rome,46,complete,6,True,M1,6,0.0034128816332668066,0.0007101709488779306,6,6,True,not_evaluated_uncalibrated,True
rome-math-n50-mistral-7b-v0.3-v1,analysis_out/rome-math-n50-mistral-7b-v0.3-v1/plans/mistral-7b-v0.3/cases0-49_r01/methods/rome/captures/rome-math-ablation.json,mistral-7b-v0.3,mistral,development,cases0-49_r01,rome,46,complete,6,True,M2,6,4.187643084662124,0.7440018013520366,6,6,True,not_evaluated_uncalibrated,True
rome-math-n50-mistral-7b-v0.3-v1,analysis_out/rome-math-n50-mistral-7b-v0.3-v1/plans/mistral-7b-v0.3/cases0-49_r01/methods/rome/captures/rome-math-ablation.json,mistral-7b-v0.3,mistral,development,cases0-49_r01,rome,46,complete,6,True,M3,6,9.575621604919434,3.678342342376709,6,6,True,not_evaluated_uncalibrated,True
rome-math-n50-mistral-7b-v0.3-v1,analysis_out/rome-math-n50-mistral-7b-v0.3-v1/plans/mistral-7b-v0.3/cases0-49_r01/methods/rome/captures/rome-math-ablation.json,mistral-7b-v0.3,mistral,development,cases0-49_r01,rome,46,complete,6,True,M0_raw,13,5.938102722167969,0.12993192672729492,6,6,True,not_evaluated_uncalibrated,True
rome-math-n50-mistral-7b-v0.3-v1,analysis_out/rome-math-n50-mistral-7b-v0.3-v1/plans/mistral-7b-v0.3/cases0-49_r01/methods/rome/captures/rome-math-ablation.json,mistral-7b-v0.3,mistral,development,cases0-49_r01,rome,46,complete,6,True,M1_raw,6,1.623228669166565,0.269415020942688,6,6,True,not_evaluated_uncalibrated,True
rome-math-n50-mistral-7b-v0.3-v1,analysis_out/rome-math-n50-mistral-7b-v0.3-v1/plans/mistral-7b-v0.3/cases0-49_r01/methods/rome/captures/rome-math-ablation.json,mistral-7b-v0.3,mistral,development,cases0-49_r01,rome,47,complete,6,True,M0,13,0.011872448027133942,0.00010961107909679413,7,7,True,not_evaluated_uncalibrated,False
rome-math-n50-mistral-7b-v0.3-v1,analysis_out/rome-math-n50-mistral-7b-v0.3-v1/plans/mistral-7b-v0.3/cases0-49_r01/methods/rome/captures/rome-math-ablation.json,mistral-7b-v0.3,mistral,development,cases0-49_r01,rome,47,complete,6,True,M1,13,0.002702710684388876,5.49850519746542e-05,7,7,True,not_evaluated_uncalibrated,False
rome-math-n50-mistral-7b-v0.3-v1,analysis_out/rome-math-n50-mistral-7b-v0.3-v1/plans/mistral-7b-v0.3/cases0-49_r01/methods/rome/captures/rome-math-ablation.json,mistral-7b-v0.3,mistral,development,cases0-49_r01,rome,47,complete,6,True,M2,7,4.901311965026176,1.4576706817160887,7,7,True,not_evaluated_uncalibrated,False
rome-math-n50-mistral-7b-v0.3-v1,analysis_out/rome-math-n50-mistral-7b-v0.3-v1/plans/mistral-7b-v0.3/cases0-49_r01/methods/rome/captures/rome-math-ablation.json,mistral-7b-v0.3,mistral,development,cases0-49_r01,rome,47,complete,6,True,M3,7,6.912054538726807,1.9322872161865234,7,7,True,not_evaluated_uncalibrated,False
rome-math-n50-mistral-7b-v0.3-v1,analysis_out/rome-math-n50-mistral-7b-v0.3-v1/plans/mistral-7b-v0.3/cases0-49_r01/methods/rome/captures/rome-math-ablation.json,mistral-7b-v0.3,mistral,development,cases0-49_r01,rome,47,complete,6,True,M0_raw,13,5.938102722167969,0.12993192672729492,7,7,True,not_evaluated_uncalibrated,False
rome-math-n50-mistral-7b-v0.3-v1,analysis_out/rome-math-n50-mistral-7b-v0.3-v1/plans/mistral-7b-v0.3/cases0-49_r01/methods/rome/captures/rome-math-ablation.json,mistral-7b-v0.3,mistral,development,cases0-49_r01,rome,47,complete,6,True,M1_raw,13,1.353813648223877,0.09476447105407715,7,7,True,not_evaluated_uncalibrated,False
rome-math-n50-mistral-7b-v0.3-v1,analysis_out/rome-math-n50-mistral-7b-v0.3-v1/plans/mistral-7b-v0.3/cases0-49_r01/methods/rome/captures/rome-math-ablation.json,mistral-7b-v0.3,mistral,development,cases0-49_r01,rome,48,complete,6,True,M0,13,0.011872448027133942,0.00010961107909679413,6,6,True,not_evaluated_uncalibrated,True
rome-math-n50-mistral-7b-v0.3-v1,analysis_out/rome-math-n50-mistral-7b-v0.3-v1/plans/mistral-7b-v0.3/cases0-49_r01/methods/rome/captures/rome-math-ablation.json,mistral-7b-v0.3,mistral,development,cases0-49_r01,rome,48,complete,6,True,M1,6,0.0030919762793928385,0.0003892655950039625,6,6,True,not_evaluated_uncalibrated,True
rome-math-n50-mistral-7b-v0.3-v1,analysis_out/rome-math-n50-mistral-7b-v0.3-v1/plans/mistral-7b-v0.3/cases0-49_r01/methods/rome/captures/rome-math-ablation.json,mistral-7b-v0.3,mistral,development,cases0-49_r01,rome,48,complete,6,True,M2,7,4.887047576557544,0.9934145713055593,6,6,True,not_evaluated_uncalibrated,True
rome-math-n50-mistral-7b-v0.3-v1,analysis_out/rome-math-n50-mistral-7b-v0.3-v1/plans/mistral-7b-v0.3/cases0-49_r01/methods/rome/captures/rome-math-ablation.json,mistral-7b-v0.3,mistral,development,cases0-49_r01,rome,48,complete,6,True,M3,6,10.225264549255371,4.242007255554199,6,6,True,not_evaluated_uncalibrated,True
rome-math-n50-mistral-7b-v0.3-v1,analysis_out/rome-math-n50-mistral-7b-v0.3-v1/plans/mistral-7b-v0.3/cases0-49_r01/methods/rome/captures/rome-math-ablation.json,mistral-7b-v0.3,mistral,development,cases0-49_r01,rome,48,complete,6,True,M0_raw,13,5.938102722167969,0.12993192672729492,6,6,True,not_evaluated_uncalibrated,True
rome-math-n50-mistral-7b-v0.3-v1,analysis_out/rome-math-n50-mistral-7b-v0.3-v1/plans/mistral-7b-v0.3/cases0-49_r01/methods/rome/captures/rome-math-ablation.json,mistral-7b-v0.3,mistral,development,cases0-49_r01,rome,48,complete,6,True,M1_raw,6,1.4701893329620361,0.11637568473815918,6,6,True,not_evaluated_uncalibrated,True
rome-math-n50-mistral-7b-v0.3-v1,analysis_out/rome-math-n50-mistral-7b-v0.3-v1/plans/mistral-7b-v0.3/cases0-49_r01/methods/rome/captures/rome-math-ablation.json,mistral-7b-v0.3,mistral,development,cases0-49_r01,rome,49,complete,6,True,M0,13,0.011872448027133942,0.00010961107909679413,6,6,True,not_evaluated_uncalibrated,True
rome-math-n50-mistral-7b-v0.3-v1,analysis_out/rome-math-n50-mistral-7b-v0.3-v1/plans/mistral-7b-v0.3/cases0-49_r01/methods/rome/captures/rome-math-ablation.json,mistral-7b-v0.3,mistral,development,cases0-49_r01,rome,49,complete,6,True,M1,6,0.0030859073158353567,0.00038319663144648075,6,6,True,not_evaluated_uncalibrated,True
rome-math-n50-mistral-7b-v0.3-v1,analysis_out/rome-math-n50-mistral-7b-v0.3-v1/plans/mistral-7b-v0.3/cases0-49_r01/methods/rome/captures/rome-math-ablation.json,mistral-7b-v0.3,mistral,development,cases0-49_r01,rome,49,complete,6,True,M2,7,4.9088177724109086,1.0580377185124985,6,6,True,not_evaluated_uncalibrated,True
rome-math-n50-mistral-7b-v0.3-v1,analysis_out/rome-math-n50-mistral-7b-v0.3-v1/plans/mistral-7b-v0.3/cases0-49_r01/methods/rome/captures/rome-math-ablation.json,mistral-7b-v0.3,mistral,development,cases0-49_r01,rome,49,complete,6,True,M3,6,9.384857177734375,3.2875823974609375,6,6,True,not_evaluated_uncalibrated,True
rome-math-n50-mistral-7b-v0.3-v1,analysis_out/rome-math-n50-mistral-7b-v0.3-v1/plans/mistral-7b-v0.3/cases0-49_r01/methods/rome/captures/rome-math-ablation.json,mistral-7b-v0.3,mistral,development,cases0-49_r01,rome,49,complete,6,True,M0_raw,13,5.938102722167969,0.12993192672729492,6,6,True,not_evaluated_uncalibrated,True
rome-math-n50-mistral-7b-v0.3-v1,analysis_out/rome-math-n50-mistral-7b-v0.3-v1/plans/mistral-7b-v0.3/cases0-49_r01/methods/rome/captures/rome-math-ablation.json,mistral-7b-v0.3,mistral,development,cases0-49_r01,rome,49,complete,6,True,M1_raw,6,1.467414379119873,0.1136007308959961,6,6,True,not_evaluated_uncalibrated,True
rome-math-n50-mistral-7b-v0.3-v1,analysis_out/rome-math-n50-mistral-7b-v0.3-v1/plans/mistral-7b-v0.3/cases0-49_r01/methods/rome/captures/rome-math-ablation.json,mistral-7b-v0.3,mistral,development,cases0-49_r01,rome,50,complete,6,True,M0,13,0.011872448027133942,0.00010961107909679413,7,7,True,not_evaluated_uncalibrated,False
rome-math-n50-mistral-7b-v0.3-v1,analysis_out/rome-math-n50-mistral-7b-v0.3-v1/plans/mistral-7b-v0.3/cases0-49_r01/methods/rome/captures/rome-math-ablation.json,mistral-7b-v0.3,mistral,development,cases0-49_r01,rome,50,complete,6,True,M1,13,0.002702710684388876,0.00016308249905705452,7,7,True,not_evaluated_uncalibrated,False
rome-math-n50-mistral-7b-v0.3-v1,analysis_out/rome-math-n50-mistral-7b-v0.3-v1/plans/mistral-7b-v0.3/cases0-49_r01/methods/rome/captures/rome-math-ablation.json,mistral-7b-v0.3,mistral,development,cases0-49_r01,rome,50,complete,6,True,M2,7,4.904650602638643,1.4610093193285558,7,7,True,not_evaluated_uncalibrated,False
rome-math-n50-mistral-7b-v0.3-v1,analysis_out/rome-math-n50-mistral-7b-v0.3-v1/plans/mistral-7b-v0.3/cases0-49_r01/methods/rome/captures/rome-math-ablation.json,mistral-7b-v0.3,mistral,development,cases0-49_r01,rome,50,complete,6,True,M3,7,6.912417888641357,1.9428272247314453,7,7,True,not_evaluated_uncalibrated,False
rome-math-n50-mistral-7b-v0.3-v1,analysis_out/rome-math-n50-mistral-7b-v0.3-v1/plans/mistral-7b-v0.3/cases0-49_r01/methods/rome/captures/rome-math-ablation.json,mistral-7b-v0.3,mistral,development,cases0-49_r01,rome,50,complete,6,True,M0_raw,13,5.938102722167969,0.12993192672729492,7,7,True,not_evaluated_uncalibrated,False
rome-math-n50-mistral-7b-v0.3-v1,analysis_out/rome-math-n50-mistral-7b-v0.3-v1/plans/mistral-7b-v0.3/cases0-49_r01/methods/rome/captures/rome-math-ablation.json,mistral-7b-v0.3,mistral,development,cases0-49_r01,rome,50,complete,6,True,M1_raw,13,1.353813648223877,0.14557862281799316,7,7,True,not_evaluated_uncalibrated,False
rome-math-n50-mistral-7b-v0.3-v1,analysis_out/rome-math-n50-mistral-7b-v0.3-v1/plans/mistral-7b-v0.3/cases0-49_r01/methods/rome/captures/rome-math-ablation.json,mistral-7b-v0.3,mistral,development,cases0-49_r01,rome,52,complete,6,True,M0,13,0.011872448027133942,0.00010961107909679413,7,7,True,not_evaluated_uncalibrated,False
rome-math-n50-mistral-7b-v0.3-v1,analysis_out/rome-math-n50-mistral-7b-v0.3-v1/plans/mistral-7b-v0.3/cases0-49_r01/methods/rome/captures/rome-math-ablation.json,mistral-7b-v0.3,mistral,development,cases0-49_r01,rome,52,complete,6,True,M1,13,0.002702710684388876,0.00014219572767615318,7,7,True,not_evaluated_uncalibrated,False
rome-math-n50-mistral-7b-v0.3-v1,analysis_out/rome-math-n50-mistral-7b-v0.3-v1/plans/mistral-7b-v0.3/cases0-49_r01/methods/rome/captures/rome-math-ablation.json,mistral-7b-v0.3,mistral,development,cases0-49_r01,rome,52,complete,6,True,M2,7,4.9004100038009435,1.4567687204908562,7,7,True,not_evaluated_uncalibrated,False
rome-math-n50-mistral-7b-v0.3-v1,analysis_out/rome-math-n50-mistral-7b-v0.3-v1/plans/mistral-7b-v0.3/cases0-49_r01/methods/rome/captures/rome-math-ablation.json,mistral-7b-v0.3,mistral,development,cases0-49_r01,rome,52,complete,6,True,M3,7,6.899585247039795,1.9299945831298828,7,7,True,not_evaluated_uncalibrated,False
rome-math-n50-mistral-7b-v0.3-v1,analysis_out/rome-math-n50-mistral-7b-v0.3-v1/plans/mistral-7b-v0.3/cases0-49_r01/methods/rome/captures/rome-math-ablation.json,mistral-7b-v0.3,mistral,development,cases0-49_r01,rome,52,complete,6,True,M0_raw,13,5.938102722167969,0.12993192672729492,7,7,True,not_evaluated_uncalibrated,False
rome-math-n50-mistral-7b-v0.3-v1,analysis_out/rome-math-n50-mistral-7b-v0.3-v1/plans/mistral-7b-v0.3/cases0-49_r01/methods/rome/captures/rome-math-ablation.json,mistral-7b-v0.3,mistral,development,cases0-49_r01,rome,52,complete,6,True,M1_raw,13,1.353813648223877,0.1358029842376709,7,7,True,not_evaluated_uncalibrated,False
rome-math-n50-mistral-7b-v0.3-v1,analysis_out/rome-math-n50-mistral-7b-v0.3-v1/plans/mistral-7b-v0.3/cases0-49_r01/methods/rome/captures/rome-math-ablation.json,mistral-7b-v0.3,mistral,development,cases0-49_r01,rome,53,complete,6,True,M0,13,0.011872448027133942,0.00010961107909679413,7,7,True,not_evaluated_uncalibrated,False
rome-math-n50-mistral-7b-v0.3-v1,analysis_out/rome-math-n50-mistral-7b-v0.3-v1/plans/mistral-7b-v0.3/cases0-49_r01/methods/rome/captures/rome-math-ablation.json,mistral-7b-v0.3,mistral,development,cases0-49_r01,rome,53,complete,6,True,M1,6,0.002712409710511565,9.699026122689247e-06,7,7,True,not_evaluated_uncalibrated,False
rome-math-n50-mistral-7b-v0.3-v1,analysis_out/rome-math-n50-mistral-7b-v0.3-v1/plans/mistral-7b-v0.3/cases0-49_r01/methods/rome/captures/rome-math-ablation.json,mistral-7b-v0.3,mistral,development,cases0-49_r01,rome,53,complete,6,True,M2,7,4.903080617771987,1.4594393344618992,7,7,True,not_evaluated_uncalibrated,False
rome-math-n50-mistral-7b-v0.3-v1,analysis_out/rome-math-n50-mistral-7b-v0.3-v1/plans/mistral-7b-v0.3/cases0-49_r01/methods/rome/captures/rome-math-ablation.json,mistral-7b-v0.3,mistral,development,cases0-49_r01,rome,53,complete,6,True,M3,7,6.918771743774414,1.949181079864502,7,7,True,not_evaluated_uncalibrated,False
rome-math-n50-mistral-7b-v0.3-v1,analysis_out/rome-math-n50-mistral-7b-v0.3-v1/plans/mistral-7b-v0.3/cases0-49_r01/methods/rome/captures/rome-math-ablation.json,mistral-7b-v0.3,mistral,development,cases0-49_r01,rome,53,complete,6,True,M0_raw,13,5.938102722167969,0.12993192672729492,7,7,True,not_evaluated_uncalibrated,False
rome-math-n50-mistral-7b-v0.3-v1,analysis_out/rome-math-n50-mistral-7b-v0.3-v1/plans/mistral-7b-v0.3/cases0-49_r01/methods/rome/captures/rome-math-ablation.json,mistral-7b-v0.3,mistral,development,cases0-49_r01,rome,53,complete,6,True,M1_raw,13,1.353813648223877,0.06396007537841797,7,7,True,not_evaluated_uncalibrated,False
rome-math-n50-opt-6.7b-v1,analysis_out/rome-math-n50-opt-6.7b-v1/plans/opt-6.7b/cases0-49_r01/methods/rome/captures/rome-math-ablation.json,opt-6.7b,opt,development,cases0-49_r01,rome,0,complete,14,True,M0,3,0.012274709530174732,0.00029868166893720627,14,14,True,not_evaluated_uncalibrated,True
rome-math-n50-opt-6.7b-v1,analysis_out/rome-math-n50-opt-6.7b-v1/plans/opt-6.7b/cases0-49_r01/methods/rome/captures/rome-math-ablation.json,opt-6.7b,opt,development,cases0-49_r01,rome,0,complete,14,True,M1,3,0.007717981934547424,0.0020199972204864025,14,14,True,not_evaluated_uncalibrated,True
rome-math-n50-opt-6.7b-v1,analysis_out/rome-math-n50-opt-6.7b-v1/plans/opt-6.7b/cases0-49_r01/methods/rome/captures/rome-math-ablation.json,opt-6.7b,opt,development,cases0-49_r01,rome,0,complete,14,True,M2,14,2.003749013130482,0.7146445208600769,14,14,True,not_evaluated_uncalibrated,True
rome-math-n50-opt-6.7b-v1,analysis_out/rome-math-n50-opt-6.7b-v1/plans/opt-6.7b/cases0-49_r01/methods/rome/captures/rome-math-ablation.json,opt-6.7b,opt,development,cases0-49_r01,rome,0,complete,14,True,M3,14,4.9573845863342285,3.011252284049988,14,14,True,not_evaluated_uncalibrated,True
rome-math-n50-opt-6.7b-v1,analysis_out/rome-math-n50-opt-6.7b-v1/plans/opt-6.7b/cases0-49_r01/methods/rome/captures/rome-math-ablation.json,opt-6.7b,opt,development,cases0-49_r01,rome,0,complete,14,True,M0_raw,28,246.9446258544922,7.9267578125,14,14,True,not_evaluated_uncalibrated,True
rome-math-n50-opt-6.7b-v1,analysis_out/rome-math-n50-opt-6.7b-v1/plans/opt-6.7b/cases0-49_r01/methods/rome/captures/rome-math-ablation.json,opt-6.7b,opt,development,cases0-49_r01,rome,0,complete,14,True,M1_raw,3,120.5748519897461,34.76287078857422,14,14,True,not_evaluated_uncalibrated,True
rome-math-n50-opt-6.7b-v1,analysis_out/rome-math-n50-opt-6.7b-v1/plans/opt-6.7b/cases0-49_r01/methods/rome/captures/rome-math-ablation.json,opt-6.7b,opt,development,cases0-49_r01,rome,1,complete,14,True,M0,3,0.012274709530174732,0.0002997554838657379,14,14,True,not_evaluated_uncalibrated,True
rome-math-n50-opt-6.7b-v1,analysis_out/rome-math-n50-opt-6.7b-v1/plans/opt-6.7b/cases0-49_r01/methods/rome/captures/rome-math-ablation.json,opt-6.7b,opt,development,cases0-49_r01,rome,1,complete,14,True,M1,3,0.007717981934547424,0.0020199972204864025,14,14,True,not_evaluated_uncalibrated,True
rome-math-n50-opt-6.7b-v1,analysis_out/rome-math-n50-opt-6.7b-v1/plans/opt-6.7b/cases0-49_r01/methods/rome/captures/rome-math-ablation.json,opt-6.7b,opt,development,cases0-49_r01,rome,1,complete,14,True,M2,14,1.9965088132971993,0.707022697021642,14,14,True,not_evaluated_uncalibrated,True
rome-math-n50-opt-6.7b-v1,analysis_out/rome-math-n50-opt-6.7b-v1/plans/opt-6.7b/cases0-49_r01/methods/rome/captures/rome-math-ablation.json,opt-6.7b,opt,development,cases0-49_r01,rome,1,complete,14,True,M3,14,5.205796241760254,3.2699161767959595,14,14,True,not_evaluated_uncalibrated,True
rome-math-n50-opt-6.7b-v1,analysis_out/rome-math-n50-opt-6.7b-v1/plans/opt-6.7b/cases0-49_r01/methods/rome/captures/rome-math-ablation.json,opt-6.7b,opt,development,cases0-49_r01,rome,1,complete,14,True,M0_raw,28,246.9446258544922,7.9267578125,14,14,True,not_evaluated_uncalibrated,True
rome-math-n50-opt-6.7b-v1,analysis_out/rome-math-n50-opt-6.7b-v1/plans/opt-6.7b/cases0-49_r01/methods/rome/captures/rome-math-ablation.json,opt-6.7b,opt,development,cases0-49_r01,rome,1,complete,14,True,M1_raw,3,120.5748519897461,34.76287078857422,14,14,True,not_evaluated_uncalibrated,True
rome-math-n50-opt-6.7b-v1,analysis_out/rome-math-n50-opt-6.7b-v1/plans/opt-6.7b/cases0-49_r01/methods/rome/captures/rome-math-ablation.json,opt-6.7b,opt,development,cases0-49_r01,rome,2,complete,14,True,M0,3,0.012274709530174732,0.0003089196979999542,14,3,True,not_evaluated_uncalibrated,True
rome-math-n50-opt-6.7b-v1,analysis_out/rome-math-n50-opt-6.7b-v1/plans/opt-6.7b/cases0-49_r01/methods/rome/captures/rome-math-ablation.json,opt-6.7b,opt,development,cases0-49_r01,rome,2,complete,14,True,M1,3,0.007717981934547424,0.0020199972204864025,14,3,True,not_evaluated_uncalibrated,True
rome-math-n50-opt-6.7b-v1,analysis_out/rome-math-n50-opt-6.7b-v1/plans/opt-6.7b/cases0-49_r01/methods/rome/captures/rome-math-ablation.json,opt-6.7b,opt,development,cases0-49_r01,rome,2,complete,14,True,M2,14,1.8796897186904942,0.5902582207477709,14,3,True,not_evaluated_uncalibrated,True
rome-math-n50-opt-6.7b-v1,analysis_out/rome-math-n50-opt-6.7b-v1/plans/opt-6.7b/cases0-49_r01/methods/rome/captures/rome-math-ablation.json,opt-6.7b,opt,development,cases0-49_r01,rome,2,complete,14,True,M3,14,4.152916431427002,2.203099846839905,14,3,True,not_evaluated_uncalibrated,True
rome-math-n50-opt-6.7b-v1,analysis_out/rome-math-n50-opt-6.7b-v1/plans/opt-6.7b/cases0-49_r01/methods/rome/captures/rome-math-ablation.json,opt-6.7b,opt,development,cases0-49_r01,rome,2,complete,14,True,M0_raw,28,246.9446258544922,7.9267578125,14,3,True,not_evaluated_uncalibrated,True
rome-math-n50-opt-6.7b-v1,analysis_out/rome-math-n50-opt-6.7b-v1/plans/opt-6.7b/cases0-49_r01/methods/rome/captures/rome-math-ablation.json,opt-6.7b,opt,development,cases0-49_r01,rome,2,complete,14,True,M1_raw,3,120.5748519897461,34.76287078857422,14,3,True,not_evaluated_uncalibrated,True
rome-math-n50-opt-6.7b-v1,analysis_out/rome-math-n50-opt-6.7b-v1/plans/opt-6.7b/cases0-49_r01/methods/rome/captures/rome-math-ablation.json,opt-6.7b,opt,development,cases0-49_r01,rome,3,complete,14,True,M0,3,0.012274709530174732,0.0002810657024383545,14,14,True,not_evaluated_uncalibrated,True
rome-math-n50-opt-6.7b-v1,analysis_out/rome-math-n50-opt-6.7b-v1/plans/opt-6.7b/cases0-49_r01/methods/rome/captures/rome-math-ablation.json,opt-6.7b,opt,development,cases0-49_r01,rome,3,complete,14,True,M1,3,0.007717981934547424,0.0020199972204864025,14,14,True,not_evaluated_uncalibrated,True
rome-math-n50-opt-6.7b-v1,analysis_out/rome-math-n50-opt-6.7b-v1/plans/opt-6.7b/cases0-49_r01/methods/rome/captures/rome-math-ablation.json,opt-6.7b,opt,development,cases0-49_r01,rome,3,complete,14,True,M2,14,2.160236934465866,0.870555663621629,14,14,True,not_evaluated_uncalibrated,True
rome-math-n50-opt-6.7b-v1,analysis_out/rome-math-n50-opt-6.7b-v1/plans/opt-6.7b/cases0-49_r01/methods/rome/captures/rome-math-ablation.json,opt-6.7b,opt,development,cases0-49_r01,rome,3,complete,14,True,M3,14,7.376227378845215,5.4296839237213135,14,14,True,not_evaluated_uncalibrated,True
rome-math-n50-opt-6.7b-v1,analysis_out/rome-math-n50-opt-6.7b-v1/plans/opt-6.7b/cases0-49_r01/methods/rome/captures/rome-math-ablation.json,opt-6.7b,opt,development,cases0-49_r01,rome,3,complete,14,True,M0_raw,28,246.9446258544922,7.9267578125,14,14,True,not_evaluated_uncalibrated,True
rome-math-n50-opt-6.7b-v1,analysis_out/rome-math-n50-opt-6.7b-v1/plans/opt-6.7b/cases0-49_r01/methods/rome/captures/rome-math-ablation.json,opt-6.7b,opt,development,cases0-49_r01,rome,3,complete,14,True,M1_raw,3,120.5748519897461,34.76287078857422,14,14,True,not_evaluated_uncalibrated,True
rome-math-n50-opt-6.7b-v1,analysis_out/rome-math-n50-opt-6.7b-v1/plans/opt-6.7b/cases0-49_r01/methods/rome/captures/rome-math-ablation.json,opt-6.7b,opt,development,cases0-49_r01,rome,4,complete,14,True,M0,3,0.012274709530174732,0.0002960655838251114,14,14,True,not_evaluated_uncalibrated,True
rome-math-n50-opt-6.7b-v1,analysis_out/rome-math-n50-opt-6.7b-v1/plans/opt-6.7b/cases0-49_r01/methods/rome/captures/rome-math-ablation.json,opt-6.7b,opt,development,cases0-49_r01,rome,4,complete,14,True,M1,3,0.007717981934547424,0.0020199972204864025,14,14,True,not_evaluated_uncalibrated,True
rome-math-n50-opt-6.7b-v1,analysis_out/rome-math-n50-opt-6.7b-v1/plans/opt-6.7b/cases0-49_r01/methods/rome/captures/rome-math-ablation.json,opt-6.7b,opt,development,cases0-49_r01,rome,4,complete,14,True,M2,14,2.0456452352625956,0.7569219293115295,14,14,True,not_evaluated_uncalibrated,True
rome-math-n50-opt-6.7b-v1,analysis_out/rome-math-n50-opt-6.7b-v1/plans/opt-6.7b/cases0-49_r01/methods/rome/captures/rome-math-ablation.json,opt-6.7b,opt,development,cases0-49_r01,rome,4,complete,14,True,M3,14,6.3063764572143555,4.360920548439026,14,14,True,not_evaluated_uncalibrated,True
rome-math-n50-opt-6.7b-v1,analysis_out/rome-math-n50-opt-6.7b-v1/plans/opt-6.7b/cases0-49_r01/methods/rome/captures/rome-math-ablation.json,opt-6.7b,opt,development,cases0-49_r01,rome,4,complete,14,True,M0_raw,28,246.9446258544922,7.9267578125,14,14,True,not_evaluated_uncalibrated,True
rome-math-n50-opt-6.7b-v1,analysis_out/rome-math-n50-opt-6.7b-v1/plans/opt-6.7b/cases0-49_r01/methods/rome/captures/rome-math-ablation.json,opt-6.7b,opt,development,cases0-49_r01,rome,4,complete,14,True,M1_raw,3,120.5748519897461,34.76287078857422,14,14,True,not_evaluated_uncalibrated,True
rome-math-n50-opt-6.7b-v1,analysis_out/rome-math-n50-opt-6.7b-v1/plans/opt-6.7b/cases0-49_r01/methods/rome/captures/rome-math-ablation.json,opt-6.7b,opt,development,cases0-49_r01,rome,5,complete,14,True,M0,3,0.012274709530174732,0.0003114202991127968,14,3,True,not_evaluated_uncalibrated,True
rome-math-n50-opt-6.7b-v1,analysis_out/rome-math-n50-opt-6.7b-v1/plans/opt-6.7b/cases0-49_r01/methods/rome/captures/rome-math-ablation.json,opt-6.7b,opt,development,cases0-49_r01,rome,5,complete,14,True,M1,3,0.007717981934547424,0.0020199972204864025,14,3,True,not_evaluated_uncalibrated,True
rome-math-n50-opt-6.7b-v1,analysis_out/rome-math-n50-opt-6.7b-v1/plans/opt-6.7b/cases0-49_r01/methods/rome/captures/rome-math-ablation.json,opt-6.7b,opt,development,cases0-49_r01,rome,5,complete,14,True,M2,14,1.7438912047048383,0.4545203095468766,14,3,True,not_evaluated_uncalibrated,True
rome-math-n50-opt-6.7b-v1,analysis_out/rome-math-n50-opt-6.7b-v1/plans/opt-6.7b/cases0-49_r01/methods/rome/captures/rome-math-ablation.json,opt-6.7b,opt,development,cases0-49_r01,rome,5,complete,14,True,M3,14,3.1260287761688232,1.1789028644561768,14,3,True,not_evaluated_uncalibrated,True
rome-math-n50-opt-6.7b-v1,analysis_out/rome-math-n50-opt-6.7b-v1/plans/opt-6.7b/cases0-49_r01/methods/rome/captures/rome-math-ablation.json,opt-6.7b,opt,development,cases0-49_r01,rome,5,complete,14,True,M0_raw,28,246.9446258544922,7.9267578125,14,3,True,not_evaluated_uncalibrated,True
rome-math-n50-opt-6.7b-v1,analysis_out/rome-math-n50-opt-6.7b-v1/plans/opt-6.7b/cases0-49_r01/methods/rome/captures/rome-math-ablation.json,opt-6.7b,opt,development,cases0-49_r01,rome,5,complete,14,True,M1_raw,3,120.5748519897461,34.76287078857422,14,3,True,not_evaluated_uncalibrated,True
rome-math-n50-opt-6.7b-v1,analysis_out/rome-math-n50-opt-6.7b-v1/plans/opt-6.7b/cases0-49_r01/methods/rome/captures/rome-math-ablation.json,opt-6.7b,opt,development,cases0-49_r01,rome,6,complete,14,True,M0,3,0.012274709530174732,0.00031581148505210876,14,3,True,not_evaluated_uncalibrated,True
rome-math-n50-opt-6.7b-v1,analysis_out/rome-math-n50-opt-6.7b-v1/plans/opt-6.7b/cases0-49_r01/methods/rome/captures/rome-math-ablation.json,opt-6.7b,opt,development,cases0-49_r01,rome,6,complete,14,True,M1,3,0.007717981934547424,0.0020199972204864025,14,3,True,not_evaluated_uncalibrated,True
rome-math-n50-opt-6.7b-v1,analysis_out/rome-math-n50-opt-6.7b-v1/plans/opt-6.7b/cases0-49_r01/methods/rome/captures/rome-math-ablation.json,opt-6.7b,opt,development,cases0-49_r01,rome,6,complete,14,True,M2,15,1.2895943042840665,0.35017690981337746,14,3,True,not_evaluated_uncalibrated,True
rome-math-n50-opt-6.7b-v1,analysis_out/rome-math-n50-opt-6.7b-v1/plans/opt-6.7b/cases0-49_r01/methods/rome/captures/rome-math-ablation.json,opt-6.7b,opt,development,cases0-49_r01,rome,6,complete,14,True,M3,14,1.9841910600662231,0.03569650650024414,14,3,True,not_evaluated_uncalibrated,True
rome-math-n50-opt-6.7b-v1,analysis_out/rome-math-n50-opt-6.7b-v1/plans/opt-6.7b/cases0-49_r01/methods/rome/captures/rome-math-ablation.json,opt-6.7b,opt,development,cases0-49_r01,rome,6,complete,14,True,M0_raw,28,246.9446258544922,7.9267578125,14,3,True,not_evaluated_uncalibrated,True
rome-math-n50-opt-6.7b-v1,analysis_out/rome-math-n50-opt-6.7b-v1/plans/opt-6.7b/cases0-49_r01/methods/rome/captures/rome-math-ablation.json,opt-6.7b,opt,development,cases0-49_r01,rome,6,complete,14,True,M1_raw,3,120.5748519897461,34.76287078857422,14,3,True,not_evaluated_uncalibrated,True
rome-math-n50-opt-6.7b-v1,analysis_out/rome-math-n50-opt-6.7b-v1/plans/opt-6.7b/cases0-49_r01/methods/rome/captures/rome-math-ablation.json,opt-6.7b,opt,development,cases0-49_r01,rome,7,complete,14,True,M0,3,0.012274709530174732,0.00026799459010362625,14,14,True,not_evaluated_uncalibrated,True
rome-math-n50-opt-6.7b-v1,analysis_out/rome-math-n50-opt-6.7b-v1/plans/opt-6.7b/cases0-49_r01/methods/rome/captures/rome-math-ablation.json,opt-6.7b,opt,development,cases0-49_r01,rome,7,complete,14,True,M1,3,0.007717981934547424,0.0020199972204864025,14,14,True,not_evaluated_uncalibrated,True
rome-math-n50-opt-6.7b-v1,analysis_out/rome-math-n50-opt-6.7b-v1/plans/opt-6.7b/cases0-49_r01/methods/rome/captures/rome-math-ablation.json,opt-6.7b,opt,development,cases0-49_r01,rome,7,complete,14,True,M2,14,2.2585112535165086,0.9685935731856183,14,14,True,not_evaluated_uncalibrated,True
rome-math-n50-opt-6.7b-v1,analysis_out/rome-math-n50-opt-6.7b-v1/plans/opt-6.7b/cases0-49_r01/methods/rome/captures/rome-math-ablation.json,opt-6.7b,opt,development,cases0-49_r01,rome,7,complete,14,True,M3,14,6.992123603820801,5.043103337287903,14,14,True,not_evaluated_uncalibrated,True
rome-math-n50-opt-6.7b-v1,analysis_out/rome-math-n50-opt-6.7b-v1/plans/opt-6.7b/cases0-49_r01/methods/rome/captures/rome-math-ablation.json,opt-6.7b,opt,development,cases0-49_r01,rome,7,complete,14,True,M0_raw,28,246.9446258544922,7.9267578125,14,14,True,not_evaluated_uncalibrated,True
rome-math-n50-opt-6.7b-v1,analysis_out/rome-math-n50-opt-6.7b-v1/plans/opt-6.7b/cases0-49_r01/methods/rome/captures/rome-math-ablation.json,opt-6.7b,opt,development,cases0-49_r01,rome,7,complete,14,True,M1_raw,3,120.5748519897461,34.76287078857422,14,14,True,not_evaluated_uncalibrated,True
rome-math-n50-opt-6.7b-v1,analysis_out/rome-math-n50-opt-6.7b-v1/plans/opt-6.7b/cases0-49_r01/methods/rome/captures/rome-math-ablation.json,opt-6.7b,opt,development,cases0-49_r01,rome,8,complete,14,True,M0,3,0.012274709530174732,0.0003001820296049118,14,14,True,not_evaluated_uncalibrated,True
rome-math-n50-opt-6.7b-v1,analysis_out/rome-math-n50-opt-6.7b-v1/plans/opt-6.7b/cases0-49_r01/methods/rome/captures/rome-math-ablation.json,opt-6.7b,opt,development,cases0-49_r01,rome,8,complete,14,True,M1,3,0.007717981934547424,0.0020199972204864025,14,14,True,not_evaluated_uncalibrated,True
rome-math-n50-opt-6.7b-v1,analysis_out/rome-math-n50-opt-6.7b-v1/plans/opt-6.7b/cases0-49_r01/methods/rome/captures/rome-math-ablation.json,opt-6.7b,opt,development,cases0-49_r01,rome,8,complete,14,True,M2,14,1.995711583783698,0.7060010064734965,14,14,True,not_evaluated_uncalibrated,True
rome-math-n50-opt-6.7b-v1,analysis_out/rome-math-n50-opt-6.7b-v1/plans/opt-6.7b/cases0-49_r01/methods/rome/captures/rome-math-ablation.json,opt-6.7b,opt,development,cases0-49_r01,rome,8,complete,14,True,M3,14,5.931702136993408,3.9797219038009644,14,14,True,not_evaluated_uncalibrated,True
rome-math-n50-opt-6.7b-v1,analysis_out/rome-math-n50-opt-6.7b-v1/plans/opt-6.7b/cases0-49_r01/methods/rome/captures/rome-math-ablation.json,opt-6.7b,opt,development,cases0-49_r01,rome,8,complete,14,True,M0_raw,28,246.9446258544922,7.9267578125,14,14,True,not_evaluated_uncalibrated,True
rome-math-n50-opt-6.7b-v1,analysis_out/rome-math-n50-opt-6.7b-v1/plans/opt-6.7b/cases0-49_r01/methods/rome/captures/rome-math-ablation.json,opt-6.7b,opt,development,cases0-49_r01,rome,8,complete,14,True,M1_raw,3,120.5748519897461,34.76287078857422,14,14,True,not_evaluated_uncalibrated,True
rome-math-n50-opt-6.7b-v1,analysis_out/rome-math-n50-opt-6.7b-v1/plans/opt-6.7b/cases0-49_r01/methods/rome/captures/rome-math-ablation.json,opt-6.7b,opt,development,cases0-49_r01,rome,9,complete,14,True,M0,3,0.012274709530174732,0.000311373732984066,14,3,True,not_evaluated_uncalibrated,True
rome-math-n50-opt-6.7b-v1,analysis_out/rome-math-n50-opt-6.7b-v1/plans/opt-6.7b/cases0-49_r01/methods/rome/captures/rome-math-ablation.json,opt-6.7b,opt,development,cases0-49_r01,rome,9,complete,14,True,M1,3,0.007717981934547424,0.0020199972204864025,14,3,True,not_evaluated_uncalibrated,True
rome-math-n50-opt-6.7b-v1,analysis_out/rome-math-n50-opt-6.7b-v1/plans/opt-6.7b/cases0-49_r01/methods/rome/captures/rome-math-ablation.json,opt-6.7b,opt,development,cases0-49_r01,rome,9,complete,14,True,M2,14,1.8579957727296132,0.5691261044372138,14,3,True,not_evaluated_uncalibrated,True
rome-math-n50-opt-6.7b-v1,analysis_out/rome-math-n50-opt-6.7b-v1/plans/opt-6.7b/cases0-49_r01/methods/rome/captures/rome-math-ablation.json,opt-6.7b,opt,development,cases0-49_r01,rome,9,complete,14,True,M3,14,2.862227439880371,0.9140373468399048,14,3,True,not_evaluated_uncalibrated,True
rome-math-n50-opt-6.7b-v1,analysis_out/rome-math-n50-opt-6.7b-v1/plans/opt-6.7b/cases0-49_r01/methods/rome/captures/rome-math-ablation.json,opt-6.7b,opt,development,cases0-49_r01,rome,9,complete,14,True,M0_raw,28,246.9446258544922,7.9267578125,14,3,True,not_evaluated_uncalibrated,True
rome-math-n50-opt-6.7b-v1,analysis_out/rome-math-n50-opt-6.7b-v1/plans/opt-6.7b/cases0-49_r01/methods/rome/captures/rome-math-ablation.json,opt-6.7b,opt,development,cases0-49_r01,rome,9,complete,14,True,M1_raw,3,120.5748519897461,34.76287078857422,14,3,True,not_evaluated_uncalibrated,True
rome-math-n50-opt-6.7b-v1,analysis_out/rome-math-n50-opt-6.7b-v1/plans/opt-6.7b/cases0-49_r01/methods/rome/captures/rome-math-ablation.json,opt-6.7b,opt,development,cases0-49_r01,rome,10,complete,14,True,M0,3,0.012274709530174732,0.0002808142453432083,14,14,True,not_evaluated_uncalibrated,True
rome-math-n50-opt-6.7b-v1,analysis_out/rome-math-n50-opt-6.7b-v1/plans/opt-6.7b/cases0-49_r01/methods/rome/captures/rome-math-ablation.json,opt-6.7b,opt,development,cases0-49_r01,rome,10,complete,14,True,M1,3,0.007717981934547424,0.0020199972204864025,14,14,True,not_evaluated_uncalibrated,True
rome-math-n50-opt-6.7b-v1,analysis_out/rome-math-n50-opt-6.7b-v1/plans/opt-6.7b/cases0-49_r01/methods/rome/captures/rome-math-ablation.json,opt-6.7b,opt,development,cases0-49_r01,rome,10,complete,14,True,M2,14,2.152720849713471,0.8633678141442436,14,14,True,not_evaluated_uncalibrated,True
rome-math-n50-opt-6.7b-v1,analysis_out/rome-math-n50-opt-6.7b-v1/plans/opt-6.7b/cases0-49_r01/methods/rome/captures/rome-math-ablation.json,opt-6.7b,opt,development,cases0-49_r01,rome,10,complete,14,True,M3,14,7.228300094604492,5.28097939491272,14,14,True,not_evaluated_uncalibrated,True
rome-math-n50-opt-6.7b-v1,analysis_out/rome-math-n50-opt-6.7b-v1/plans/opt-6.7b/cases0-49_r01/methods/rome/captures/rome-math-ablation.json,opt-6.7b,opt,development,cases0-49_r01,rome,10,complete,14,True,M0_raw,28,246.9446258544922,7.9267578125,14,14,True,not_evaluated_uncalibrated,True
rome-math-n50-opt-6.7b-v1,analysis_out/rome-math-n50-opt-6.7b-v1/plans/opt-6.7b/cases0-49_r01/methods/rome/captures/rome-math-ablation.json,opt-6.7b,opt,development,cases0-49_r01,rome,10,complete,14,True,M1_raw,3,120.5748519897461,34.76287078857422,14,14,True,not_evaluated_uncalibrated,True
rome-math-n50-opt-6.7b-v1,analysis_out/rome-math-n50-opt-6.7b-v1/plans/opt-6.7b/cases0-49_r01/methods/rome/captures/rome-math-ablation.json,opt-6.7b,opt,development,cases0-49_r01,rome,11,complete,14,True,M0,3,0.012274709530174732,0.0003094887360930443,14,3,True,not_evaluated_uncalibrated,True
rome-math-n50-opt-6.7b-v1,analysis_out/rome-math-n50-opt-6.7b-v1/plans/opt-6.7b/cases0-49_r01/methods/rome/captures/rome-math-ablation.json,opt-6.7b,opt,development,cases0-49_r01,rome,11,complete,14,True,M1,3,0.007717981934547424,0.0020199972204864025,14,3,True,not_evaluated_uncalibrated,True
rome-math-n50-opt-6.7b-v1,analysis_out/rome-math-n50-opt-6.7b-v1/plans/opt-6.7b/cases0-49_r01/methods/rome/captures/rome-math-ablation.json,opt-6.7b,opt,development,cases0-49_r01,rome,11,complete,14,True,M2,14,1.7651672699873544,0.4763066181796103,14,3,True,not_evaluated_uncalibrated,True
rome-math-n50-opt-6.7b-v1,analysis_out/rome-math-n50-opt-6.7b-v1/plans/opt-6.7b/cases0-49_r01/methods/rome/captures/rome-math-ablation.json,opt-6.7b,opt,development,cases0-49_r01,rome,11,complete,14,True,M3,14,2.392465829849243,0.4441310167312622,14,3,True,not_evaluated_uncalibrated,True
rome-math-n50-opt-6.7b-v1,analysis_out/rome-math-n50-opt-6.7b-v1/plans/opt-6.7b/cases0-49_r01/methods/rome/captures/rome-math-ablation.json,opt-6.7b,opt,development,cases0-49_r01,rome,11,complete,14,True,M0_raw,28,246.9446258544922,7.9267578125,14,3,True,not_evaluated_uncalibrated,True
rome-math-n50-opt-6.7b-v1,analysis_out/rome-math-n50-opt-6.7b-v1/plans/opt-6.7b/cases0-49_r01/methods/rome/captures/rome-math-ablation.json,opt-6.7b,opt,development,cases0-49_r01,rome,11,complete,14,True,M1_raw,3,120.5748519897461,34.76287078857422,14,3,True,not_evaluated_uncalibrated,True
rome-math-n50-opt-6.7b-v1,analysis_out/rome-math-n50-opt-6.7b-v1/plans/opt-6.7b/cases0-49_r01/methods/rome/captures/rome-math-ablation.json,opt-6.7b,opt,development,cases0-49_r01,rome,12,complete,14,True,M0,3,0.012274709530174732,0.00030238181352615356,14,3,True,not_evaluated_uncalibrated,True
rome-math-n50-opt-6.7b-v1,analysis_out/rome-math-n50-opt-6.7b-v1/plans/opt-6.7b/cases0-49_r01/methods/rome/captures/rome-math-ablation.json,opt-6.7b,opt,development,cases0-49_r01,rome,12,complete,14,True,M1,3,0.007717981934547424,0.0020199972204864025,14,3,True,not_evaluated_uncalibrated,True
rome-math-n50-opt-6.7b-v1,analysis_out/rome-math-n50-opt-6.7b-v1/plans/opt-6.7b/cases0-49_r01/methods/rome/captures/rome-math-ablation.json,opt-6.7b,opt,development,cases0-49_r01,rome,12,complete,14,True,M2,14,1.9766901265459043,0.6882868816124921,14,3,True,not_evaluated_uncalibrated,True
rome-math-n50-opt-6.7b-v1,analysis_out/rome-math-n50-opt-6.7b-v1/plans/opt-6.7b/cases0-49_r01/methods/rome/captures/rome-math-ablation.json,opt-6.7b,opt,development,cases0-49_r01,rome,12,complete,14,True,M3,14,4.314149379730225,2.375840663909912,14,3,True,not_evaluated_uncalibrated,True
rome-math-n50-opt-6.7b-v1,analysis_out/rome-math-n50-opt-6.7b-v1/plans/opt-6.7b/cases0-49_r01/methods/rome/captures/rome-math-ablation.json,opt-6.7b,opt,development,cases0-49_r01,rome,12,complete,14,True,M0_raw,28,246.9446258544922,7.9267578125,14,3,True,not_evaluated_uncalibrated,True
rome-math-n50-opt-6.7b-v1,analysis_out/rome-math-n50-opt-6.7b-v1/plans/opt-6.7b/cases0-49_r01/methods/rome/captures/rome-math-ablation.json,opt-6.7b,opt,development,cases0-49_r01,rome,12,complete,14,True,M1_raw,3,120.5748519897461,34.76287078857422,14,3,True,not_evaluated_uncalibrated,True
rome-math-n50-opt-6.7b-v1,analysis_out/rome-math-n50-opt-6.7b-v1/plans/opt-6.7b/cases0-49_r01/methods/rome/captures/rome-math-ablation.json,opt-6.7b,opt,development,cases0-49_r01,rome,14,complete,14,True,M0,3,0.012274709530174732,0.00031067337840795517,14,3,True,not_evaluated_uncalibrated,True
rome-math-n50-opt-6.7b-v1,analysis_out/rome-math-n50-opt-6.7b-v1/plans/opt-6.7b/cases0-49_r01/methods/rome/captures/rome-math-ablation.json,opt-6.7b,opt,development,cases0-49_r01,rome,14,complete,14,True,M1,3,0.007717981934547424,0.0020199972204864025,14,3,True,not_evaluated_uncalibrated,True
rome-math-n50-opt-6.7b-v1,analysis_out/rome-math-n50-opt-6.7b-v1/plans/opt-6.7b/cases0-49_r01/methods/rome/captures/rome-math-ablation.json,opt-6.7b,opt,development,cases0-49_r01,rome,14,complete,14,True,M2,14,1.8837263823428363,0.5941901646956305,14,3,True,not_evaluated_uncalibrated,True
rome-math-n50-opt-6.7b-v1,analysis_out/rome-math-n50-opt-6.7b-v1/plans/opt-6.7b/cases0-49_r01/methods/rome/captures/rome-math-ablation.json,opt-6.7b,opt,development,cases0-49_r01,rome,14,complete,14,True,M3,14,4.429663181304932,2.4782835245132446,14,3,True,not_evaluated_uncalibrated,True
rome-math-n50-opt-6.7b-v1,analysis_out/rome-math-n50-opt-6.7b-v1/plans/opt-6.7b/cases0-49_r01/methods/rome/captures/rome-math-ablation.json,opt-6.7b,opt,development,cases0-49_r01,rome,14,complete,14,True,M0_raw,28,246.9446258544922,7.9267578125,14,3,True,not_evaluated_uncalibrated,True
rome-math-n50-opt-6.7b-v1,analysis_out/rome-math-n50-opt-6.7b-v1/plans/opt-6.7b/cases0-49_r01/methods/rome/captures/rome-math-ablation.json,opt-6.7b,opt,development,cases0-49_r01,rome,14,complete,14,True,M1_raw,3,120.5748519897461,34.76287078857422,14,3,True,not_evaluated_uncalibrated,True
rome-math-n50-opt-6.7b-v1,analysis_out/rome-math-n50-opt-6.7b-v1/plans/opt-6.7b/cases0-49_r01/methods/rome/captures/rome-math-ablation.json,opt-6.7b,opt,development,cases0-49_r01,rome,15,complete,14,True,M0,3,0.012274709530174732,0.0002848943695425987,14,14,True,not_evaluated_uncalibrated,True
rome-math-n50-opt-6.7b-v1,analysis_out/rome-math-n50-opt-6.7b-v1/plans/opt-6.7b/cases0-49_r01/methods/rome/captures/rome-math-ablation.json,opt-6.7b,opt,development,cases0-49_r01,rome,15,complete,14,True,M1,3,0.007717981934547424,0.0020199972204864025,14,14,True,not_evaluated_uncalibrated,True
rome-math-n50-opt-6.7b-v1,analysis_out/rome-math-n50-opt-6.7b-v1/plans/opt-6.7b/cases0-49_r01/methods/rome/captures/rome-math-ablation.json,opt-6.7b,opt,development,cases0-49_r01,rome,15,complete,14,True,M2,14,2.121494547913189,0.831287666177001,14,14,True,not_evaluated_uncalibrated,True
rome-math-n50-opt-6.7b-v1,analysis_out/rome-math-n50-opt-6.7b-v1/plans/opt-6.7b/cases0-49_r01/methods/rome/captures/rome-math-ablation.json,opt-6.7b,opt,development,cases0-49_r01,rome,15,complete,14,True,M3,14,6.614236831665039,4.660318732261658,14,14,True,not_evaluated_uncalibrated,True
rome-math-n50-opt-6.7b-v1,analysis_out/rome-math-n50-opt-6.7b-v1/plans/opt-6.7b/cases0-49_r01/methods/rome/captures/rome-math-ablation.json,opt-6.7b,opt,development,cases0-49_r01,rome,15,complete,14,True,M0_raw,28,246.9446258544922,7.9267578125,14,14,True,not_evaluated_uncalibrated,True
rome-math-n50-opt-6.7b-v1,analysis_out/rome-math-n50-opt-6.7b-v1/plans/opt-6.7b/cases0-49_r01/methods/rome/captures/rome-math-ablation.json,opt-6.7b,opt,development,cases0-49_r01,rome,15,complete,14,True,M1_raw,3,120.5748519897461,34.76287078857422,14,14,True,not_evaluated_uncalibrated,True
rome-math-n50-opt-6.7b-v1,analysis_out/rome-math-n50-opt-6.7b-v1/plans/opt-6.7b/cases0-49_r01/methods/rome/captures/rome-math-ablation.json,opt-6.7b,opt,development,cases0-49_r01,rome,16,complete,14,True,M0,3,0.012274709530174732,0.000303913839161396,14,14,True,not_evaluated_uncalibrated,True
rome-math-n50-opt-6.7b-v1,analysis_out/rome-math-n50-opt-6.7b-v1/plans/opt-6.7b/cases0-49_r01/methods/rome/captures/rome-math-ablation.json,opt-6.7b,opt,development,cases0-49_r01,rome,16,complete,14,True,M1,3,0.007717981934547424,0.0020199972204864025,14,14,True,not_evaluated_uncalibrated,True
rome-math-n50-opt-6.7b-v1,analysis_out/rome-math-n50-opt-6.7b-v1/plans/opt-6.7b/cases0-49_r01/methods/rome/captures/rome-math-ablation.json,opt-6.7b,opt,development,cases0-49_r01,rome,16,complete,14,True,M2,14,1.95760246040791,0.6682208344588487,14,14,True,not_evaluated_uncalibrated,True
rome-math-n50-opt-6.7b-v1,analysis_out/rome-math-n50-opt-6.7b-v1/plans/opt-6.7b/cases0-49_r01/methods/rome/captures/rome-math-ablation.json,opt-6.7b,opt,development,cases0-49_r01,rome,16,complete,14,True,M3,14,5.632913589477539,3.684435725212097,14,14,True,not_evaluated_uncalibrated,True
rome-math-n50-opt-6.7b-v1,analysis_out/rome-math-n50-opt-6.7b-v1/plans/opt-6.7b/cases0-49_r01/methods/rome/captures/rome-math-ablation.json,opt-6.7b,opt,development,cases0-49_r01,rome,16,complete,14,True,M0_raw,28,246.9446258544922,7.9267578125,14,14,True,not_evaluated_uncalibrated,True
rome-math-n50-opt-6.7b-v1,analysis_out/rome-math-n50-opt-6.7b-v1/plans/opt-6.7b/cases0-49_r01/methods/rome/captures/rome-math-ablation.json,opt-6.7b,opt,development,cases0-49_r01,rome,16,complete,14,True,M1_raw,3,120.5748519897461,34.76287078857422,14,14,True,not_evaluated_uncalibrated,True
rome-math-n50-opt-6.7b-v1,analysis_out/rome-math-n50-opt-6.7b-v1/plans/opt-6.7b/cases0-49_r01/methods/rome/captures/rome-math-ablation.json,opt-6.7b,opt,development,cases0-49_r01,rome,17,complete,14,True,M0,3,0.012274709530174732,0.00030282046645879745,14,14,True,not_evaluated_uncalibrated,True
rome-math-n50-opt-6.7b-v1,analysis_out/rome-math-n50-opt-6.7b-v1/plans/opt-6.7b/cases0-49_r01/methods/rome/captures/rome-math-ablation.json,opt-6.7b,opt,development,cases0-49_r01,rome,17,complete,14,True,M1,3,0.007717981934547424,0.0020199972204864025,14,14,True,not_evaluated_uncalibrated,True
rome-math-n50-opt-6.7b-v1,analysis_out/rome-math-n50-opt-6.7b-v1/plans/opt-6.7b/cases0-49_r01/methods/rome/captures/rome-math-ablation.json,opt-6.7b,opt,development,cases0-49_r01,rome,17,complete,14,True,M2,14,1.9759045008412128,0.686594985949248,14,14,True,not_evaluated_uncalibrated,True
rome-math-n50-opt-6.7b-v1,analysis_out/rome-math-n50-opt-6.7b-v1/plans/opt-6.7b/cases0-49_r01/methods/rome/captures/rome-math-ablation.json,opt-6.7b,opt,development,cases0-49_r01,rome,17,complete,14,True,M3,14,5.3739213943481445,3.4290319681167603,14,14,True,not_evaluated_uncalibrated,True
rome-math-n50-opt-6.7b-v1,analysis_out/rome-math-n50-opt-6.7b-v1/plans/opt-6.7b/cases0-49_r01/methods/rome/captures/rome-math-ablation.json,opt-6.7b,opt,development,cases0-49_r01,rome,17,complete,14,True,M0_raw,28,246.9446258544922,7.9267578125,14,14,True,not_evaluated_uncalibrated,True
rome-math-n50-opt-6.7b-v1,analysis_out/rome-math-n50-opt-6.7b-v1/plans/opt-6.7b/cases0-49_r01/methods/rome/captures/rome-math-ablation.json,opt-6.7b,opt,development,cases0-49_r01,rome,17,complete,14,True,M1_raw,3,120.5748519897461,34.76287078857422,14,14,True,not_evaluated_uncalibrated,True
rome-math-n50-opt-6.7b-v1,analysis_out/rome-math-n50-opt-6.7b-v1/plans/opt-6.7b/cases0-49_r01/methods/rome/captures/rome-math-ablation.json,opt-6.7b,opt,development,cases0-49_r01,rome,19,complete,14,True,M0,3,0.012274709530174732,0.00029472168534994125,14,3,True,not_evaluated_uncalibrated,True
rome-math-n50-opt-6.7b-v1,analysis_out/rome-math-n50-opt-6.7b-v1/plans/opt-6.7b/cases0-49_r01/methods/rome/captures/rome-math-ablation.json,opt-6.7b,opt,development,cases0-49_r01,rome,19,complete,14,True,M1,3,0.007717981934547424,0.0020199972204864025,14,3,True,not_evaluated_uncalibrated,True
rome-math-n50-opt-6.7b-v1,analysis_out/rome-math-n50-opt-6.7b-v1/plans/opt-6.7b/cases0-49_r01/methods/rome/captures/rome-math-ablation.json,opt-6.7b,opt,development,cases0-49_r01,rome,19,complete,14,True,M2,14,2.0075249559592656,0.7174263450462846,14,3,True,not_evaluated_uncalibrated,True
rome-math-n50-opt-6.7b-v1,analysis_out/rome-math-n50-opt-6.7b-v1/plans/opt-6.7b/cases0-49_r01/methods/rome/captures/rome-math-ablation.json,opt-6.7b,opt,development,cases0-49_r01,rome,19,complete,14,True,M3,14,4.038759708404541,2.0902644395828247,14,3,True,not_evaluated_uncalibrated,True
rome-math-n50-opt-6.7b-v1,analysis_out/rome-math-n50-opt-6.7b-v1/plans/opt-6.7b/cases0-49_r01/methods/rome/captures/rome-math-ablation.json,opt-6.7b,opt,development,cases0-49_r01,rome,19,complete,14,True,M0_raw,28,246.9446258544922,7.9267578125,14,3,True,not_evaluated_uncalibrated,True
rome-math-n50-opt-6.7b-v1,analysis_out/rome-math-n50-opt-6.7b-v1/plans/opt-6.7b/cases0-49_r01/methods/rome/captures/rome-math-ablation.json,opt-6.7b,opt,development,cases0-49_r01,rome,19,complete,14,True,M1_raw,3,120.5748519897461,34.76287078857422,14,3,True,not_evaluated_uncalibrated,True
rome-math-n50-opt-6.7b-v1,analysis_out/rome-math-n50-opt-6.7b-v1/plans/opt-6.7b/cases0-49_r01/methods/rome/captures/rome-math-ablation.json,opt-6.7b,opt,development,cases0-49_r01,rome,20,complete,14,True,M0,3,0.012274709530174732,0.00027008727192878723,14,14,True,not_evaluated_uncalibrated,True
rome-math-n50-opt-6.7b-v1,analysis_out/rome-math-n50-opt-6.7b-v1/plans/opt-6.7b/cases0-49_r01/methods/rome/captures/rome-math-ablation.json,opt-6.7b,opt,development,cases0-49_r01,rome,20,complete,14,True,M1,3,0.007717981934547424,0.0020199972204864025,14,14,True,not_evaluated_uncalibrated,True
rome-math-n50-opt-6.7b-v1,analysis_out/rome-math-n50-opt-6.7b-v1/plans/opt-6.7b/cases0-49_r01/methods/rome/captures/rome-math-ablation.json,opt-6.7b,opt,development,cases0-49_r01,rome,20,complete,14,True,M2,14,2.2555822148214615,0.9657224259852901,14,14,True,not_evaluated_uncalibrated,True
rome-math-n50-opt-6.7b-v1,analysis_out/rome-math-n50-opt-6.7b-v1/plans/opt-6.7b/cases0-49_r01/methods/rome/captures/rome-math-ablation.json,opt-6.7b,opt,development,cases0-49_r01,rome,20,complete,14,True,M3,14,7.315969467163086,5.369371771812439,14,14,True,not_evaluated_uncalibrated,True
rome-math-n50-opt-6.7b-v1,analysis_out/rome-math-n50-opt-6.7b-v1/plans/opt-6.7b/cases0-49_r01/methods/rome/captures/rome-math-ablation.json,opt-6.7b,opt,development,cases0-49_r01,rome,20,complete,14,True,M0_raw,28,246.9446258544922,7.9267578125,14,14,True,not_evaluated_uncalibrated,True
rome-math-n50-opt-6.7b-v1,analysis_out/rome-math-n50-opt-6.7b-v1/plans/opt-6.7b/cases0-49_r01/methods/rome/captures/rome-math-ablation.json,opt-6.7b,opt,development,cases0-49_r01,rome,20,complete,14,True,M1_raw,3,120.5748519897461,34.76287078857422,14,14,True,not_evaluated_uncalibrated,True
rome-math-n50-opt-6.7b-v1,analysis_out/rome-math-n50-opt-6.7b-v1/plans/opt-6.7b/cases0-49_r01/methods/rome/captures/rome-math-ablation.json,opt-6.7b,opt,development,cases0-49_r01,rome,21,complete,14,True,M0,3,0.012274709530174732,0.0002894764766097069,14,14,True,not_evaluated_uncalibrated,True
rome-math-n50-opt-6.7b-v1,analysis_out/rome-math-n50-opt-6.7b-v1/plans/opt-6.7b/cases0-49_r01/methods/rome/captures/rome-math-ablation.json,opt-6.7b,opt,development,cases0-49_r01,rome,21,complete,14,True,M1,3,0.007717981934547424,0.0020199972204864025,14,14,True,not_evaluated_uncalibrated,True
rome-math-n50-opt-6.7b-v1,analysis_out/rome-math-n50-opt-6.7b-v1/plans/opt-6.7b/cases0-49_r01/methods/rome/captures/rome-math-ablation.json,opt-6.7b,opt,development,cases0-49_r01,rome,21,complete,14,True,M2,14,2.072364401545616,0.7826085393568865,14,14,True,not_evaluated_uncalibrated,True
rome-math-n50-opt-6.7b-v1,analysis_out/rome-math-n50-opt-6.7b-v1/plans/opt-6.7b/cases0-49_r01/methods/rome/captures/rome-math-ablation.json,opt-6.7b,opt,development,cases0-49_r01,rome,21,complete,14,True,M3,14,6.433565616607666,4.489232420921326,14,14,True,not_evaluated_uncalibrated,True
rome-math-n50-opt-6.7b-v1,analysis_out/rome-math-n50-opt-6.7b-v1/plans/opt-6.7b/cases0-49_r01/methods/rome/captures/rome-math-ablation.json,opt-6.7b,opt,development,cases0-49_r01,rome,21,complete,14,True,M0_raw,28,246.9446258544922,7.9267578125,14,14,True,not_evaluated_uncalibrated,True
rome-math-n50-opt-6.7b-v1,analysis_out/rome-math-n50-opt-6.7b-v1/plans/opt-6.7b/cases0-49_r01/methods/rome/captures/rome-math-ablation.json,opt-6.7b,opt,development,cases0-49_r01,rome,21,complete,14,True,M1_raw,3,120.5748519897461,34.76287078857422,14,14,True,not_evaluated_uncalibrated,True
rome-math-n50-opt-6.7b-v1,analysis_out/rome-math-n50-opt-6.7b-v1/plans/opt-6.7b/cases0-49_r01/methods/rome/captures/rome-math-ablation.json,opt-6.7b,opt,development,cases0-49_r01,rome,22,complete,14,True,M0,3,0.012274709530174732,0.0002924306318163872,14,3,True,not_evaluated_uncalibrated,True
rome-math-n50-opt-6.7b-v1,analysis_out/rome-math-n50-opt-6.7b-v1/plans/opt-6.7b/cases0-49_r01/methods/rome/captures/rome-math-ablation.json,opt-6.7b,opt,development,cases0-49_r01,rome,22,complete,14,True,M1,3,0.007717981934547424,0.0020199972204864025,14,3,True,not_evaluated_uncalibrated,True
rome-math-n50-opt-6.7b-v1,analysis_out/rome-math-n50-opt-6.7b-v1/plans/opt-6.7b/cases0-49_r01/methods/rome/captures/rome-math-ablation.json,opt-6.7b,opt,development,cases0-49_r01,rome,22,complete,14,True,M2,14,2.054999762389985,0.7662146894454853,14,3,True,not_evaluated_uncalibrated,True
rome-math-n50-opt-6.7b-v1,analysis_out/rome-math-n50-opt-6.7b-v1/plans/opt-6.7b/cases0-49_r01/methods/rome/captures/rome-math-ablation.json,opt-6.7b,opt,development,cases0-49_r01,rome,22,complete,14,True,M3,14,2.1574323177337646,0.212945818901062,14,3,True,not_evaluated_uncalibrated,True
rome-math-n50-opt-6.7b-v1,analysis_out/rome-math-n50-opt-6.7b-v1/plans/opt-6.7b/cases0-49_r01/methods/rome/captures/rome-math-ablation.json,opt-6.7b,opt,development,cases0-49_r01,rome,22,complete,14,True,M0_raw,28,246.9446258544922,7.9267578125,14,3,True,not_evaluated_uncalibrated,True
rome-math-n50-opt-6.7b-v1,analysis_out/rome-math-n50-opt-6.7b-v1/plans/opt-6.7b/cases0-49_r01/methods/rome/captures/rome-math-ablation.json,opt-6.7b,opt,development,cases0-49_r01,rome,22,complete,14,True,M1_raw,3,120.5748519897461,34.76287078857422,14,3,True,not_evaluated_uncalibrated,True
rome-math-n50-opt-6.7b-v1,analysis_out/rome-math-n50-opt-6.7b-v1/plans/opt-6.7b/cases0-49_r01/methods/rome/captures/rome-math-ablation.json,opt-6.7b,opt,development,cases0-49_r01,rome,23,complete,14,True,M0,3,0.012274709530174732,0.00030961353331804276,14,3,True,not_evaluated_uncalibrated,True
rome-math-n50-opt-6.7b-v1,analysis_out/rome-math-n50-opt-6.7b-v1/plans/opt-6.7b/cases0-49_r01/methods/rome/captures/rome-math-ablation.json,opt-6.7b,opt,development,cases0-49_r01,rome,23,complete,14,True,M1,3,0.007717981934547424,0.0020199972204864025,14,3,True,not_evaluated_uncalibrated,True
rome-math-n50-opt-6.7b-v1,analysis_out/rome-math-n50-opt-6.7b-v1/plans/opt-6.7b/cases0-49_r01/methods/rome/captures/rome-math-ablation.json,opt-6.7b,opt,development,cases0-49_r01,rome,23,complete,14,True,M2,14,1.9103272243663887,0.62135201824729,14,3,True,not_evaluated_uncalibrated,True
rome-math-n50-opt-6.7b-v1,analysis_out/rome-math-n50-opt-6.7b-v1/plans/opt-6.7b/cases0-49_r01/methods/rome/captures/rome-math-ablation.json,opt-6.7b,opt,development,cases0-49_r01,rome,23,complete,14,True,M3,14,3.7801284790039062,1.835231065750122,14,3,True,not_evaluated_uncalibrated,True
rome-math-n50-opt-6.7b-v1,analysis_out/rome-math-n50-opt-6.7b-v1/plans/opt-6.7b/cases0-49_r01/methods/rome/captures/rome-math-ablation.json,opt-6.7b,opt,development,cases0-49_r01,rome,23,complete,14,True,M0_raw,28,246.9446258544922,7.9267578125,14,3,True,not_evaluated_uncalibrated,True
rome-math-n50-opt-6.7b-v1,analysis_out/rome-math-n50-opt-6.7b-v1/plans/opt-6.7b/cases0-49_r01/methods/rome/captures/rome-math-ablation.json,opt-6.7b,opt,development,cases0-49_r01,rome,23,complete,14,True,M1_raw,3,120.5748519897461,34.76287078857422,14,3,True,not_evaluated_uncalibrated,True
rome-math-n50-opt-6.7b-v1,analysis_out/rome-math-n50-opt-6.7b-v1/plans/opt-6.7b/cases0-49_r01/methods/rome/captures/rome-math-ablation.json,opt-6.7b,opt,development,cases0-49_r01,rome,24,complete,14,True,M0,3,0.012274709530174732,0.00030150730162858963,14,14,True,not_evaluated_uncalibrated,True
rome-math-n50-opt-6.7b-v1,analysis_out/rome-math-n50-opt-6.7b-v1/plans/opt-6.7b/cases0-49_r01/methods/rome/captures/rome-math-ablation.json,opt-6.7b,opt,development,cases0-49_r01,rome,24,complete,14,True,M1,3,0.007717981934547424,0.0020199972204864025,14,14,True,not_evaluated_uncalibrated,True
rome-math-n50-opt-6.7b-v1,analysis_out/rome-math-n50-opt-6.7b-v1/plans/opt-6.7b/cases0-49_r01/methods/rome/captures/rome-math-ablation.json,opt-6.7b,opt,development,cases0-49_r01,rome,24,complete,14,True,M2,14,1.979632380049217,0.6901701378415617,14,14,True,not_evaluated_uncalibrated,True
rome-math-n50-opt-6.7b-v1,analysis_out/rome-math-n50-opt-6.7b-v1/plans/opt-6.7b/cases0-49_r01/methods/rome/captures/rome-math-ablation.json,opt-6.7b,opt,development,cases0-49_r01,rome,24,complete,14,True,M3,14,5.226150035858154,3.2882027626037598,14,14,True,not_evaluated_uncalibrated,True
rome-math-n50-opt-6.7b-v1,analysis_out/rome-math-n50-opt-6.7b-v1/plans/opt-6.7b/cases0-49_r01/methods/rome/captures/rome-math-ablation.json,opt-6.7b,opt,development,cases0-49_r01,rome,24,complete,14,True,M0_raw,28,246.9446258544922,7.9267578125,14,14,True,not_evaluated_uncalibrated,True
rome-math-n50-opt-6.7b-v1,analysis_out/rome-math-n50-opt-6.7b-v1/plans/opt-6.7b/cases0-49_r01/methods/rome/captures/rome-math-ablation.json,opt-6.7b,opt,development,cases0-49_r01,rome,24,complete,14,True,M1_raw,3,120.5748519897461,34.76287078857422,14,14,True,not_evaluated_uncalibrated,True
rome-math-n50-opt-6.7b-v1,analysis_out/rome-math-n50-opt-6.7b-v1/plans/opt-6.7b/cases0-49_r01/methods/rome/captures/rome-math-ablation.json,opt-6.7b,opt,development,cases0-49_r01,rome,25,complete,14,True,M0,3,0.012274709530174732,0.00028622522950172424,14,14,True,not_evaluated_uncalibrated,True
rome-math-n50-opt-6.7b-v1,analysis_out/rome-math-n50-opt-6.7b-v1/plans/opt-6.7b/cases0-49_r01/methods/rome/captures/rome-math-ablation.json,opt-6.7b,opt,development,cases0-49_r01,rome,25,complete,14,True,M1,3,0.007717981934547424,0.0020199972204864025,14,14,True,not_evaluated_uncalibrated,True
rome-math-n50-opt-6.7b-v1,analysis_out/rome-math-n50-opt-6.7b-v1/plans/opt-6.7b/cases0-49_r01/methods/rome/captures/rome-math-ablation.json,opt-6.7b,opt,development,cases0-49_r01,rome,25,complete,14,True,M2,14,2.1205662794109457,0.8329457816862902,14,14,True,not_evaluated_uncalibrated,True
rome-math-n50-opt-6.7b-v1,analysis_out/rome-math-n50-opt-6.7b-v1/plans/opt-6.7b/cases0-49_r01/methods/rome/captures/rome-math-ablation.json,opt-6.7b,opt,development,cases0-49_r01,rome,25,complete,14,True,M3,14,6.851650238037109,4.921024441719055,14,14,True,not_evaluated_uncalibrated,True
rome-math-n50-opt-6.7b-v1,analysis_out/rome-math-n50-opt-6.7b-v1/plans/opt-6.7b/cases0-49_r01/methods/rome/captures/rome-math-ablation.json,opt-6.7b,opt,development,cases0-49_r01,rome,25,complete,14,True,M0_raw,28,246.9446258544922,7.9267578125,14,14,True,not_evaluated_uncalibrated,True
rome-math-n50-opt-6.7b-v1,analysis_out/rome-math-n50-opt-6.7b-v1/plans/opt-6.7b/cases0-49_r01/methods/rome/captures/rome-math-ablation.json,opt-6.7b,opt,development,cases0-49_r01,rome,25,complete,14,True,M1_raw,3,120.5748519897461,34.76287078857422,14,14,True,not_evaluated_uncalibrated,True
rome-math-n50-opt-6.7b-v1,analysis_out/rome-math-n50-opt-6.7b-v1/plans/opt-6.7b/cases0-49_r01/methods/rome/captures/rome-math-ablation.json,opt-6.7b,opt,development,cases0-49_r01,rome,26,complete,14,True,M0,3,0.012274709530174732,0.00029298197478055954,14,14,True,not_evaluated_uncalibrated,True
rome-math-n50-opt-6.7b-v1,analysis_out/rome-math-n50-opt-6.7b-v1/plans/opt-6.7b/cases0-49_r01/methods/rome/captures/rome-math-ablation.json,opt-6.7b,opt,development,cases0-49_r01,rome,26,complete,14,True,M1,3,0.007717981934547424,0.0020199972204864025,14,14,True,not_evaluated_uncalibrated,True
rome-math-n50-opt-6.7b-v1,analysis_out/rome-math-n50-opt-6.7b-v1/plans/opt-6.7b/cases0-49_r01/methods/rome/captures/rome-math-ablation.json,opt-6.7b,opt,development,cases0-49_r01,rome,26,complete,14,True,M2,14,2.0491137630042,0.7598516235250818,14,14,True,not_evaluated_uncalibrated,True
rome-math-n50-opt-6.7b-v1,analysis_out/rome-math-n50-opt-6.7b-v1/plans/opt-6.7b/cases0-49_r01/methods/rome/captures/rome-math-ablation.json,opt-6.7b,opt,development,cases0-49_r01,rome,26,complete,14,True,M3,14,5.18648624420166,3.2454323768615723,14,14,True,not_evaluated_uncalibrated,True
rome-math-n50-opt-6.7b-v1,analysis_out/rome-math-n50-opt-6.7b-v1/plans/opt-6.7b/cases0-49_r01/methods/rome/captures/rome-math-ablation.json,opt-6.7b,opt,development,cases0-49_r01,rome,26,complete,14,True,M0_raw,28,246.9446258544922,7.9267578125,14,14,True,not_evaluated_uncalibrated,True
rome-math-n50-opt-6.7b-v1,analysis_out/rome-math-n50-opt-6.7b-v1/plans/opt-6.7b/cases0-49_r01/methods/rome/captures/rome-math-ablation.json,opt-6.7b,opt,development,cases0-49_r01,rome,26,complete,14,True,M1_raw,3,120.5748519897461,34.76287078857422,14,14,True,not_evaluated_uncalibrated,True
rome-math-n50-opt-6.7b-v1,analysis_out/rome-math-n50-opt-6.7b-v1/plans/opt-6.7b/cases0-49_r01/methods/rome/captures/rome-math-ablation.json,opt-6.7b,opt,development,cases0-49_r01,rome,27,complete,14,True,M0,3,0.012274709530174732,0.000314236618578434,14,3,True,not_evaluated_uncalibrated,True
rome-math-n50-opt-6.7b-v1,analysis_out/rome-math-n50-opt-6.7b-v1/plans/opt-6.7b/cases0-49_r01/methods/rome/captures/rome-math-ablation.json,opt-6.7b,opt,development,cases0-49_r01,rome,27,complete,14,True,M1,3,0.007717981934547424,0.0020199972204864025,14,3,True,not_evaluated_uncalibrated,True
rome-math-n50-opt-6.7b-v1,analysis_out/rome-math-n50-opt-6.7b-v1/plans/opt-6.7b/cases0-49_r01/methods/rome/captures/rome-math-ablation.json,opt-6.7b,opt,development,cases0-49_r01,rome,27,complete,14,True,M2,14,1.6606761266463452,0.37161778162505055,14,3,True,not_evaluated_uncalibrated,True
rome-math-n50-opt-6.7b-v1,analysis_out/rome-math-n50-opt-6.7b-v1/plans/opt-6.7b/cases0-49_r01/methods/rome/captures/rome-math-ablation.json,opt-6.7b,opt,development,cases0-49_r01,rome,27,complete,14,True,M3,14,2.4569756984710693,0.5128012895584106,14,3,True,not_evaluated_uncalibrated,True
rome-math-n50-opt-6.7b-v1,analysis_out/rome-math-n50-opt-6.7b-v1/plans/opt-6.7b/cases0-49_r01/methods/rome/captures/rome-math-ablation.json,opt-6.7b,opt,development,cases0-49_r01,rome,27,complete,14,True,M0_raw,28,246.9446258544922,7.9267578125,14,3,True,not_evaluated_uncalibrated,True
rome-math-n50-opt-6.7b-v1,analysis_out/rome-math-n50-opt-6.7b-v1/plans/opt-6.7b/cases0-49_r01/methods/rome/captures/rome-math-ablation.json,opt-6.7b,opt,development,cases0-49_r01,rome,27,complete,14,True,M1_raw,3,120.5748519897461,34.76287078857422,14,3,True,not_evaluated_uncalibrated,True
rome-math-n50-opt-6.7b-v1,analysis_out/rome-math-n50-opt-6.7b-v1/plans/opt-6.7b/cases0-49_r01/methods/rome/captures/rome-math-ablation.json,opt-6.7b,opt,development,cases0-49_r01,rome,28,complete,14,True,M0,3,0.012274709530174732,0.00029870588332414627,14,14,True,not_evaluated_uncalibrated,True
rome-math-n50-opt-6.7b-v1,analysis_out/rome-math-n50-opt-6.7b-v1/plans/opt-6.7b/cases0-49_r01/methods/rome/captures/rome-math-ablation.json,opt-6.7b,opt,development,cases0-49_r01,rome,28,complete,14,True,M1,3,0.007717981934547424,0.0020199972204864025,14,14,True,not_evaluated_uncalibrated,True
rome-math-n50-opt-6.7b-v1,analysis_out/rome-math-n50-opt-6.7b-v1/plans/opt-6.7b/cases0-49_r01/methods/rome/captures/rome-math-ablation.json,opt-6.7b,opt,development,cases0-49_r01,rome,28,complete,14,True,M2,14,2.0125503350653022,0.7234458000922046,14,14,True,not_evaluated_uncalibrated,True
rome-math-n50-opt-6.7b-v1,analysis_out/rome-math-n50-opt-6.7b-v1/plans/opt-6.7b/cases0-49_r01/methods/rome/captures/rome-math-ablation.json,opt-6.7b,opt,development,cases0-49_r01,rome,28,complete,14,True,M3,14,5.74267578125,3.7957767248153687,14,14,True,not_evaluated_uncalibrated,True
rome-math-n50-opt-6.7b-v1,analysis_out/rome-math-n50-opt-6.7b-v1/plans/opt-6.7b/cases0-49_r01/methods/rome/captures/rome-math-ablation.json,opt-6.7b,opt,development,cases0-49_r01,rome,28,complete,14,True,M0_raw,28,246.9446258544922,7.9267578125,14,14,True,not_evaluated_uncalibrated,True
rome-math-n50-opt-6.7b-v1,analysis_out/rome-math-n50-opt-6.7b-v1/plans/opt-6.7b/cases0-49_r01/methods/rome/captures/rome-math-ablation.json,opt-6.7b,opt,development,cases0-49_r01,rome,28,complete,14,True,M1_raw,3,120.5748519897461,34.76287078857422,14,14,True,not_evaluated_uncalibrated,True
rome-math-n50-opt-6.7b-v1,analysis_out/rome-math-n50-opt-6.7b-v1/plans/opt-6.7b/cases0-49_r01/methods/rome/captures/rome-math-ablation.json,opt-6.7b,opt,development,cases0-49_r01,rome,29,complete,14,True,M0,3,0.012274709530174732,0.0003028782084584236,14,3,True,not_evaluated_uncalibrated,True
rome-math-n50-opt-6.7b-v1,analysis_out/rome-math-n50-opt-6.7b-v1/plans/opt-6.7b/cases0-49_r01/methods/rome/captures/rome-math-ablation.json,opt-6.7b,opt,development,cases0-49_r01,rome,29,complete,14,True,M1,3,0.007717981934547424,0.0020199972204864025,14,3,True,not_evaluated_uncalibrated,True
rome-math-n50-opt-6.7b-v1,analysis_out/rome-math-n50-opt-6.7b-v1/plans/opt-6.7b/cases0-49_r01/methods/rome/captures/rome-math-ablation.json,opt-6.7b,opt,development,cases0-49_r01,rome,29,complete,14,True,M2,14,1.9706945433323166,0.6812628426131087,14,3,True,not_evaluated_uncalibrated,True
rome-math-n50-opt-6.7b-v1,analysis_out/rome-math-n50-opt-6.7b-v1/plans/opt-6.7b/cases0-49_r01/methods/rome/captures/rome-math-ablation.json,opt-6.7b,opt,development,cases0-49_r01,rome,29,complete,14,True,M3,14,4.803289413452148,2.857069969177246,14,3,True,not_evaluated_uncalibrated,True
rome-math-n50-opt-6.7b-v1,analysis_out/rome-math-n50-opt-6.7b-v1/plans/opt-6.7b/cases0-49_r01/methods/rome/captures/rome-math-ablation.json,opt-6.7b,opt,development,cases0-49_r01,rome,29,complete,14,True,M0_raw,28,246.9446258544922,7.9267578125,14,3,True,not_evaluated_uncalibrated,True
rome-math-n50-opt-6.7b-v1,analysis_out/rome-math-n50-opt-6.7b-v1/plans/opt-6.7b/cases0-49_r01/methods/rome/captures/rome-math-ablation.json,opt-6.7b,opt,development,cases0-49_r01,rome,29,complete,14,True,M1_raw,3,120.5748519897461,34.76287078857422,14,3,True,not_evaluated_uncalibrated,True
rome-math-n50-opt-6.7b-v1,analysis_out/rome-math-n50-opt-6.7b-v1/plans/opt-6.7b/cases0-49_r01/methods/rome/captures/rome-math-ablation.json,opt-6.7b,opt,development,cases0-49_r01,rome,30,complete,14,True,M0,3,0.012274709530174732,0.0003048572689294815,14,3,True,not_evaluated_uncalibrated,True
rome-math-n50-opt-6.7b-v1,analysis_out/rome-math-n50-opt-6.7b-v1/plans/opt-6.7b/cases0-49_r01/methods/rome/captures/rome-math-ablation.json,opt-6.7b,opt,development,cases0-49_r01,rome,30,complete,14,True,M1,3,0.007717981934547424,0.0020199972204864025,14,3,True,not_evaluated_uncalibrated,True
rome-math-n50-opt-6.7b-v1,analysis_out/rome-math-n50-opt-6.7b-v1/plans/opt-6.7b/cases0-49_r01/methods/rome/captures/rome-math-ablation.json,opt-6.7b,opt,development,cases0-49_r01,rome,30,complete,14,True,M2,14,1.9398610464713673,0.650475147773176,14,3,True,not_evaluated_uncalibrated,True
rome-math-n50-opt-6.7b-v1,analysis_out/rome-math-n50-opt-6.7b-v1/plans/opt-6.7b/cases0-49_r01/methods/rome/captures/rome-math-ablation.json,opt-6.7b,opt,development,cases0-49_r01,rome,30,complete,14,True,M3,14,4.803476810455322,2.8566218614578247,14,3,True,not_evaluated_uncalibrated,True
rome-math-n50-opt-6.7b-v1,analysis_out/rome-math-n50-opt-6.7b-v1/plans/opt-6.7b/cases0-49_r01/methods/rome/captures/rome-math-ablation.json,opt-6.7b,opt,development,cases0-49_r01,rome,30,complete,14,True,M0_raw,28,246.9446258544922,7.9267578125,14,3,True,not_evaluated_uncalibrated,True
rome-math-n50-opt-6.7b-v1,analysis_out/rome-math-n50-opt-6.7b-v1/plans/opt-6.7b/cases0-49_r01/methods/rome/captures/rome-math-ablation.json,opt-6.7b,opt,development,cases0-49_r01,rome,30,complete,14,True,M1_raw,3,120.5748519897461,34.76287078857422,14,3,True,not_evaluated_uncalibrated,True
rome-math-n50-opt-6.7b-v1,analysis_out/rome-math-n50-opt-6.7b-v1/plans/opt-6.7b/cases0-49_r01/methods/rome/captures/rome-math-ablation.json,opt-6.7b,opt,development,cases0-49_r01,rome,31,complete,14,True,M0,3,0.012274709530174732,0.0002025766298174858,14,14,True,not_evaluated_uncalibrated,True
rome-math-n50-opt-6.7b-v1,analysis_out/rome-math-n50-opt-6.7b-v1/plans/opt-6.7b/cases0-49_r01/methods/rome/captures/rome-math-ablation.json,opt-6.7b,opt,development,cases0-49_r01,rome,31,complete,14,True,M1,3,0.007717981934547424,0.0020199972204864025,14,14,True,not_evaluated_uncalibrated,True
rome-math-n50-opt-6.7b-v1,analysis_out/rome-math-n50-opt-6.7b-v1/plans/opt-6.7b/cases0-49_r01/methods/rome/captures/rome-math-ablation.json,opt-6.7b,opt,development,cases0-49_r01,rome,31,complete,14,True,M2,14,2.7221752483466366,1.4317425649124347,14,14,True,not_evaluated_uncalibrated,True
rome-math-n50-opt-6.7b-v1,analysis_out/rome-math-n50-opt-6.7b-v1/plans/opt-6.7b/cases0-49_r01/methods/rome/captures/rome-math-ablation.json,opt-6.7b,opt,development,cases0-49_r01,rome,31,complete,14,True,M3,14,8.549480438232422,6.610807776451111,14,14,True,not_evaluated_uncalibrated,True
rome-math-n50-opt-6.7b-v1,analysis_out/rome-math-n50-opt-6.7b-v1/plans/opt-6.7b/cases0-49_r01/methods/rome/captures/rome-math-ablation.json,opt-6.7b,opt,development,cases0-49_r01,rome,31,complete,14,True,M0_raw,28,246.9446258544922,7.9267578125,14,14,True,not_evaluated_uncalibrated,True
rome-math-n50-opt-6.7b-v1,analysis_out/rome-math-n50-opt-6.7b-v1/plans/opt-6.7b/cases0-49_r01/methods/rome/captures/rome-math-ablation.json,opt-6.7b,opt,development,cases0-49_r01,rome,31,complete,14,True,M1_raw,3,120.5748519897461,34.76287078857422,14,14,True,not_evaluated_uncalibrated,True
rome-math-n50-opt-6.7b-v1,analysis_out/rome-math-n50-opt-6.7b-v1/plans/opt-6.7b/cases0-49_r01/methods/rome/captures/rome-math-ablation.json,opt-6.7b,opt,development,cases0-49_r01,rome,32,complete,14,True,M0,3,0.012274709530174732,0.00030477438122034073,14,3,True,not_evaluated_uncalibrated,True
rome-math-n50-opt-6.7b-v1,analysis_out/rome-math-n50-opt-6.7b-v1/plans/opt-6.7b/cases0-49_r01/methods/rome/captures/rome-math-ablation.json,opt-6.7b,opt,development,cases0-49_r01,rome,32,complete,14,True,M1,3,0.007717981934547424,0.0020199972204864025,14,3,True,not_evaluated_uncalibrated,True
rome-math-n50-opt-6.7b-v1,analysis_out/rome-math-n50-opt-6.7b-v1/plans/opt-6.7b/cases0-49_r01/methods/rome/captures/rome-math-ablation.json,opt-6.7b,opt,development,cases0-49_r01,rome,32,complete,14,True,M2,14,1.9446801267392766,0.6551881856565298,14,3,True,not_evaluated_uncalibrated,True
rome-math-n50-opt-6.7b-v1,analysis_out/rome-math-n50-opt-6.7b-v1/plans/opt-6.7b/cases0-49_r01/methods/rome/captures/rome-math-ablation.json,opt-6.7b,opt,development,cases0-49_r01,rome,32,complete,14,True,M3,14,4.663747787475586,2.714516758918762,14,3,True,not_evaluated_uncalibrated,True
rome-math-n50-opt-6.7b-v1,analysis_out/rome-math-n50-opt-6.7b-v1/plans/opt-6.7b/cases0-49_r01/methods/rome/captures/rome-math-ablation.json,opt-6.7b,opt,development,cases0-49_r01,rome,32,complete,14,True,M0_raw,28,246.9446258544922,7.9267578125,14,3,True,not_evaluated_uncalibrated,True
rome-math-n50-opt-6.7b-v1,analysis_out/rome-math-n50-opt-6.7b-v1/plans/opt-6.7b/cases0-49_r01/methods/rome/captures/rome-math-ablation.json,opt-6.7b,opt,development,cases0-49_r01,rome,32,complete,14,True,M1_raw,3,120.5748519897461,34.76287078857422,14,3,True,not_evaluated_uncalibrated,True
rome-math-n50-opt-6.7b-v1,analysis_out/rome-math-n50-opt-6.7b-v1/plans/opt-6.7b/cases0-49_r01/methods/rome/captures/rome-math-ablation.json,opt-6.7b,opt,development,cases0-49_r01,rome,33,complete,14,True,M0,3,0.012274709530174732,0.00029427558183670044,14,3,True,not_evaluated_uncalibrated,True
rome-math-n50-opt-6.7b-v1,analysis_out/rome-math-n50-opt-6.7b-v1/plans/opt-6.7b/cases0-49_r01/methods/rome/captures/rome-math-ablation.json,opt-6.7b,opt,development,cases0-49_r01,rome,33,complete,14,True,M1,3,0.007717981934547424,0.0020199972204864025,14,3,True,not_evaluated_uncalibrated,True
rome-math-n50-opt-6.7b-v1,analysis_out/rome-math-n50-opt-6.7b-v1/plans/opt-6.7b/cases0-49_r01/methods/rome/captures/rome-math-ablation.json,opt-6.7b,opt,development,cases0-49_r01,rome,33,complete,14,True,M2,14,2.051779632763678,0.7626201845090308,14,3,True,not_evaluated_uncalibrated,True
rome-math-n50-opt-6.7b-v1,analysis_out/rome-math-n50-opt-6.7b-v1/plans/opt-6.7b/cases0-49_r01/methods/rome/captures/rome-math-ablation.json,opt-6.7b,opt,development,cases0-49_r01,rome,33,complete,14,True,M3,14,4.664187431335449,2.7125927209854126,14,3,True,not_evaluated_uncalibrated,True
rome-math-n50-opt-6.7b-v1,analysis_out/rome-math-n50-opt-6.7b-v1/plans/opt-6.7b/cases0-49_r01/methods/rome/captures/rome-math-ablation.json,opt-6.7b,opt,development,cases0-49_r01,rome,33,complete,14,True,M0_raw,28,246.9446258544922,7.9267578125,14,3,True,not_evaluated_uncalibrated,True
rome-math-n50-opt-6.7b-v1,analysis_out/rome-math-n50-opt-6.7b-v1/plans/opt-6.7b/cases0-49_r01/methods/rome/captures/rome-math-ablation.json,opt-6.7b,opt,development,cases0-49_r01,rome,33,complete,14,True,M1_raw,3,120.5748519897461,34.76287078857422,14,3,True,not_evaluated_uncalibrated,True
rome-math-n50-opt-6.7b-v1,analysis_out/rome-math-n50-opt-6.7b-v1/plans/opt-6.7b/cases0-49_r01/methods/rome/captures/rome-math-ablation.json,opt-6.7b,opt,development,cases0-49_r01,rome,34,complete,14,True,M0,3,0.012274709530174732,0.0002981368452310562,14,14,True,not_evaluated_uncalibrated,True
rome-math-n50-opt-6.7b-v1,analysis_out/rome-math-n50-opt-6.7b-v1/plans/opt-6.7b/cases0-49_r01/methods/rome/captures/rome-math-ablation.json,opt-6.7b,opt,development,cases0-49_r01,rome,34,complete,14,True,M1,3,0.007717981934547424,0.0020199972204864025,14,14,True,not_evaluated_uncalibrated,True
rome-math-n50-opt-6.7b-v1,analysis_out/rome-math-n50-opt-6.7b-v1/plans/opt-6.7b/cases0-49_r01/methods/rome/captures/rome-math-ablation.json,opt-6.7b,opt,development,cases0-49_r01,rome,34,complete,14,True,M2,14,2.0071128789023973,0.7171958017100872,14,14,True,not_evaluated_uncalibrated,True
rome-math-n50-opt-6.7b-v1,analysis_out/rome-math-n50-opt-6.7b-v1/plans/opt-6.7b/cases0-49_r01/methods/rome/captures/rome-math-ablation.json,opt-6.7b,opt,development,cases0-49_r01,rome,34,complete,14,True,M3,14,5.726594924926758,3.771770477294922,14,14,True,not_evaluated_uncalibrated,True
rome-math-n50-opt-6.7b-v1,analysis_out/rome-math-n50-opt-6.7b-v1/plans/opt-6.7b/cases0-49_r01/methods/rome/captures/rome-math-ablation.json,opt-6.7b,opt,development,cases0-49_r01,rome,34,complete,14,True,M0_raw,28,246.9446258544922,7.9267578125,14,14,True,not_evaluated_uncalibrated,True
rome-math-n50-opt-6.7b-v1,analysis_out/rome-math-n50-opt-6.7b-v1/plans/opt-6.7b/cases0-49_r01/methods/rome/captures/rome-math-ablation.json,opt-6.7b,opt,development,cases0-49_r01,rome,34,complete,14,True,M1_raw,3,120.5748519897461,34.76287078857422,14,14,True,not_evaluated_uncalibrated,True
rome-math-n50-opt-6.7b-v1,analysis_out/rome-math-n50-opt-6.7b-v1/plans/opt-6.7b/cases0-49_r01/methods/rome/captures/rome-math-ablation.json,opt-6.7b,opt,development,cases0-49_r01,rome,35,complete,14,True,M0,3,0.012274709530174732,0.0003024321049451828,14,3,True,not_evaluated_uncalibrated,True
rome-math-n50-opt-6.7b-v1,analysis_out/rome-math-n50-opt-6.7b-v1/plans/opt-6.7b/cases0-49_r01/methods/rome/captures/rome-math-ablation.json,opt-6.7b,opt,development,cases0-49_r01,rome,35,complete,14,True,M1,3,0.007717981934547424,0.0020199972204864025,14,3,True,not_evaluated_uncalibrated,True
rome-math-n50-opt-6.7b-v1,analysis_out/rome-math-n50-opt-6.7b-v1/plans/opt-6.7b/cases0-49_r01/methods/rome/captures/rome-math-ablation.json,opt-6.7b,opt,development,cases0-49_r01,rome,35,complete,14,True,M2,14,1.9586254212276872,0.6690102602268106,14,3,True,not_evaluated_uncalibrated,True
rome-math-n50-opt-6.7b-v1,analysis_out/rome-math-n50-opt-6.7b-v1/plans/opt-6.7b/cases0-49_r01/methods/rome/captures/rome-math-ablation.json,opt-6.7b,opt,development,cases0-49_r01,rome,35,complete,14,True,M3,14,4.989704608917236,3.0480023622512817,14,3,True,not_evaluated_uncalibrated,True
rome-math-n50-opt-6.7b-v1,analysis_out/rome-math-n50-opt-6.7b-v1/plans/opt-6.7b/cases0-49_r01/methods/rome/captures/rome-math-ablation.json,opt-6.7b,opt,development,cases0-49_r01,rome,35,complete,14,True,M0_raw,28,246.9446258544922,7.9267578125,14,3,True,not_evaluated_uncalibrated,True
rome-math-n50-opt-6.7b-v1,analysis_out/rome-math-n50-opt-6.7b-v1/plans/opt-6.7b/cases0-49_r01/methods/rome/captures/rome-math-ablation.json,opt-6.7b,opt,development,cases0-49_r01,rome,35,complete,14,True,M1_raw,3,120.5748519897461,34.76287078857422,14,3,True,not_evaluated_uncalibrated,True
rome-math-n50-opt-6.7b-v1,analysis_out/rome-math-n50-opt-6.7b-v1/plans/opt-6.7b/cases0-49_r01/methods/rome/captures/rome-math-ablation.json,opt-6.7b,opt,development,cases0-49_r01,rome,36,complete,14,True,M0,3,0.012274709530174732,0.000302361324429512,14,3,True,not_evaluated_uncalibrated,True
rome-math-n50-opt-6.7b-v1,analysis_out/rome-math-n50-opt-6.7b-v1/plans/opt-6.7b/cases0-49_r01/methods/rome/captures/rome-math-ablation.json,opt-6.7b,opt,development,cases0-49_r01,rome,36,complete,14,True,M1,3,0.007717981934547424,0.0020199972204864025,14,3,True,not_evaluated_uncalibrated,True
rome-math-n50-opt-6.7b-v1,analysis_out/rome-math-n50-opt-6.7b-v1/plans/opt-6.7b/cases0-49_r01/methods/rome/captures/rome-math-ablation.json,opt-6.7b,opt,development,cases0-49_r01,rome,36,complete,14,True,M2,14,1.9626403896205094,0.6729285324821837,14,3,True,not_evaluated_uncalibrated,True
rome-math-n50-opt-6.7b-v1,analysis_out/rome-math-n50-opt-6.7b-v1/plans/opt-6.7b/cases0-49_r01/methods/rome/captures/rome-math-ablation.json,opt-6.7b,opt,development,cases0-49_r01,rome,36,complete,14,True,M3,14,2.149498224258423,0.20311188697814941,14,3,True,not_evaluated_uncalibrated,True
rome-math-n50-opt-6.7b-v1,analysis_out/rome-math-n50-opt-6.7b-v1/plans/opt-6.7b/cases0-49_r01/methods/rome/captures/rome-math-ablation.json,opt-6.7b,opt,development,cases0-49_r01,rome,36,complete,14,True,M0_raw,28,246.9446258544922,7.9267578125,14,3,True,not_evaluated_uncalibrated,True
rome-math-n50-opt-6.7b-v1,analysis_out/rome-math-n50-opt-6.7b-v1/plans/opt-6.7b/cases0-49_r01/methods/rome/captures/rome-math-ablation.json,opt-6.7b,opt,development,cases0-49_r01,rome,36,complete,14,True,M1_raw,3,120.5748519897461,34.76287078857422,14,3,True,not_evaluated_uncalibrated,True
rome-math-n50-opt-6.7b-v1,analysis_out/rome-math-n50-opt-6.7b-v1/plans/opt-6.7b/cases0-49_r01/methods/rome/captures/rome-math-ablation.json,opt-6.7b,opt,development,cases0-49_r01,rome,38,complete,14,True,M0,3,0.012274709530174732,0.00028352905064821243,14,14,True,not_evaluated_uncalibrated,True
rome-math-n50-opt-6.7b-v1,analysis_out/rome-math-n50-opt-6.7b-v1/plans/opt-6.7b/cases0-49_r01/methods/rome/captures/rome-math-ablation.json,opt-6.7b,opt,development,cases0-49_r01,rome,38,complete,14,True,M1,3,0.007717981934547424,0.0020199972204864025,14,14,True,not_evaluated_uncalibrated,True
rome-math-n50-opt-6.7b-v1,analysis_out/rome-math-n50-opt-6.7b-v1/plans/opt-6.7b/cases0-49_r01/methods/rome/captures/rome-math-ablation.json,opt-6.7b,opt,development,cases0-49_r01,rome,38,complete,14,True,M2,14,2.1769636344363787,0.8884308557203158,14,14,True,not_evaluated_uncalibrated,True
rome-math-n50-opt-6.7b-v1,analysis_out/rome-math-n50-opt-6.7b-v1/plans/opt-6.7b/cases0-49_r01/methods/rome/captures/rome-math-ablation.json,opt-6.7b,opt,development,cases0-49_r01,rome,38,complete,14,True,M3,14,6.3569536209106445,4.4098933935165405,14,14,True,not_evaluated_uncalibrated,True
rome-math-n50-opt-6.7b-v1,analysis_out/rome-math-n50-opt-6.7b-v1/plans/opt-6.7b/cases0-49_r01/methods/rome/captures/rome-math-ablation.json,opt-6.7b,opt,development,cases0-49_r01,rome,38,complete,14,True,M0_raw,28,246.9446258544922,7.9267578125,14,14,True,not_evaluated_uncalibrated,True
rome-math-n50-opt-6.7b-v1,analysis_out/rome-math-n50-opt-6.7b-v1/plans/opt-6.7b/cases0-49_r01/methods/rome/captures/rome-math-ablation.json,opt-6.7b,opt,development,cases0-49_r01,rome,38,complete,14,True,M1_raw,3,120.5748519897461,34.76287078857422,14,14,True,not_evaluated_uncalibrated,True
rome-math-n50-opt-6.7b-v1,analysis_out/rome-math-n50-opt-6.7b-v1/plans/opt-6.7b/cases0-49_r01/methods/rome/captures/rome-math-ablation.json,opt-6.7b,opt,development,cases0-49_r01,rome,39,complete,14,True,M0,3,0.012274709530174732,0.00028666481375694275,14,14,True,not_evaluated_uncalibrated,True
rome-math-n50-opt-6.7b-v1,analysis_out/rome-math-n50-opt-6.7b-v1/plans/opt-6.7b/cases0-49_r01/methods/rome/captures/rome-math-ablation.json,opt-6.7b,opt,development,cases0-49_r01,rome,39,complete,14,True,M1,3,0.007717981934547424,0.0020199972204864025,14,14,True,not_evaluated_uncalibrated,True
rome-math-n50-opt-6.7b-v1,analysis_out/rome-math-n50-opt-6.7b-v1/plans/opt-6.7b/cases0-49_r01/methods/rome/captures/rome-math-ablation.json,opt-6.7b,opt,development,cases0-49_r01,rome,39,complete,14,True,M2,14,2.12789820338386,0.8403565879406263,14,14,True,not_evaluated_uncalibrated,True
rome-math-n50-opt-6.7b-v1,analysis_out/rome-math-n50-opt-6.7b-v1/plans/opt-6.7b/cases0-49_r01/methods/rome/captures/rome-math-ablation.json,opt-6.7b,opt,development,cases0-49_r01,rome,39,complete,14,True,M3,14,5.901054859161377,3.960902214050293,14,14,True,not_evaluated_uncalibrated,True
rome-math-n50-opt-6.7b-v1,analysis_out/rome-math-n50-opt-6.7b-v1/plans/opt-6.7b/cases0-49_r01/methods/rome/captures/rome-math-ablation.json,opt-6.7b,opt,development,cases0-49_r01,rome,39,complete,14,True,M0_raw,28,246.9446258544922,7.9267578125,14,14,True,not_evaluated_uncalibrated,True
rome-math-n50-opt-6.7b-v1,analysis_out/rome-math-n50-opt-6.7b-v1/plans/opt-6.7b/cases0-49_r01/methods/rome/captures/rome-math-ablation.json,opt-6.7b,opt,development,cases0-49_r01,rome,39,complete,14,True,M1_raw,3,120.5748519897461,34.76287078857422,14,14,True,not_evaluated_uncalibrated,True
rome-math-n50-opt-6.7b-v1,analysis_out/rome-math-n50-opt-6.7b-v1/plans/opt-6.7b/cases0-49_r01/methods/rome/captures/rome-math-ablation.json,opt-6.7b,opt,development,cases0-49_r01,rome,40,complete,14,True,M0,3,0.012274709530174732,0.00030298251658678055,14,3,True,not_evaluated_uncalibrated,True
rome-math-n50-opt-6.7b-v1,analysis_out/rome-math-n50-opt-6.7b-v1/plans/opt-6.7b/cases0-49_r01/methods/rome/captures/rome-math-ablation.json,opt-6.7b,opt,development,cases0-49_r01,rome,40,complete,14,True,M1,3,0.007717981934547424,0.0020199972204864025,14,3,True,not_evaluated_uncalibrated,True
rome-math-n50-opt-6.7b-v1,analysis_out/rome-math-n50-opt-6.7b-v1/plans/opt-6.7b/cases0-49_r01/methods/rome/captures/rome-math-ablation.json,opt-6.7b,opt,development,cases0-49_r01,rome,40,complete,14,True,M2,14,1.9632215356473401,0.6734460182762503,14,3,True,not_evaluated_uncalibrated,True
rome-math-n50-opt-6.7b-v1,analysis_out/rome-math-n50-opt-6.7b-v1/plans/opt-6.7b/cases0-49_r01/methods/rome/captures/rome-math-ablation.json,opt-6.7b,opt,development,cases0-49_r01,rome,40,complete,14,True,M3,14,4.450369358062744,2.498573899269104,14,3,True,not_evaluated_uncalibrated,True
rome-math-n50-opt-6.7b-v1,analysis_out/rome-math-n50-opt-6.7b-v1/plans/opt-6.7b/cases0-49_r01/methods/rome/captures/rome-math-ablation.json,opt-6.7b,opt,development,cases0-49_r01,rome,40,complete,14,True,M0_raw,28,246.9446258544922,7.9267578125,14,3,True,not_evaluated_uncalibrated,True
rome-math-n50-opt-6.7b-v1,analysis_out/rome-math-n50-opt-6.7b-v1/plans/opt-6.7b/cases0-49_r01/methods/rome/captures/rome-math-ablation.json,opt-6.7b,opt,development,cases0-49_r01,rome,40,complete,14,True,M1_raw,3,120.5748519897461,34.76287078857422,14,3,True,not_evaluated_uncalibrated,True
rome-math-n50-opt-6.7b-v1,analysis_out/rome-math-n50-opt-6.7b-v1/plans/opt-6.7b/cases0-49_r01/methods/rome/captures/rome-math-ablation.json,opt-6.7b,opt,development,cases0-49_r01,rome,41,complete,14,True,M0,3,0.012274709530174732,0.00030682608485221863,14,3,True,not_evaluated_uncalibrated,True
rome-math-n50-opt-6.7b-v1,analysis_out/rome-math-n50-opt-6.7b-v1/plans/opt-6.7b/cases0-49_r01/methods/rome/captures/rome-math-ablation.json,opt-6.7b,opt,development,cases0-49_r01,rome,41,complete,14,True,M1,3,0.007717981934547424,0.0020199972204864025,14,3,True,not_evaluated_uncalibrated,True
rome-math-n50-opt-6.7b-v1,analysis_out/rome-math-n50-opt-6.7b-v1/plans/opt-6.7b/cases0-49_r01/methods/rome/captures/rome-math-ablation.json,opt-6.7b,opt,development,cases0-49_r01,rome,41,complete,14,True,M2,14,1.9183295749566445,0.6289929609810485,14,3,True,not_evaluated_uncalibrated,True
rome-math-n50-opt-6.7b-v1,analysis_out/rome-math-n50-opt-6.7b-v1/plans/opt-6.7b/cases0-49_r01/methods/rome/captures/rome-math-ablation.json,opt-6.7b,opt,development,cases0-49_r01,rome,41,complete,14,True,M3,14,4.552155017852783,2.6039626598358154,14,3,True,not_evaluated_uncalibrated,True
rome-math-n50-opt-6.7b-v1,analysis_out/rome-math-n50-opt-6.7b-v1/plans/opt-6.7b/cases0-49_r01/methods/rome/captures/rome-math-ablation.json,opt-6.7b,opt,development,cases0-49_r01,rome,41,complete,14,True,M0_raw,28,246.9446258544922,7.9267578125,14,3,True,not_evaluated_uncalibrated,True
rome-math-n50-opt-6.7b-v1,analysis_out/rome-math-n50-opt-6.7b-v1/plans/opt-6.7b/cases0-49_r01/methods/rome/captures/rome-math-ablation.json,opt-6.7b,opt,development,cases0-49_r01,rome,41,complete,14,True,M1_raw,3,120.5748519897461,34.76287078857422,14,3,True,not_evaluated_uncalibrated,True
rome-math-n50-opt-6.7b-v1,analysis_out/rome-math-n50-opt-6.7b-v1/plans/opt-6.7b/cases0-49_r01/methods/rome/captures/rome-math-ablation.json,opt-6.7b,opt,development,cases0-49_r01,rome,42,complete,14,True,M0,3,0.012274709530174732,0.0003058863803744316,14,3,True,not_evaluated_uncalibrated,True
rome-math-n50-opt-6.7b-v1,analysis_out/rome-math-n50-opt-6.7b-v1/plans/opt-6.7b/cases0-49_r01/methods/rome/captures/rome-math-ablation.json,opt-6.7b,opt,development,cases0-49_r01,rome,42,complete,14,True,M1,3,0.007717981934547424,0.0020199972204864025,14,3,True,not_evaluated_uncalibrated,True
rome-math-n50-opt-6.7b-v1,analysis_out/rome-math-n50-opt-6.7b-v1/plans/opt-6.7b/cases0-49_r01/methods/rome/captures/rome-math-ablation.json,opt-6.7b,opt,development,cases0-49_r01,rome,42,complete,14,True,M2,14,1.9370768178268336,0.64770438815802,14,3,True,not_evaluated_uncalibrated,True
rome-math-n50-opt-6.7b-v1,analysis_out/rome-math-n50-opt-6.7b-v1/plans/opt-6.7b/cases0-49_r01/methods/rome/captures/rome-math-ablation.json,opt-6.7b,opt,development,cases0-49_r01,rome,42,complete,14,True,M3,14,4.613050937652588,2.665692448616028,14,3,True,not_evaluated_uncalibrated,True
rome-math-n50-opt-6.7b-v1,analysis_out/rome-math-n50-opt-6.7b-v1/plans/opt-6.7b/cases0-49_r01/methods/rome/captures/rome-math-ablation.json,opt-6.7b,opt,development,cases0-49_r01,rome,42,complete,14,True,M0_raw,28,246.9446258544922,7.9267578125,14,3,True,not_evaluated_uncalibrated,True
rome-math-n50-opt-6.7b-v1,analysis_out/rome-math-n50-opt-6.7b-v1/plans/opt-6.7b/cases0-49_r01/methods/rome/captures/rome-math-ablation.json,opt-6.7b,opt,development,cases0-49_r01,rome,42,complete,14,True,M1_raw,3,120.5748519897461,34.76287078857422,14,3,True,not_evaluated_uncalibrated,True
rome-math-n50-opt-6.7b-v1,analysis_out/rome-math-n50-opt-6.7b-v1/plans/opt-6.7b/cases0-49_r01/methods/rome/captures/rome-math-ablation.json,opt-6.7b,opt,development,cases0-49_r01,rome,43,complete,14,True,M0,3,0.012274709530174732,0.0002570776268839836,14,14,True,not_evaluated_uncalibrated,True
rome-math-n50-opt-6.7b-v1,analysis_out/rome-math-n50-opt-6.7b-v1/plans/opt-6.7b/cases0-49_r01/methods/rome/captures/rome-math-ablation.json,opt-6.7b,opt,development,cases0-49_r01,rome,43,complete,14,True,M1,3,0.007717981934547424,0.0020199972204864025,14,14,True,not_evaluated_uncalibrated,True
rome-math-n50-opt-6.7b-v1,analysis_out/rome-math-n50-opt-6.7b-v1/plans/opt-6.7b/cases0-49_r01/methods/rome/captures/rome-math-ablation.json,opt-6.7b,opt,development,cases0-49_r01,rome,43,complete,14,True,M2,14,2.3604179517270483,1.0706203056455865,14,14,True,not_evaluated_uncalibrated,True
rome-math-n50-opt-6.7b-v1,analysis_out/rome-math-n50-opt-6.7b-v1/plans/opt-6.7b/cases0-49_r01/methods/rome/captures/rome-math-ablation.json,opt-6.7b,opt,development,cases0-49_r01,rome,43,complete,14,True,M3,14,8.42307186126709,6.478591680526733,14,14,True,not_evaluated_uncalibrated,True
rome-math-n50-opt-6.7b-v1,analysis_out/rome-math-n50-opt-6.7b-v1/plans/opt-6.7b/cases0-49_r01/methods/rome/captures/rome-math-ablation.json,opt-6.7b,opt,development,cases0-49_r01,rome,43,complete,14,True,M0_raw,28,246.9446258544922,7.9267578125,14,14,True,not_evaluated_uncalibrated,True
rome-math-n50-opt-6.7b-v1,analysis_out/rome-math-n50-opt-6.7b-v1/plans/opt-6.7b/cases0-49_r01/methods/rome/captures/rome-math-ablation.json,opt-6.7b,opt,development,cases0-49_r01,rome,43,complete,14,True,M1_raw,3,120.5748519897461,34.76287078857422,14,14,True,not_evaluated_uncalibrated,True
rome-math-n50-opt-6.7b-v1,analysis_out/rome-math-n50-opt-6.7b-v1/plans/opt-6.7b/cases0-49_r01/methods/rome/captures/rome-math-ablation.json,opt-6.7b,opt,development,cases0-49_r01,rome,44,complete,14,True,M0,3,0.012274709530174732,0.0003046449273824692,14,3,True,not_evaluated_uncalibrated,True
rome-math-n50-opt-6.7b-v1,analysis_out/rome-math-n50-opt-6.7b-v1/plans/opt-6.7b/cases0-49_r01/methods/rome/captures/rome-math-ablation.json,opt-6.7b,opt,development,cases0-49_r01,rome,44,complete,14,True,M1,3,0.007717981934547424,0.0020199972204864025,14,3,True,not_evaluated_uncalibrated,True
rome-math-n50-opt-6.7b-v1,analysis_out/rome-math-n50-opt-6.7b-v1/plans/opt-6.7b/cases0-49_r01/methods/rome/captures/rome-math-ablation.json,opt-6.7b,opt,development,cases0-49_r01,rome,44,complete,14,True,M2,14,1.9482657609414582,0.6589985634713056,14,3,True,not_evaluated_uncalibrated,True
rome-math-n50-opt-6.7b-v1,analysis_out/rome-math-n50-opt-6.7b-v1/plans/opt-6.7b/cases0-49_r01/methods/rome/captures/rome-math-ablation.json,opt-6.7b,opt,development,cases0-49_r01,rome,44,complete,14,True,M3,14,5.073115825653076,3.1200294494628906,14,3,True,not_evaluated_uncalibrated,True
rome-math-n50-opt-6.7b-v1,analysis_out/rome-math-n50-opt-6.7b-v1/plans/opt-6.7b/cases0-49_r01/methods/rome/captures/rome-math-ablation.json,opt-6.7b,opt,development,cases0-49_r01,rome,44,complete,14,True,M0_raw,28,246.9446258544922,7.9267578125,14,3,True,not_evaluated_uncalibrated,True
rome-math-n50-opt-6.7b-v1,analysis_out/rome-math-n50-opt-6.7b-v1/plans/opt-6.7b/cases0-49_r01/methods/rome/captures/rome-math-ablation.json,opt-6.7b,opt,development,cases0-49_r01,rome,44,complete,14,True,M1_raw,3,120.5748519897461,34.76287078857422,14,3,True,not_evaluated_uncalibrated,True
rome-math-n50-opt-6.7b-v1,analysis_out/rome-math-n50-opt-6.7b-v1/plans/opt-6.7b/cases0-49_r01/methods/rome/captures/rome-math-ablation.json,opt-6.7b,opt,development,cases0-49_r01,rome,45,complete,14,True,M0,3,0.012274709530174732,0.00031056441366672516,14,3,True,not_evaluated_uncalibrated,True
rome-math-n50-opt-6.7b-v1,analysis_out/rome-math-n50-opt-6.7b-v1/plans/opt-6.7b/cases0-49_r01/methods/rome/captures/rome-math-ablation.json,opt-6.7b,opt,development,cases0-49_r01,rome,45,complete,14,True,M1,3,0.007717981934547424,0.0020199972204864025,14,3,True,not_evaluated_uncalibrated,True
rome-math-n50-opt-6.7b-v1,analysis_out/rome-math-n50-opt-6.7b-v1/plans/opt-6.7b/cases0-49_r01/methods/rome/captures/rome-math-ablation.json,opt-6.7b,opt,development,cases0-49_r01,rome,45,complete,14,True,M2,14,1.8426056671258584,0.5534336154090669,14,3,True,not_evaluated_uncalibrated,True
rome-math-n50-opt-6.7b-v1,analysis_out/rome-math-n50-opt-6.7b-v1/plans/opt-6.7b/cases0-49_r01/methods/rome/captures/rome-math-ablation.json,opt-6.7b,opt,development,cases0-49_r01,rome,45,complete,14,True,M3,14,4.317050457000732,2.3687541484832764,14,3,True,not_evaluated_uncalibrated,True
rome-math-n50-opt-6.7b-v1,analysis_out/rome-math-n50-opt-6.7b-v1/plans/opt-6.7b/cases0-49_r01/methods/rome/captures/rome-math-ablation.json,opt-6.7b,opt,development,cases0-49_r01,rome,45,complete,14,True,M0_raw,28,246.9446258544922,7.9267578125,14,3,True,not_evaluated_uncalibrated,True
rome-math-n50-opt-6.7b-v1,analysis_out/rome-math-n50-opt-6.7b-v1/plans/opt-6.7b/cases0-49_r01/methods/rome/captures/rome-math-ablation.json,opt-6.7b,opt,development,cases0-49_r01,rome,45,complete,14,True,M1_raw,3,120.5748519897461,34.76287078857422,14,3,True,not_evaluated_uncalibrated,True
rome-math-n50-opt-6.7b-v1,analysis_out/rome-math-n50-opt-6.7b-v1/plans/opt-6.7b/cases0-49_r01/methods/rome/captures/rome-math-ablation.json,opt-6.7b,opt,development,cases0-49_r01,rome,46,complete,14,True,M0,3,0.012274709530174732,0.00030675530433654785,14,3,True,not_evaluated_uncalibrated,True
rome-math-n50-opt-6.7b-v1,analysis_out/rome-math-n50-opt-6.7b-v1/plans/opt-6.7b/cases0-49_r01/methods/rome/captures/rome-math-ablation.json,opt-6.7b,opt,development,cases0-49_r01,rome,46,complete,14,True,M1,3,0.007717981934547424,0.0020199972204864025,14,3,True,not_evaluated_uncalibrated,True
rome-math-n50-opt-6.7b-v1,analysis_out/rome-math-n50-opt-6.7b-v1/plans/opt-6.7b/cases0-49_r01/methods/rome/captures/rome-math-ablation.json,opt-6.7b,opt,development,cases0-49_r01,rome,46,complete,14,True,M2,14,1.9281206628554672,0.6382145621097981,14,3,True,not_evaluated_uncalibrated,True
rome-math-n50-opt-6.7b-v1,analysis_out/rome-math-n50-opt-6.7b-v1/plans/opt-6.7b/cases0-49_r01/methods/rome/captures/rome-math-ablation.json,opt-6.7b,opt,development,cases0-49_r01,rome,46,complete,14,True,M3,14,2.008352041244507,0.0609288215637207,14,3,True,not_evaluated_uncalibrated,True
rome-math-n50-opt-6.7b-v1,analysis_out/rome-math-n50-opt-6.7b-v1/plans/opt-6.7b/cases0-49_r01/methods/rome/captures/rome-math-ablation.json,opt-6.7b,opt,development,cases0-49_r01,rome,46,complete,14,True,M0_raw,28,246.9446258544922,7.9267578125,14,3,True,not_evaluated_uncalibrated,True
rome-math-n50-opt-6.7b-v1,analysis_out/rome-math-n50-opt-6.7b-v1/plans/opt-6.7b/cases0-49_r01/methods/rome/captures/rome-math-ablation.json,opt-6.7b,opt,development,cases0-49_r01,rome,46,complete,14,True,M1_raw,3,120.5748519897461,34.76287078857422,14,3,True,not_evaluated_uncalibrated,True
rome-math-n50-opt-6.7b-v1,analysis_out/rome-math-n50-opt-6.7b-v1/plans/opt-6.7b/cases0-49_r01/methods/rome/captures/rome-math-ablation.json,opt-6.7b,opt,development,cases0-49_r01,rome,47,complete,14,True,M0,3,0.012274709530174732,0.0002925749868154526,14,3,True,not_evaluated_uncalibrated,True
rome-math-n50-opt-6.7b-v1,analysis_out/rome-math-n50-opt-6.7b-v1/plans/opt-6.7b/cases0-49_r01/methods/rome/captures/rome-math-ablation.json,opt-6.7b,opt,development,cases0-49_r01,rome,47,complete,14,True,M1,3,0.007717981934547424,0.0020199972204864025,14,3,True,not_evaluated_uncalibrated,True
rome-math-n50-opt-6.7b-v1,analysis_out/rome-math-n50-opt-6.7b-v1/plans/opt-6.7b/cases0-49_r01/methods/rome/captures/rome-math-ablation.json,opt-6.7b,opt,development,cases0-49_r01,rome,47,complete,14,True,M2,14,2.056283635205793,0.766701721860497,14,3,True,not_evaluated_uncalibrated,True
rome-math-n50-opt-6.7b-v1,analysis_out/rome-math-n50-opt-6.7b-v1/plans/opt-6.7b/cases0-49_r01/methods/rome/captures/rome-math-ablation.json,opt-6.7b,opt,development,cases0-49_r01,rome,47,complete,14,True,M3,14,1.989510178565979,0.0578233003616333,14,3,True,not_evaluated_uncalibrated,True
rome-math-n50-opt-6.7b-v1,analysis_out/rome-math-n50-opt-6.7b-v1/plans/opt-6.7b/cases0-49_r01/methods/rome/captures/rome-math-ablation.json,opt-6.7b,opt,development,cases0-49_r01,rome,47,complete,14,True,M0_raw,28,246.9446258544922,7.9267578125,14,3,True,not_evaluated_uncalibrated,True
rome-math-n50-opt-6.7b-v1,analysis_out/rome-math-n50-opt-6.7b-v1/plans/opt-6.7b/cases0-49_r01/methods/rome/captures/rome-math-ablation.json,opt-6.7b,opt,development,cases0-49_r01,rome,47,complete,14,True,M1_raw,3,120.5748519897461,34.76287078857422,14,3,True,not_evaluated_uncalibrated,True
rome-math-n50-opt-6.7b-v1,analysis_out/rome-math-n50-opt-6.7b-v1/plans/opt-6.7b/cases0-49_r01/methods/rome/captures/rome-math-ablation.json,opt-6.7b,opt,development,cases0-49_r01,rome,48,complete,14,True,M0,3,0.012274709530174732,0.00023285485804080963,14,14,True,not_evaluated_uncalibrated,True
rome-math-n50-opt-6.7b-v1,analysis_out/rome-math-n50-opt-6.7b-v1/plans/opt-6.7b/cases0-49_r01/methods/rome/captures/rome-math-ablation.json,opt-6.7b,opt,development,cases0-49_r01,rome,48,complete,14,True,M1,3,0.007717981934547424,0.0020199972204864025,14,14,True,not_evaluated_uncalibrated,True
rome-math-n50-opt-6.7b-v1,analysis_out/rome-math-n50-opt-6.7b-v1/plans/opt-6.7b/cases0-49_r01/methods/rome/captures/rome-math-ablation.json,opt-6.7b,opt,development,cases0-49_r01,rome,48,complete,14,True,M2,14,2.522876629886897,1.2322500266305916,14,14,True,not_evaluated_uncalibrated,True
rome-math-n50-opt-6.7b-v1,analysis_out/rome-math-n50-opt-6.7b-v1/plans/opt-6.7b/cases0-49_r01/methods/rome/captures/rome-math-ablation.json,opt-6.7b,opt,development,cases0-49_r01,rome,48,complete,14,True,M3,14,8.856921195983887,6.927076578140259,14,14,True,not_evaluated_uncalibrated,True
rome-math-n50-opt-6.7b-v1,analysis_out/rome-math-n50-opt-6.7b-v1/plans/opt-6.7b/cases0-49_r01/methods/rome/captures/rome-math-ablation.json,opt-6.7b,opt,development,cases0-49_r01,rome,48,complete,14,True,M0_raw,28,246.9446258544922,7.9267578125,14,14,True,not_evaluated_uncalibrated,True
rome-math-n50-opt-6.7b-v1,analysis_out/rome-math-n50-opt-6.7b-v1/plans/opt-6.7b/cases0-49_r01/methods/rome/captures/rome-math-ablation.json,opt-6.7b,opt,development,cases0-49_r01,rome,48,complete,14,True,M1_raw,3,120.5748519897461,34.76287078857422,14,14,True,not_evaluated_uncalibrated,True
rome-math-n50-opt-6.7b-v1,analysis_out/rome-math-n50-opt-6.7b-v1/plans/opt-6.7b/cases0-49_r01/methods/rome/captures/rome-math-ablation.json,opt-6.7b,opt,development,cases0-49_r01,rome,49,complete,14,True,M0,3,0.012274709530174732,0.0003002239391207695,14,14,True,not_evaluated_uncalibrated,True
rome-math-n50-opt-6.7b-v1,analysis_out/rome-math-n50-opt-6.7b-v1/plans/opt-6.7b/cases0-49_r01/methods/rome/captures/rome-math-ablation.json,opt-6.7b,opt,development,cases0-49_r01,rome,49,complete,14,True,M1,3,0.007717981934547424,0.0020199972204864025,14,14,True,not_evaluated_uncalibrated,True
rome-math-n50-opt-6.7b-v1,analysis_out/rome-math-n50-opt-6.7b-v1/plans/opt-6.7b/cases0-49_r01/methods/rome/captures/rome-math-ablation.json,opt-6.7b,opt,development,cases0-49_r01,rome,49,complete,14,True,M2,14,1.9905828441673692,0.7013712172730782,14,14,True,not_evaluated_uncalibrated,True
rome-math-n50-opt-6.7b-v1,analysis_out/rome-math-n50-opt-6.7b-v1/plans/opt-6.7b/cases0-49_r01/methods/rome/captures/rome-math-ablation.json,opt-6.7b,opt,development,cases0-49_r01,rome,49,complete,14,True,M3,14,4.960359573364258,3.011649250984192,14,14,True,not_evaluated_uncalibrated,True
rome-math-n50-opt-6.7b-v1,analysis_out/rome-math-n50-opt-6.7b-v1/plans/opt-6.7b/cases0-49_r01/methods/rome/captures/rome-math-ablation.json,opt-6.7b,opt,development,cases0-49_r01,rome,49,complete,14,True,M0_raw,28,246.9446258544922,7.9267578125,14,14,True,not_evaluated_uncalibrated,True
rome-math-n50-opt-6.7b-v1,analysis_out/rome-math-n50-opt-6.7b-v1/plans/opt-6.7b/cases0-49_r01/methods/rome/captures/rome-math-ablation.json,opt-6.7b,opt,development,cases0-49_r01,rome,49,complete,14,True,M1_raw,3,120.5748519897461,34.76287078857422,14,14,True,not_evaluated_uncalibrated,True
rome-math-n50-opt-6.7b-v1,analysis_out/rome-math-n50-opt-6.7b-v1/plans/opt-6.7b/cases0-49_r01/methods/rome/captures/rome-math-ablation.json,opt-6.7b,opt,development,cases0-49_r01,rome,50,complete,14,True,M0,3,0.012274709530174732,0.00028076954185962677,14,14,True,not_evaluated_uncalibrated,True
rome-math-n50-opt-6.7b-v1,analysis_out/rome-math-n50-opt-6.7b-v1/plans/opt-6.7b/cases0-49_r01/methods/rome/captures/rome-math-ablation.json,opt-6.7b,opt,development,cases0-49_r01,rome,50,complete,14,True,M1,3,0.007717981934547424,0.0020199972204864025,14,14,True,not_evaluated_uncalibrated,True
rome-math-n50-opt-6.7b-v1,analysis_out/rome-math-n50-opt-6.7b-v1/plans/opt-6.7b/cases0-49_r01/methods/rome/captures/rome-math-ablation.json,opt-6.7b,opt,development,cases0-49_r01,rome,50,complete,14,True,M2,14,2.1657821987701897,0.8771696645355342,14,14,True,not_evaluated_uncalibrated,True
rome-math-n50-opt-6.7b-v1,analysis_out/rome-math-n50-opt-6.7b-v1/plans/opt-6.7b/cases0-49_r01/methods/rome/captures/rome-math-ablation.json,opt-6.7b,opt,development,cases0-49_r01,rome,50,complete,14,True,M3,14,7.486932277679443,5.543890118598938,14,14,True,not_evaluated_uncalibrated,True
rome-math-n50-opt-6.7b-v1,analysis_out/rome-math-n50-opt-6.7b-v1/plans/opt-6.7b/cases0-49_r01/methods/rome/captures/rome-math-ablation.json,opt-6.7b,opt,development,cases0-49_r01,rome,50,complete,14,True,M0_raw,28,246.9446258544922,7.9267578125,14,14,True,not_evaluated_uncalibrated,True
rome-math-n50-opt-6.7b-v1,analysis_out/rome-math-n50-opt-6.7b-v1/plans/opt-6.7b/cases0-49_r01/methods/rome/captures/rome-math-ablation.json,opt-6.7b,opt,development,cases0-49_r01,rome,50,complete,14,True,M1_raw,3,120.5748519897461,34.76287078857422,14,14,True,not_evaluated_uncalibrated,True
rome-math-n50-opt-6.7b-v1,analysis_out/rome-math-n50-opt-6.7b-v1/plans/opt-6.7b/cases0-49_r01/methods/rome/captures/rome-math-ablation.json,opt-6.7b,opt,development,cases0-49_r01,rome,52,complete,14,True,M0,3,0.012274709530174732,0.00030910130590200424,14,3,True,not_evaluated_uncalibrated,True
rome-math-n50-opt-6.7b-v1,analysis_out/rome-math-n50-opt-6.7b-v1/plans/opt-6.7b/cases0-49_r01/methods/rome/captures/rome-math-ablation.json,opt-6.7b,opt,development,cases0-49_r01,rome,52,complete,14,True,M1,3,0.007717981934547424,0.0020199972204864025,14,3,True,not_evaluated_uncalibrated,True
rome-math-n50-opt-6.7b-v1,analysis_out/rome-math-n50-opt-6.7b-v1/plans/opt-6.7b/cases0-49_r01/methods/rome/captures/rome-math-ablation.json,opt-6.7b,opt,development,cases0-49_r01,rome,52,complete,14,True,M2,14,1.849553925374717,0.5603001555894891,14,3,True,not_evaluated_uncalibrated,True
rome-math-n50-opt-6.7b-v1,analysis_out/rome-math-n50-opt-6.7b-v1/plans/opt-6.7b/cases0-49_r01/methods/rome/captures/rome-math-ablation.json,opt-6.7b,opt,development,cases0-49_r01,rome,52,complete,14,True,M3,14,2.230707883834839,0.2815706729888916,14,3,True,not_evaluated_uncalibrated,True
rome-math-n50-opt-6.7b-v1,analysis_out/rome-math-n50-opt-6.7b-v1/plans/opt-6.7b/cases0-49_r01/methods/rome/captures/rome-math-ablation.json,opt-6.7b,opt,development,cases0-49_r01,rome,52,complete,14,True,M0_raw,28,246.9446258544922,7.9267578125,14,3,True,not_evaluated_uncalibrated,True
rome-math-n50-opt-6.7b-v1,analysis_out/rome-math-n50-opt-6.7b-v1/plans/opt-6.7b/cases0-49_r01/methods/rome/captures/rome-math-ablation.json,opt-6.7b,opt,development,cases0-49_r01,rome,52,complete,14,True,M1_raw,3,120.5748519897461,34.76287078857422,14,3,True,not_evaluated_uncalibrated,True
rome-math-n50-opt-6.7b-v1,analysis_out/rome-math-n50-opt-6.7b-v1/plans/opt-6.7b/cases0-49_r01/methods/rome/captures/rome-math-ablation.json,opt-6.7b,opt,development,cases0-49_r01,rome,53,complete,14,True,M0,3,0.012274709530174732,0.0002442477270960808,14,14,True,not_evaluated_uncalibrated,True
rome-math-n50-opt-6.7b-v1,analysis_out/rome-math-n50-opt-6.7b-v1/plans/opt-6.7b/cases0-49_r01/methods/rome/captures/rome-math-ablation.json,opt-6.7b,opt,development,cases0-49_r01,rome,53,complete,14,True,M1,3,0.007717981934547424,0.0020199972204864025,14,14,True,not_evaluated_uncalibrated,True
rome-math-n50-opt-6.7b-v1,analysis_out/rome-math-n50-opt-6.7b-v1/plans/opt-6.7b/cases0-49_r01/methods/rome/captures/rome-math-ablation.json,opt-6.7b,opt,development,cases0-49_r01,rome,53,complete,14,True,M2,14,2.465657183696199,1.1785385201972889,14,14,True,not_evaluated_uncalibrated,True
rome-math-n50-opt-6.7b-v1,analysis_out/rome-math-n50-opt-6.7b-v1/plans/opt-6.7b/cases0-49_r01/methods/rome/captures/rome-math-ablation.json,opt-6.7b,opt,development,cases0-49_r01,rome,53,complete,14,True,M3,14,7.14406681060791,5.230937242507935,14,14,True,not_evaluated_uncalibrated,True
rome-math-n50-opt-6.7b-v1,analysis_out/rome-math-n50-opt-6.7b-v1/plans/opt-6.7b/cases0-49_r01/methods/rome/captures/rome-math-ablation.json,opt-6.7b,opt,development,cases0-49_r01,rome,53,complete,14,True,M0_raw,28,246.9446258544922,7.9267578125,14,14,True,not_evaluated_uncalibrated,True
rome-math-n50-opt-6.7b-v1,analysis_out/rome-math-n50-opt-6.7b-v1/plans/opt-6.7b/cases0-49_r01/methods/rome/captures/rome-math-ablation.json,opt-6.7b,opt,development,cases0-49_r01,rome,53,complete,14,True,M1_raw,3,120.5748519897461,34.76287078857422,14,14,True,not_evaluated_uncalibrated,True
